,umap_1,umap_2,CellType
CTCAGGTACGGTGGAGCT-1_larry1,-1.86236403,0.945183222,GMP
TGACGATGACGCGCACAT-1_larry1,-4.974333978,2.604890649,GMP
GAGCTCTCACGGAAGACG-1_larry1,-3.217242694,1.522422378,GMP
CCGCAATGGTCAGAGTCA-1_larry1,-2.4384341,-5.639212782,MPP4
GATTAGTGTCGCTTGTAG-1_larry1,-5.241365647,2.281486337,GMP
ACTCTAGGACGAATCCTG-1_larry1,5.938702846,1.017551725,MEP
CGAATGAGTACGAATCGC-1_larry1,-1.763716912,1.475969379,GMP
AGCAACATTCAATGTGCT-1_larry1,-3.188196397,-6.15877598,GMP
GTGACTCTCCAGTGCCAT-1_larry1,-3.657721257,0.114510839,GMP
GCTATGTAATATTACAGC-1_larry1,3.875126863,-3.236281331,EryP
AGATCGAGTCTCAGCTGG-1_larry1,-3.74142859,-2.238290722,GMP
CGAGCTTACAACTTCTGC-1_larry1,-6.078667855,-4.236730034,pre/pro-B
CGTATTCCTTATGGTTGG-1_larry1,2.826787496,-2.860482628,MEP
TAGTGATCCCACTGGTCC-1_larry1,3.455450082,-1.479204829,EryP
TCCGATCTGAAGTTCTCT-1_larry1,4.943621898,3.725276296,GMP
ACGAGAGCACCACTTCGC-1_larry1,-3.130018926,0.024361347,MPP4
TAGACCGCATAAGCCATT-1_larry1,-3.380392289,2.713506763,GMP
TGTTACTGAGGAGCTCAA-1_larry1,4.03695395,-6.505560095,EryP
CAGTCTAACGCGATATGA-1_larry1,6.70902946,-1.835901554,MEP
GTCCGCTCAAGTTGCCTT-1_larry1,3.066548371,-3.94070595,EryP
TTAGTCGGATGTATCGTG-1_larry1,-7.234656548,-2.636845524,pre/pro-B
GATTGAGTAGCTACAATG-1_larry1,-1.524327254,0.751993244,GMP
ACAGGAACTGCGATGGTG-1_larry1,-0.960899806,6.309428518,GMP
TTCTGCCGAGCGCTAGAA-1_larry1,1.711471105,-4.456329997,EryP
ACCGCTGTGGGTGAGCGT-1_larry1,2.110460186,-2.684243615,MEP
TTACGCTCGGAGACTCGA-1_larry1,2.836122298,-5.334839041,EryP
AAGGAAGTCAATTGGTGA-1_larry1,5.446607852,2.373032396,MPP4
ACGTCGCTCTGATTGTGC-1_larry1,-1.842460608,-0.584581579,GMP
GAGACTCGAGTGCATCAA-1_larry1,1.951743508,2.090840881,GMP
CAATCTCCGTGATAGAGG-1_larry1,1.504840279,-3.360711272,MEP
CCGAGCTGATTGCGAACA-1_larry1,-2.203307128,0.476763551,GMP
CGACCACTTCCACTTCGC-1_larry1,-5.78151772,-2.986486847,pre/pro-B
GCGACACAGACCACTAGG-1_larry1,-1.086566424,5.543361967,GMP
CTGACGGATATCACTTCC-1_larry1,-1.956594205,-2.114328439,MPP3
TCCGGAGCTCGTCTGTCC-1_larry1,-5.126924252,-1.976893837,pre/pro-B
TCCTCGTCGCGAACAATC-1_larry1,-1.92696116,-5.73236006,MPP3
AACGCATTGCTTATTGAG-1_larry1,-3.953520512,2.484241312,GMP
CAGGAGCCTTACTAGTAG-1_larry1,-1.4313061,-0.160704399,MPP4
CAAGAGAGTGCCGTCTTC-1_larry1,-1.509684539,-1.510957653,MPP3
GTACGAACGAGATCTGAC-1_larry1,5.62962606,2.626245802,GMP
TGCCAATGGCACGCGTAA-1_larry1,-1.002487635,5.703262155,GMP
AAGCTGGTCGTCACAGAG-1_larry1,-0.892478561,-2.486442025,MPP2
TGAGAGGACACGACATCT-1_larry1,5.694176459,-2.022253091,MEP
GTCCTAGTTAGCAAGTCC-1_larry1,-1.310214615,6.61146385,GMP
GAGGACTTAGCACGCATT-1_larry1,-5.580212331,4.915058439,GMP
TGGAGAACCTCGTAGGAA-1_larry1,-1.385146832,5.41307575,GMP
AGAAGTAACGGTGCGTAG-1_larry1,-2.798944688,-0.356138765,MPP4
TCAGGACTGACAAGTACA-1_larry1,-1.850128627,0.277210717,MPP4
AAGCACAACACCATTCAC-1_larry1,0.5446542,-0.450166176,GMP
CTGCTTAGGGGTTGAAGG-1_larry1,-2.352698064,1.281520431,GMP
GCTGAGCAGAGGATTGAG-1_larry1,-1.807278371,-5.997985537,MEP
AGACATCCAATGCTCACC-1_larry1,-1.841458058,0.48629046,GMP
ATTAAGACCCATACGCAG-1_larry1,3.705709005,-3.946188862,EryP
GTAGCATACTGAACGGTT-1_larry1,-2.619195914,2.184016054,GMP
TGGTGCCTGTGGATTAGC-1_larry1,-2.090486502,-2.144247348,MPP3
ACGACAGTCCGCAACCTC-1_larry1,-3.155946231,1.171828096,GMP
CCTCATAACGACTTGATT-1_larry1,-2.04625318,3.069796388,GMP
TCTACATCCGTAGAGAGC-1_larry1,3.910826707,-6.440483267,MEP
ATAGTGGTTACGCGTGAC-1_larry1,-2.775392508,4.233345811,GMP
TTCCTTGACCTCGTTCAC-1_larry1,2.591211939,-5.492480452,MEP
ACTGCTAGTTCTTAAGTG-1_larry1,-6.548323846,-0.636075462,pre/pro-B
TTGAGCTCTAAGCAGCAT-1_larry1,-5.392780042,2.457192247,GMP
GTGGAGGTCACGCTATGT-1_larry1,-6.554289079,-0.631202693,pre/pro-B
ATTAAGACCCGCAGTGTC-1_larry1,-1.189076876,6.519980733,MPP4
TTGAGACGGTCTACAGTT-1_larry1,3.736060167,-2.957736189,EryP
TCGCTTAACCTGAGGTTA-1_larry1,-5.557888722,4.977677171,GMP
TAGACACGTTGAGTGACT-1_larry1,-0.638125992,6.467747037,MPP4
AGACATCCAGGATCAGGT-1_larry1,-5.532764649,1.883749788,GMP
GCGCTACCTCTGGTAATC-1_larry1,-0.751763916,6.260069196,MEP
ATTAGCACAGCCGCCTAA-1_larry1,-2.114680981,2.242008751,GMP
GCACGCATTTATACCACT-1_larry1,-0.699341154,-6.454999144,EryP
TCAGAGCGTGATCGATAC-1_larry1,-0.804832554,5.95429117,GMP
AGGAATTGGTGGATAGGT-1_larry1,-0.589089012,6.220155542,MPP4
TATTCAACGAGCCTCGCA-1_larry1,-1.989034152,2.90316612,GMP
GCCTTCCATACAAGTACA-1_larry1,-0.64252851,-6.531785662,EryP
ACGATGACCCCAGTACTC-1_larry1,1.474622512,4.010680025,GMP
TATCGAGCCTCAGCTCAG-1_larry1,3.835959935,-2.977463181,EryP
TATGTACCTGCGCTACCT-1_larry1,-6.257593846,-0.948077316,pre/pro-B
TGACTGAGAAGTACGAAT-1_larry1,-5.710996842,-2.285854275,pre/pro-B
CAGATCATTTGCGTGCCA-1_larry1,5.05946424,3.34292156,GMP
ATGCTGTCGGGTAATCTA-1_larry1,-1.886951423,1.610561912,GMP
CAACTAATCCTTGCGACC-1_larry1,-2.347969031,3.334969585,GMP
CAACACTCCAGCAGACAA-1_larry1,-1.540671801,2.60361964,GMP
GCGAAGCTCCCTTGCTTG-1_larry1,-2.606520867,2.882147853,GMP
ACTCGCTGTACAAGAATG-1_larry1,5.62642076,-0.365238185,EryP
ATGAGATCCTAATCTGGA-1_larry1,0.655421124,-1.962587769,MEP
GTGTTGGAACACTGTATC-1_larry1,-3.049847102,-5.948284323,GMP
TACAAGAGGGGACTCCTT-1_larry1,5.846697116,-2.756696875,EryP
GCTCCTAGCGTCTTCATA-1_larry1,-2.018432593,-0.884434814,MPP4
TCACCGAGGTGCCTGGTT-1_larry1,5.879596496,0.947652762,MEP
GGAATTCACCCTCTCTAG-1_larry1,-1.694578624,6.118852918,GMP
TGCCATCTCATGCTCACC-1_larry1,-5.810894704,4.715951269,GMP
CATAGTATGGAACGCTGT-1_larry1,-3.137619948,1.30413336,GMP
CCAGATCACCTCCGCATT-1_larry1,2.225071812,-2.390008147,MEP
GCCGTCTTCGTCTCTTCA-1_larry1,-1.040226435,1.741010015,GMP
CAGAAGTGATGCCGAACT-1_larry1,-1.247143245,6.132567232,GMP
GCTACAATGGTCGCAGGT-1_larry1,2.79572537,-5.525738413,MEP
ATCGATCCTCGGAATGCA-1_larry1,2.921120429,-3.611936982,EryP
GTTAGAGACAACGCCTAC-1_larry1,5.957332874,0.042496358,EryP
TGAGTTAAGACTATCCTG-1_larry1,-5.773765778,-3.03058594,pre/pro-B
TCCGGAGCTTGTCATAGC-1_larry1,-3.768514848,-2.098962958,GMP
ACGCTAGTGAGATCTTCA-1_larry1,-6.125056958,-2.534545357,pre/pro-B
AAGTAGGACTAGTTGACG-1_larry1,3.857549215,-3.590880806,EryP
AGACATCCAGATGCTCCT-1_larry1,6.252740646,-2.792101796,EryP
GCTGAGCAGCCATTCTGC-1_larry1,3.949076438,-3.031590159,EryP
CAACCGGTCACCGAGACA-1_larry1,-0.855764007,-0.952916737,MPP4
ATCATTACGTACCGCGTT-1_larry1,-0.096155023,4.107721155,GMP
TGCTATGAAGTGTTCCAG-1_larry1,-1.552020287,5.006668394,GMP
CTCTCGATAAACAGCAGT-1_larry1,-2.986068702,-4.061841662,MkP 1
AGCTATATGTTCTGCCGA-1_larry1,-0.88994441,-2.806535656,HSC/MPP1
ATAATGTGGCTACCTGCG-1_larry1,-2.388818717,-0.82397526,GMP
CAAGAACCGGACCGCTTC-1_larry1,-0.639666056,1.558200305,GMP
TACGAGTGATGGTGGTAA-1_larry1,2.286784434,1.137377088,MPP3
ATCCGGTCCCAGTGCTGC-1_larry1,4.966832423,3.123601739,GMP
CCTGTTAGCTCTACGCAA-1_larry1,5.756418967,-3.059678967,EryP
AGATCTGACCCTAAGAAG-1_larry1,-2.928511357,-6.175730879,GMP
GGAACCTAGACAACGAGC-1_larry1,-4.994467473,-1.719799812,pre/pro-B
GCGCTTCTCATTGGTTCC-1_larry1,-1.178773737,-1.560602124,MPP3
ACTCCTGAGCCTCGGTCA-1_larry1,-1.389564013,5.447142904,GMP
CAGTAATGTCACCTCGGA-1_larry1,-2.097930169,0.98239023,GMP
ATCTCGTGAGTACCTAAC-1_larry1,-3.41434977,-2.531623776,MPP4
AGCATTGTTAAGGAAGTC-1_larry1,5.99434402,-0.454355891,EryP
CCGCAGCTACGCGTGAGA-1_larry1,4.123059058,-6.473397906,EryP
GTCCTTCATCCTAGTTAG-1_larry1,-1.631048655,-6.039972956,MEP
GTAAGTGAGACTACCATC-1_larry1,0.546325097,-0.957358177,MPP4
TAACCGTGACGTTGATCC-1_larry1,1.319459403,3.965354269,GMP
CGATAGGTGTGCTCCTCC-1_larry1,-4.806880212,2.795689409,GMP
CAGATCATTTGATGTGTG-1_larry1,-0.916097736,0.617437725,GMP
CCATGATGTACACTAACG-1_larry1,-1.912104821,2.727315013,GMP
ATTGATTGGTTATCGCAC-1_larry1,2.621276283,-3.005722697,EryP
CCGTCCACTCTAACTAAG-1_larry1,-0.360800719,-2.618544276,MPP3
TTGAGACGGTGATACCGT-1_larry1,-0.885942316,6.625614946,MPP4
GATTAGTGTAAGCTGGTC-1_larry1,-2.940298772,2.028917377,GMP
CACCAAGATGATGTCTAG-1_larry1,3.866154456,-3.084134037,EryP
ATGCAGTTCAGTCAGTTG-1_larry1,3.857123637,-3.130258973,EryP
GAATAAGAGTACATGCAC-1_larry1,-1.890609002,2.728615348,GMP
TATCATGCTACCTGTACC-1_larry1,-2.298014378,1.910714452,GMP
AATGAGTCGACTCTAGGA-1_larry1,1.349168623,3.951942747,GMP
GACGGTGCTCCGATCTCT-1_larry1,-2.923268294,-5.733953173,GMP
CTCAGGTACTGCCATCTC-1_larry1,-1.062707758,5.047632043,GMP
GGATAGTCACCAGCCAAT-1_larry1,-1.000135398,6.650743787,MPP4
AAGTAGGACTAAGCCATT-1_larry1,-2.085235095,-2.188900526,MPP3
TGACCTCCTCCTTGTTGC-1_larry1,-0.547664976,6.5324629,MPP3
GCGTCGTCTATCTGCGTA-1_larry1,5.513570571,3.661238496,GMP
TCCGATAACTGACCTCCT-1_larry1,0.018469894,0.552772408,MPP4
CTGCAGAGCAGTATGACG-1_larry1,-1.211465096,5.171548669,GMP
ACCTCCTAGAATATCGCT-1_larry1,2.913648629,-7.76861685,EryP
AACGCATTGGCCTGGAAT-1_larry1,-1.21537075,6.596557443,MPP4
CAGTAATGTTCCACGTGC-1_larry1,-6.107634282,-4.251738722,pre/pro-B
ACCTGCAGATCTATGACA-1_larry1,-5.048516011,-1.921472843,pre/pro-B
GATGCGGTTCTACGGTAT-1_larry1,-1.15153346,6.51194412,MPP4
CTGAGTCCACAAGCCTCG-1_larry1,6.367288852,-3.108564074,EryP
TACTTCCAGGAGGTCACG-1_larry1,3.354763532,0.149028932,EryP
CGGTGAGTCAAGGTGCTG-1_larry1,-5.407845235,5.00485832,GMP
AAGTTCTCTACCGATCGA-1_larry1,-0.310861862,3.725142782,GMP
CAGCGACGTTGTTGTCGA-1_larry1,2.222870135,-5.631300623,MEP
ACCGAGTAGGATAGTTCT-1_larry1,-2.112107253,3.005398099,GMP
ATGTCCTCCGCCGTCTTC-1_larry1,5.797965312,1.843399828,MEP
CCATTACAGTCGCCAAGC-1_larry1,-1.380218243,5.035510843,GMP
CGCGAGTGTACATTCCAC-1_larry1,-1.52312777,5.464627092,GMP
GAGTCAAGGGTGTTGGAA-1_larry1,-2.84655664,1.988946025,GMP
ATGAGCAGGGCAGGAGAA-1_larry1,5.400275016,3.33432967,GMP
TGTGCAGTAAGATCTTCA-1_larry1,0.782407665,-1.797232325,MEP
CAAGTCACTTTATTCGAC-1_larry1,-1.41386292,5.819481199,GMP
CCACAAGGTGGATAGTCA-1_larry1,-3.602036691,-2.414652045,GMP
ACTGCTAGTACCTGCAGA-1_larry1,-0.045378005,-1.917361314,MPP3
AACAACCTACCTCGGTCA-1_larry1,-1.145857549,3.081869428,GMP
TCATATCGCCGCGATGTA-1_larry1,-2.311113334,-5.734025176,MPP3
CACTTGGATATCAGAAGC-1_larry1,2.882331872,-3.296470816,EryP
CACTACAGGGTTAGTCAA-1_larry1,5.434298301,1.904117172,MPP3
ACGTTCAATTCAAGCGTA-1_larry1,-6.39664576,-0.778952445,pre/pro-B
TTATTCGACCCTAAGTCT-1_larry1,-2.239901042,-2.102087672,GMP
GCATACATGCCGTTAGAC-1_larry1,5.635657573,2.676441495,GMP
GTGCTCTTGTGCGCACTG-1_larry1,-6.578759408,-0.923539932,pre/pro-B
GAACGCTGTATGAGATCC-1_larry1,-0.854353285,5.575097864,GMP
AATCAGGAGTCCTTAGGT-1_larry1,3.800903106,-6.517907793,MEP
CCTGTCGACTAGGATTAG-1_larry1,-0.103435969,-0.434923719,GMP
TATACCACTAAGTAGGAC-1_larry1,5.589512134,3.278162782,GMP
GACGTAGCACCACTTCGC-1_larry1,2.258882785,-3.432937558,MEP
GATTAGACACGGAAGACG-1_larry1,-1.675392604,5.309738462,GMP
CGAACAATCTTCATCCAA-1_larry1,-1.821854329,2.981842105,GMP
TGCGTAATCGGTGCGTAG-1_larry1,-1.483545756,5.122142141,GMP
CCTTCCTCAAGACGCTAT-1_larry1,0.8073596,-1.27969342,MPP4
CTTCCGTGGTTCATTCGC-1_larry1,1.857593322,-4.40728348,EryP
CCGTCAGGTAACGAGAAT-1_larry1,1.592647696,-3.507066185,EryP
ACGTCGCTCTAGTAGTCT-1_larry1,-6.079450345,-4.148510868,pre/pro-B
ATGAGATCCTGTAACAGT-1_larry1,-2.422221875,1.752548282,GMP
CGCACTCTTTATACGGAT-1_larry1,-7.484066224,-2.883026297,pre/pro-B
GTGTTCCAGCGGTCGACA-1_larry1,-0.85563395,-0.455308313,MPP4
CACTGTATCCCTATTCAA-1_larry1,-0.865964389,6.218006437,MPP4
TGCGACGTTGCTCAGCCA-1_larry1,-2.106863713,-2.418592627,MPP3
GCTAGTGGAGATTCTCGG-1_larry1,-2.930748916,3.119507854,GMP
ACGTGAATCATAGTCTCC-1_larry1,0.966650748,-3.205927069,MEP
CAATGTGCTAGTGAGAGA-1_larry1,-6.357179856,-0.881360347,pre/pro-B
ACCGATCGACGACGTGAT-1_larry1,-6.473143792,-1.172775741,pre/pro-B
ACTACCATCCGCGATGTA-1_larry1,-2.672687745,4.014575307,MEP
TCAAGGAGTACGCTATGT-1_larry1,1.861483956,-4.487653429,EryP
TCGTTCTCCACTGTAATC-1_larry1,-2.857178426,-5.712444956,GMP
CTGCATGTTATATTCGCA-1_larry1,-1.608032679,3.042729442,GMP
TATCCTCAGGCTACAATG-1_larry1,-2.617430901,-3.382559473,MkP 1
AAGCAATCGCCAGTACTC-1_larry1,-6.849308228,-2.786780531,pre/pro-B
GTTGCATGGAGGAGCAAT-1_larry1,-6.115255093,-4.246125634,pre/pro-B
CCTGACCTCGCTACAATG-1_larry1,-1.094366526,-3.107059653,HSC/MPP1
TAATCACGCAGCTATATG-1_larry1,-1.428512549,-1.892897541,MPP3
GTCTTATGCCAGTTGAGT-1_larry1,6.200517917,0.037108069,EryP
GATTGAGTAGCTTACTAG-1_larry1,4.261438871,-1.848074729,EryP
TTACTTACGCTGCGTCAC-1_larry1,-3.396651959,2.905177419,GMP
CTGACGGATTGATGACAG-1_larry1,-2.845022416,4.246523206,GMP
TTCCTGCTAGCTCTGTGT-1_larry1,-2.891450143,1.660848086,GMP
TCTACATCCACTACTCAT-1_larry1,5.274558807,3.216582124,GMP
GACGTCAATACCTCCTAG-1_larry1,-3.025461173,-5.936728175,GMP
AGAGCCGCACGTGAGACT-1_larry1,-3.206386542,1.417816823,GMP
AGAAGTCCTACGGTGTAC-1_larry1,-3.562265611,0.131697809,GMP
GTTGCATGGCGATACTCT-1_larry1,0.73965838,-1.745834405,MPP3
TAGGAGGATCTTACATGC-1_larry1,-2.6214926,2.507701938,GMP
GTACGCGATAGCCGTTCT-1_larry1,-4.867768502,2.75418741,GMP
GCACCATCGCAGTTACTG-1_larry1,5.769284034,-0.173640701,EryP
ACTCACGAACGTCTGCTG-1_larry1,1.883048678,-4.28782099,EryP
GCAGATCCGATGCGGATT-1_larry1,-3.26107738,-2.432972128,MPP4
GATGTAAGGAAGCTGAGG-1_larry1,-6.205662465,-4.457765753,pre/pro-B
CAATACCACGCAGCTCTT-1_larry1,-3.250797248,1.171585147,GMP
GACTAGCATACGCTAGTG-1_larry1,-1.242092585,6.094345396,GMP
TATGCCTTCTTCACTCCT-1_larry1,-3.091690039,-5.87255686,GMP
CACAATAACGTGCTCGGA-1_larry1,-0.9616364,1.568875258,GMP
ACAGGAACTCAGTATGAT-1_larry1,3.551883722,-1.480209525,EryP
CCTCCTTGTCACTGTATC-1_larry1,-1.843228793,3.212951009,GMP
TCGCGTCATTCCAAGTAA-1_larry1,3.079524541,-3.005175764,EryP
TCACCGAGGCATGTCCTG-1_larry1,4.792381549,3.293657606,GMP
GTATTACTGCCACGGATC-1_larry1,-3.115202641,1.110243146,GMP
CCTAGCAATCAGTTGAGT-1_larry1,-5.938990807,-4.181973154,pre/pro-B
ATGCTCACCGTAACAGTC-1_larry1,1.31091764,-3.384400065,MEP
CCTGCTCCAGTGTCCGTG-1_larry1,-5.706826901,4.824559991,GMP
AGACGCTATCCTAGAGTA-1_larry1,5.443194175,3.462819879,GMP
GCACTGGATCACATGTGC-1_larry1,-1.362472033,-0.985197539,MPP4
AAGCATTGCAGTCAGTTG-1_larry1,-5.451411462,-2.156667764,pre/pro-B
GCGCATTACACCACTAGG-1_larry1,-3.215825295,-5.832974131,GMP
TGAACTTGCTACGAACTC-1_larry1,-5.914221978,4.590039079,MPP4
AATGCAGCGCTGAGGTTA-1_larry1,-3.329718804,2.848845069,GMP
GCCATTAAGGTGTACCGT-1_larry1,-5.362484193,5.073662107,GMP
CTGATCAAGAGGAAGGTG-1_larry1,5.57548883,2.47146899,MPP4
CCAATGCCTAAGCACAAC-1_larry1,-2.923991895,3.851290052,GMP
CTGAGATAGGTGGACTGG-1_larry1,-5.658350682,-1.954121406,pre/pro-B
GTATACAGACCACTTCGC-1_larry1,-0.993149972,5.754510706,GMP
CTCAGGTACGCAGCGATA-1_larry1,-3.385640359,2.967232769,GMP
ATCGATCCTCCAGTACTC-1_larry1,-0.56800363,-6.516672785,EryP
ACTTCTTGGCCAGGAGTT-1_larry1,-2.375669217,2.422282283,GMP
ACTCGTCTATAAGGTCCG-1_larry1,-5.966906285,-1.915531094,pre/pro-B
ATGAGCAGGAATAACTCC-1_larry1,-2.17794106,1.905834501,GMP
CTATCCATCAATATCGCT-1_larry1,-1.886216616,4.040019338,GMP
CTCTACGCACTGGTACAT-1_larry1,-3.418691373,-6.288409407,GMP
CGATTGAACACTCTAGGA-1_larry1,-5.127225137,2.514987772,GMP
CCGTCCACTGAACATGAC-1_larry1,5.776767993,-2.483387644,EryP
CTATCCATCCCTCGACCT-1_larry1,5.631369853,2.418909376,MPP4
GTGACTCTCACAACCGGA-1_larry1,-5.511078572,1.646024649,MPP4
TAACACATCGCCATCGCT-1_larry1,0.214714879,-1.082952614,MPP4
GTGTCTGGAGTCAGACCG-1_larry1,-3.567155576,0.338200097,GMP
CCAATGCCTAATCAGGAG-1_larry1,6.033803249,-0.322976573,EryP
ACACTAACGCCGCAGCTA-1_larry1,-1.891636824,-5.747789557,MEP
GTAATCAGCGAACATGAC-1_larry1,1.040227914,0.224721615,GMP
CATGGACTCCTGGAGCGA-1_larry1,-3.501199937,2.757682865,GMP
TCAGACAAGGTGTCGAGC-1_larry1,-1.273137545,-1.632161791,MPP3
AATGCAGCGGTGGAGGTC-1_larry1,-0.755564904,-3.132072623,HSC/MPP1
GCAGGAGAAGACATAACG-1_larry1,-2.254507279,2.22154886,GMP
CTACCTGCGTGTATCGTG-1_larry1,5.719318175,2.639305418,MPP4
ATTCTCTGGCCACATTAG-1_larry1,6.629967475,-2.047571237,MEP
ACACCACATGGATAATAC-1_larry1,1.404458368,3.964296644,GMP
CCGCACTCAAACGGAGAT-1_larry1,-2.12539432,1.202704017,GMP
ATGAACTAGATATCAGCC-1_larry1,-2.725116706,4.131144826,GMP
AGAGAGTGGTATCTAGGT-1_larry1,-2.640503383,3.617700641,GMP
TCCGTATACACGATGGAA-1_larry1,-3.609379506,0.406442885,GMP
TCAACACTCCGCATAACT-1_larry1,-0.665176487,6.678248231,MPP4
GAACCTTCACACCTACGC-1_larry1,-2.632166362,2.909227674,GMP
GATTATGCGCAATCTCCG-1_larry1,0.435586685,-2.904193575,MPP3
TCATCTGTCAAGTACAGA-1_larry1,-6.146519875,-4.271059687,pre/pro-B
TCTACAGTTGCAGATCCG-1_larry1,3.985283637,-3.415685112,EryP
TCGGATGTTGCAACTCGC-1_larry1,4.101494336,-2.650449688,EryP
AGGTCCGTCCTGTACGAC-1_larry1,-2.761992669,4.069285219,GMP
TCAGCTCAGACCGAGACA-1_larry1,5.78994968,2.490718191,MPP4
TCGGATGTTGTAACCATA-1_larry1,-6.379054761,-0.436830203,pre/pro-B
GTACTCTACAAGTAGGAC-1_larry1,5.713791633,0.331413572,MEP
GTCACTATGGCGAGCAAG-1_larry1,5.929560924,-0.253991245,EryP
ATCAAGAGAGGTAGCATC-1_larry1,-5.424326634,4.979396646,GMP
TTCAGTGCCGTAGCCTTG-1_larry1,0.098805094,4.171074693,EryP
GCGGACGAAACTGGTCAG-1_larry1,-2.384032941,-1.000125761,GMP
GTACGCGATAGGTGTACA-1_larry1,-1.015302157,0.789535945,GMP
CCAGTTACGTCCAGAACG-1_larry1,-5.681676602,-1.741565163,pre/pro-B
ACGGACCATGCTCAGCCA-1_larry1,-3.430246091,-6.168813403,GMP
CACCAGAAGCCGATACCG-1_larry1,4.310064578,-3.187161858,EryP
CCTGCTCCATGACCAAGT-1_larry1,-5.372029996,5.19613487,GMP
CAACCTGGTCTAGTATAG-1_larry1,2.712409282,-2.606774981,EryP
AGCGGAACAAGATGAAGA-1_larry1,-2.766262746,2.050973718,GMP
TATTCAACGTTCTGAATG-1_larry1,3.332395578,-3.689949686,EryP
CTGACGGATCCACTACCA-1_larry1,5.583464885,3.27933604,GMP
CATAGTATGTGGTCGCTA-1_larry1,-5.506049371,5.033869569,GMP
TTGGACTTCTGTATGTAG-1_larry1,-2.419378257,3.022604292,GMP
CAGGTTGTCAGTTAGGTC-1_larry1,-2.623131966,2.347778862,GMP
TCCTTCGTAAGTGAACGG-1_larry1,-1.713727689,2.70272929,GMP
ACCGACGGTTCCTTCGTA-1_larry1,-3.185853696,-6.308482821,GMP
TTAACGGAGCGACGTGAT-1_larry1,-6.515690541,-2.172645624,pre/pro-B
GCGCATTACCAGAGCACC-1_larry1,-0.838614678,0.608690267,GMP
TGCCACCGAGGAAGAAGC-1_larry1,-0.352202034,-6.592558558,EryP
CACCTCGGACGAATCCTG-1_larry1,-1.086893177,-6.27859133,MEP
GCACCATCGGATACTGTG-1_larry1,-2.756604647,0.272784834,GMP
ACTAAGTTCGAGATACAC-1_larry1,5.78995111,2.013738458,MPP4
GACACCGATTTGACCTGA-1_larry1,-0.529131508,-2.362343008,MPP3
CTTACATGCGAATTGTTG-1_larry1,-6.557502961,-0.747988219,pre/pro-B
GGTAAGTGAGTTGCTCAG-1_larry1,5.131672645,3.702400272,GMP
ATGCCTGTCGAGATACAC-1_larry1,3.183068776,-3.261184628,EryP
AATGCTGATGAGTTATAG-1_larry1,-6.297756409,-1.831911499,pre/pro-B
CTGGTCGGTGTAACTCAT-1_larry1,5.653981471,2.343114202,MPP4
TATCACCTGATTCGCTTA-1_larry1,-1.925561881,3.158629243,GMP
TGACGGTTGGTAGCCTTG-1_larry1,-1.093849873,6.616929357,MPP4
GGTAGCATCGAACCAGTT-1_larry1,-1.902955031,5.271110361,GMP
TGGAGAGTGTGCCTGGTT-1_larry1,-1.629483199,2.012489145,GMP
CAACGATCGTCGGACAGT-1_larry1,-3.112827754,0.290156608,MPP4
AACGCATTGCATGGTCGA-1_larry1,5.490881229,3.61145479,GMP
ACACGTTGCTCCTTCAAC-1_larry1,2.628449226,-1.127875323,MEP
CCTAGTTAGTACACGGTC-1_larry1,-1.210914826,2.052048509,GMP
TGCCGCTACTTCCAATTC-1_larry1,-0.676630235,-6.56732672,EryP
TGTGGTCCTCAGTGCTGC-1_larry1,-5.719923711,4.740660017,GMP
CTGCTGCTTTACGTTACC-1_larry1,-1.793312287,4.692692106,MPP4
TCGATTCAGCTCGTCTTG-1_larry1,0.961377376,0.030405556,GMP
TGCTTACGGTTAGGAAGG-1_larry1,-5.351809716,4.953410451,GMP
GCAACCAACGCGTGAGCT-1_larry1,-3.327133393,2.876662796,GMP
AAGTTCTCTATCCGGTCC-1_larry1,-5.314331746,5.191126649,GMP
GATCCGCACCTGTTACCA-1_larry1,-2.110063529,1.594454353,GMP
ACCTAGCACCTTCGTGCA-1_larry1,1.911521578,-2.84997266,MEP
CTAGGTACTCTTCCGTGG-1_larry1,-1.025516963,5.815519159,GMP
GCATGTAAGCTGGTACAT-1_larry1,-1.982674813,0.941812699,GMP
TAATCTGGATGTGCTAAC-1_larry1,-1.21420989,-2.841587956,HSC/MPP1
ATTGCCGACTAAGTGTAG-1_larry1,4.902285361,2.792164152,GMP
TAGACACGTACAGGAACT-1_larry1,-1.995727277,2.768625085,GMP
GATATGGACCGCATCTAC-1_larry1,-5.925672269,4.575209444,MPP4
TCATGCAGGTCTCGTATC-1_larry1,3.538741851,0.067400371,EryP
GGACAGATTCCTCTTGTA-1_larry1,1.701317215,-4.582948859,EryP
ATATAGCGTGTATCCTGC-1_larry1,-2.429792619,-3.051232512,MkP 1
TCCTCTAGTGGTGAGCGT-1_larry1,-5.555543637,-2.256933744,pre/pro-B
GAGATGTATCTTCTCATC-1_larry1,-2.511210894,2.314287965,GMP
CAAGAGGAGGTGGACTGG-1_larry1,-2.79365108,3.062191789,GMP
GAGCATACAAACGCTCAA-1_larry1,3.511995101,-3.748850043,EryP
AACAGCAGTGCTTCTGAA-1_larry1,-3.479130483,-6.171395953,GMP
TGAGAATCCACCTAGTTA-1_larry1,-1.27696023,3.196848219,GMP
GCTATGTAAGAACATGAC-1_larry1,-3.364834046,-5.80072325,GMP
AATGAGTCGCTCAGCTGG-1_larry1,-2.054836249,-1.654915745,MPP3
AACTCCATGTATAATCGC-1_larry1,3.442517543,-3.624568398,EryP
CGTACACACAACGATGAC-1_larry1,6.128981853,0.116740023,EryP
GCACTGGATAAGGTCTGA-1_larry1,-2.418461776,0.690706139,GMP
GTGCTGACTACTCGTAGG-1_larry1,-2.912887311,-5.975684817,GMP
ATCCAATGATGCCTGGTT-1_larry1,-5.57048819,-1.924049075,pre/pro-B
GTACCTAACACAGAAGAG-1_larry1,-1.841241574,5.788001363,GMP
GAGCATACACAGTTACTG-1_larry1,-2.557425237,4.038844411,GMP
TAGAGCCAGTGTCAACCT-1_larry1,-3.307974315,2.950632875,GMP
AGCACCAGCCCTAGCAAT-1_larry1,6.120434547,0.346292739,EryP
CCGGTTGAGCCTCGCGTT-1_larry1,2.32192483,-3.520019467,MEP
TATGACCGAGTCAGTTGT-1_larry1,-6.423943257,-0.632199163,pre/pro-B
CAAGAGGAGTCGAACGCT-1_larry1,-5.018048024,2.467252081,GMP
CCTCCTTGTCATCCACCG-1_larry1,3.774042392,-3.823334153,EryP
CTAACCGGTCACTTGGAT-1_larry1,6.170411372,-2.812397416,EryP
ACTTCAGTACATGTGAAC-1_larry1,-2.674918389,1.181716745,GMP
TACTTCCAGTGGACGAGA-1_larry1,-1.264431572,-1.795534427,MPP3
GTCTGAGCCAGTTGCCTT-1_larry1,-1.328582263,5.18483526,GMP
CTCAGCTGGCAAGTCACT-1_larry1,6.619396472,-1.99531203,MEP
GTGTCGAGCGGACACTGG-1_larry1,-1.326498842,5.334583108,GMP
TGAACGTCATAGCTAAGA-1_larry1,-2.954366422,3.73285753,GMP
ATCATTACGACCATCTAA-1_larry1,0.805801729,-0.390604171,GMP
GCAACCAACAGACGCTAT-1_larry1,3.019612098,-5.247239287,EryP
CTGGTGACAGCCGCTATC-1_larry1,-2.59620831,2.67899925,GMP
CTTAAGTTGAGCGACACC-1_larry1,-2.507233596,-5.81161135,GMP
GACTAGCATTAGCCTTGT-1_larry1,-1.746242022,6.156677072,GMP
GGAACCTAGCACGGAAGT-1_larry1,-1.816049552,3.234736745,GMP
AATACGTCTGAGATGTAT-1_larry1,-2.273219085,2.350105827,GMP
CTCCTATCTGCTTGGTTC-1_larry1,-0.622468805,-6.370601351,EryP
TTGGAGAACTACATGCAC-1_larry1,-2.911982512,-5.942897017,GMP
CTCGTGTCCAGACGCCTG-1_larry1,6.103831077,0.176037227,EryP
CCACTTCGCAATGCACTT-1_larry1,0.430127064,4.190963571,MPP4
CTCGCTACGGTAGTGGAG-1_larry1,2.38500979,-5.63105839,MEP
CAGCTAGTTATTCACCTC-1_larry1,1.721154595,-4.514734919,EryP
GGATGCTCGCGTGCCTAT-1_larry1,-6.137750363,-0.983825083,pre/pro-B
CTTACATGCTTCCGAGCG-1_larry1,-5.10144732,2.135691707,GMP
TCAAGGAGTACATCGTCC-1_larry1,-2.141658759,-2.672603781,HSC/MPP1
TCCGATAACTGATCGGAA-1_larry1,6.807704234,-1.872502143,MEP
GTTGATGCAGCTGAGCAG-1_larry1,5.256887221,3.509319608,GMP
GTAACAGTCTAGCTAAGA-1_larry1,-4.817956662,2.753764455,GMP
ATGGTTCGAGGAACTGCT-1_larry1,-6.430983758,-1.810861404,pre/pro-B
AATCGTGTTTGATAGAGG-1_larry1,-3.007491803,-4.076164896,MkP 2
GTAGACTCTGAAGAGCAC-1_larry1,6.018147254,0.082570349,EryP
TGGTGGATCCGGTCGACA-1_larry1,4.970897937,3.04694206,GMP
ATCACCGCACCGCACTCA-1_larry1,5.635889316,2.786717718,GMP
TCCTTCAACGGATCAATG-1_larry1,-5.01552031,1.824095552,GMP
TAGTGCACTACGGACCAT-1_larry1,2.863655114,-7.741127665,EryP
ATCCAATGACCATTACAG-1_larry1,-3.412012791,0.411315863,GMP
TAAGTACACGCAATCACG-1_larry1,-2.120009398,3.018467014,GMP
GTTGACGTGATGCAGTTC-1_larry1,2.149564648,-2.567335303,MEP
GGATCAGGTTCGACGTTG-1_larry1,-4.810412144,2.754351442,GMP
TTCGTGATGTATGAGACC-1_larry1,-5.714887833,1.317638581,MPP3
GTAGTGGAGAGCATATGG-1_larry1,-2.980117059,1.950584714,GMP
AACAGCAGTAGTAAGCCA-1_larry1,-6.531739449,-1.086123104,pre/pro-B
ACTGACTACCATAGAGAT-1_larry1,4.053123975,-6.518222506,EryP
ATTCATGTGGAATCAACC-1_larry1,-2.428984141,1.281992858,GMP
TAACGTGTCGATGTCTAG-1_larry1,-2.260479426,2.985695903,GMP
TCCAACGTGTGCAACTCT-1_larry1,2.244238281,-5.583471472,MEP
GATTCTCGGTTGCGAACA-1_larry1,-2.680423474,3.987134283,GMP
CATTCAGTTGTGTTGGAA-1_larry1,-3.604143357,-2.158035452,GMP
AGGATCTCAGCTGAGCAG-1_larry1,-2.344868636,-0.441194783,GMP
AATATCAGCCCTCAGGTG-1_larry1,2.359016323,-5.545806105,MEP
GGAACTGCTCTAGAGGTA-1_larry1,3.605593705,-3.312007601,EryP
TGCCGACTATCGCGTCAT-1_larry1,-2.498670792,0.930443947,GMP
AAGGATACGAGCGTAGAA-1_larry1,-0.473803377,2.850685661,GMP
TGACCAAGTCTAACACTG-1_larry1,-6.059663987,-4.101489479,pre/pro-B
AGGATCTCATTCTGAATG-1_larry1,-1.004791236,-1.638995583,MPP3
TGGAACTAAAGAGCCGCA-1_larry1,0.003384316,6.638634508,MPP3
CTAGACATGTGGAAGATT-1_larry1,1.533544564,-3.652218993,MEP
CAACCGGTCACTCTCACA-1_larry1,6.650879646,-2.131740506,MEP
ACTCCTGAGAGTCCGTGT-1_larry1,-1.431905246,1.148722475,GMP
GGAAGGTATGCCTTAGAG-1_larry1,-1.87303946,4.826166933,GMP
AACCATGGTGTCCTAGTT-1_larry1,2.019949818,-3.704932864,MEP
ACTGTAATCGCGATGGTG-1_larry1,-2.614252066,-5.796897108,GMP
TCACTACGTCCATATCTT-1_larry1,1.954361105,2.0146187,GMP
CTTCCGTGGCGAATGAGT-1_larry1,3.569770837,-3.481702502,EryP
CAGTGCCATTACCGCGTT-1_larry1,5.820960784,0.654897635,MEP
TGCATCGGATATAGTGCG-1_larry1,6.129551196,-2.96934622,EryP
GTAGTTGGTTGATTATCG-1_larry1,-1.827033019,3.043664997,GMP
GTAGTGGAGAACGCATTG-1_larry1,0.224507237,-3.841352398,MPP3
TCTAATACCCAATCAAGT-1_larry1,-5.454831338,2.112001007,GMP
AACAATGCAGTCAGCGTC-1_larry1,-3.652433133,-2.375198777,GMP
CCGCAATGGTAGGTCAAC-1_larry1,4.110667014,-6.454901392,EryP
GTTGATGCAATTCGAAGA-1_larry1,-5.32042954,2.486465042,GMP
GCGCATTACAATACGTCT-1_larry1,-1.54144547,5.650683229,GMP
TTCCGCCAGTTGATCGTA-1_larry1,-0.58210454,-6.474153216,EryP
AAGACTGGTTAGCCTTGT-1_larry1,4.628892446,-3.209823067,EryP
GAGTATCGCATCATTACG-1_larry1,3.449083829,-3.129887516,EryP
GCATTGATCAGTCGATCA-1_larry1,1.830259586,-3.426709349,EryP
CAGCTCTTCCCGGTTCTA-1_larry1,-2.117424464,3.111281936,GMP
CACTACAGGAACGATGAC-1_larry1,-1.29062829,5.760573213,GMP
CAACTAATCTCCGATCTG-1_larry1,-2.025370097,2.668300216,GMP
ATTCCTACGCCGATACCG-1_larry1,-0.923437691,-3.122946675,HSC/MPP1
TGTATCGTGATGAGATCC-1_larry1,4.395142818,0.137451207,EryP
CCTGTCATTCTTAAGTTG-1_larry1,2.136544848,-3.494553263,MEP
ACGAGCTTCCCTAGAGTA-1_larry1,-6.424875474,-0.744604493,pre/pro-B
CCTATTCAAGCCTTATCT-1_larry1,-5.336761689,2.264666145,GMP
CACCTCGGATAGAGCGTC-1_larry1,2.138320708,-3.567088778,MEP
TGACCTATGATGGATATC-1_larry1,4.004130626,-3.252553875,EryP
TACGTTGGATCTACAGTT-1_larry1,-3.15871737,-6.311091597,GMP
TGATTGCTGCGACAGGAA-1_larry1,-1.381451344,3.586351698,GMP
GGAGCATCTACAACCGGA-1_larry1,-1.175793743,5.266341035,GMP
AGTCAGTTGCGCGTACTA-1_larry1,-1.02115128,-2.379248555,MPP3
TAAGTACACAGCACCAGC-1_larry1,-2.906557536,4.059281175,GMP
AGCCACTTCCTTACATGC-1_larry1,0.214825446,-3.820035155,MPP3
GTGGACTGGGGATCGTTC-1_larry1,2.526106978,-3.595364029,EryP
TTACAGTGTCCTTGACGG-1_larry1,-0.345150685,6.693583791,MPP3
GTACGCGATCCTCGGTCA-1_larry1,3.004213119,-3.746073897,EryP
CAAGAACCGCGTGAGACT-1_larry1,-2.377529836,3.110585277,GMP
AGTCGATCAACACGTTGC-1_larry1,3.66835835,-3.388116295,EryP
GCTCTGTGTGTGAATGCC-1_larry1,-5.629724717,1.551497285,MPP4
ATCGGTGGTCTGGACTAA-1_larry1,3.462788129,0.103113805,EryP
AGATGTTGGCACCAAGAT-1_larry1,-1.397682166,5.346131151,GMP
ACGAGAGCAAGACGCCTG-1_larry1,-5.384608483,5.109792535,GMP
CATCAATAGTATCTGTCA-1_larry1,-0.741680121,-2.044052536,MEP
CAGTAATGTCATAAGATC-1_larry1,-2.582749104,-2.692813332,GMP
ACAGAAGAGCCGCAACAC-1_larry1,-0.105637586,-3.173811371,MPP3
CATGGTTACGCACTGGAT-1_larry1,3.316001678,-3.071201737,EryP
TTCATCCAAGCACAACTC-1_larry1,1.809832597,-3.654444153,EryP
CGATCCAGAAGACTTCGT-1_larry1,5.860081935,-0.206361632,EryP
GACAGGTTAGTCCGTAAG-1_larry1,-2.723247266,-5.864719565,GMP
GCCAATGAAATGAGGTAT-1_larry1,-2.784715628,3.033847873,GMP
CCGATCAGCCATCCTCTC-1_larry1,-2.028095698,2.342741315,GMP
ACGAGAGCACTTGATCTA-1_larry1,1.159186506,-3.21121114,MEP
GCAGCAGTGCCTGCGTTA-1_larry1,2.57073226,-5.362555201,MEP
TAGTGCACTTATCACCTG-1_larry1,2.490860486,-5.454581435,MEP
AAGCAGCATTCCTGAGAC-1_larry1,-2.47636888,2.123845403,GMP
GGATAGTCACAGCTGGAG-1_larry1,-2.048188662,4.571945016,GMP
CCAGGAGTTGCAGCAGTG-1_larry1,-6.494515157,-0.740494962,pre/pro-B
GCGCATTACAATCTGACC-1_larry1,0.664142058,-0.820387001,GMP
AGCCAGGACACAACCGGA-1_larry1,-5.523749566,2.000807827,GMP
GAATCGAGAACTATTGTC-1_larry1,5.10549047,3.653281276,GMP
TCCTATTCCATAACGACA-1_larry1,-6.159831261,-1.915195043,pre/pro-B
CACAGCGAAACTGGTCAG-1_larry1,-1.61285398,4.079310243,GMP
ATACGAGGTGGATTACGC-1_larry1,3.534405255,-0.048963542,EryP
CGTGGTACCATACCGCTT-1_larry1,-7.453296876,-2.877211029,pre/pro-B
CATATGTCGATCACTTCC-1_larry1,2.308823371,-2.904681141,MEP
CAAGAGGAGTCACAGGTA-1_larry1,6.257316375,-2.909650023,EryP
CCTTCCTCACTAATACGC-1_larry1,5.664022708,-3.064184124,EryP
GGTGAGTTCGTCCTAGTT-1_larry1,-0.636288619,-6.359301741,EryP
TATCTAGGTTGACCTATG-1_larry1,-3.223680472,-6.097249682,GMP
CCGTTCCAATTACCTCTC-1_larry1,5.58634069,3.356545274,GMP
CCGCAACACTCATCTGTC-1_larry1,6.573563361,-2.026182349,MEP
TCTCGATGCTCATCATCT-1_larry1,4.034282231,-3.445623572,EryP
GCGTGATACGGATAATAC-1_larry1,-2.849246716,3.912561719,GMP
TGATGACAGCGACCACTT-1_larry1,1.20923748,-4.295101817,MEP
GCTGTTCGGTATGAGACC-1_larry1,-2.950821137,-6.304311926,GMP
GGTGGAGCTAGTAATCAG-1_larry1,1.717090869,-3.772295887,EryP
ACATGGATTGTTCAGAAG-1_larry1,-3.179519391,1.678621833,GMP
TATTACTCGCACGTCATA-1_larry1,0.50126631,-2.89890259,MPP3
CCGCAATGGGCTTCACTC-1_larry1,-0.61048994,-6.405954535,EryP
CAGTGAGGACCTTCCTCA-1_larry1,-2.909637904,-5.892939742,GMP
TGAGATCATGACTCTCAC-1_larry1,-0.664702391,-6.155769045,EryP
CTCTAAGAGGTAGCCTTG-1_larry1,1.12360313,-2.548573906,MEP
ACGGTGCCTCAATACCAC-1_larry1,-2.070336318,2.784051006,GMP
AGGTCCGTCGTAGAAGTT-1_larry1,-2.653688407,1.82926399,GMP
CTTAAGTTGGAACATGAC-1_larry1,-2.976651168,3.421925848,MPP4
CCTGTCGACAACGCCTAC-1_larry1,1.811248684,-4.549969847,EryP
ACGACATCTAAGCTGAGG-1_larry1,-5.317256665,-2.290385659,pre/pro-B
ATCCTGCCTTCAGCTCAG-1_larry1,3.232731366,-4.688651736,EryP
CATTCAGTTCGCGTACTA-1_larry1,-3.016712642,-6.254154856,GMP
ACCACTAGGACGTACTGC-1_larry1,0.395361954,-2.926163132,MPP3
GATTGAGTAAGTTCAACC-1_larry1,1.804735685,-2.554637606,MEP
GATTCCTCTTACTTCCAG-1_larry1,-5.765249467,-1.993025596,pre/pro-B
TATGATGTGGTAAGGTCC-1_larry1,-1.515623784,5.897210424,GMP
GACTGCGCAAATAGACGC-1_larry1,1.663519764,3.846686666,GMP
TGGAGAGTGCCGCAATGG-1_larry1,-1.196300244,-6.1979863,MEP
GAAGTGTGACTGATGCAC-1_larry1,-3.189991689,-2.570019419,MPP3
GTGTCACACCTATGGATG-1_larry1,6.577294135,-2.227957661,MEP
CGTAATGACATCTGCGTA-1_larry1,5.566497588,3.157191579,GMP
GAGTCCAATCGTGACCAG-1_larry1,-1.058737254,5.467340772,GMP
CCTGTTAGCCTCTTCAGC-1_larry1,2.888742948,-3.135177071,EryP
AACTTCTGCTCGCTGTAA-1_larry1,-1.803390002,5.195355718,GMP
CTGTAGAAGTTCCTCGGT-1_larry1,4.126250768,-2.725813324,EryP
CTGGTACATGGATACAAT-1_larry1,-5.555561757,1.685557311,MPP4
TCTAGCTGGGCGACACAG-1_larry1,6.089722419,-2.618301804,EryP
GCTTCACTCTAGGATTAG-1_larry1,-7.535159325,-2.842412407,pre/pro-B
AACAGATCGCATTATGTC-1_larry1,-1.728435016,5.236573045,GMP
ACCTCCTAGGCTGGTAAC-1_larry1,3.596008802,-3.270029004,EryP
TGACTGAGATCCAGCAGC-1_larry1,0.808348322,-1.911469037,MPP3
GAATAAGAGGAGCCGTTA-1_larry1,-2.938451981,2.130326097,GMP
GGTGAGTTCCATTGACAA-1_larry1,0.215140575,4.140920465,GMP
TGTCAACCTCCATCACGA-1_larry1,-5.849894261,-3.309597428,pre/pro-B
GCTTCACTCTTACTAGTC-1_larry1,-3.042637086,0.993556922,GMP
TATAGTGCGGGTCTCATG-1_larry1,1.724066758,3.595588749,GMP
CAGCAGTACCCTTGACGG-1_larry1,-1.131240702,5.737665956,GMP
GTTGCTCAGCACATTCTG-1_larry1,-2.079420304,2.869221752,GMP
GAGAACAGGATAGTGGTT-1_larry1,-5.404775357,1.452727263,MPP4
TATGGTTGGAGTCGATCA-1_larry1,-6.035118317,-4.421909983,pre/pro-B
GACGTTCAGCCTTGACGG-1_larry1,-2.182007766,0.721386974,GMP
ATATTCGCATGTTACTGA-1_larry1,-7.47509501,-2.832491572,pre/pro-B
GAACTCGTATTGGAGAAC-1_larry1,-5.033995843,-2.193112309,pre/pro-B
ACGCGACAGACACTAACG-1_larry1,-5.273131585,2.144523923,GMP
GGAGACACACAGTAATGT-1_larry1,-2.883976674,1.276466076,GMP
AGTCTGGAAGTAAGTGAG-1_larry1,3.228419328,-3.431656773,EryP
AGAGAGTGGAACTGATTC-1_larry1,-3.684289193,-2.280166919,GMP
TGCATACATTATACCACT-1_larry1,4.402139926,0.015231853,EryP
TTGTTAGAGTAGTTGACG-1_larry1,-5.207330441,2.589268987,GMP
GAATCACATTAACACGAG-1_larry1,-1.80479548,1.369221275,GMP
TTGTCAACCTTATTCGAC-1_larry1,-6.069262719,-4.389143641,pre/pro-B
CCTCTCTAGAGCACCAGC-1_larry1,2.270047093,-2.864153798,MEP
AATATCAGCATCACTTCC-1_larry1,5.853538299,1.885228698,MEP
GATCTGTTCGCAGCTCTT-1_larry1,-0.66369853,6.102335279,MPP4
CACACCACACTGTACGAC-1_larry1,-1.644159055,6.098371332,GMP
CTGATGCACCGCTTATGA-1_larry1,-3.059038853,3.925449674,MPP4
CCGATACCGGTGAACCAC-1_larry1,-1.48408792,2.446860855,GMP
ACAGTATTGACCGTCACG-1_larry1,5.521461749,2.242320364,MPP4
TACGACTTGACTCGCTGT-1_larry1,-2.30744431,1.994648759,GMP
CTTAGAAGGCTGCAGAGC-1_larry1,6.097355628,-3.100440915,EryP
TAAGGTGATCAGTTGAGT-1_larry1,5.640382075,1.964694564,MPP3
CGATTGAACTGTTACTGA-1_larry1,-3.156708217,1.238715117,GMP
CAACCGGTCCACTTGGAT-1_larry1,-3.119736886,0.193296169,MPP4
AATCTGACCGACGTCAAT-1_larry1,-1.167687273,-1.653893049,MPP3
GCGATATGATTCGGAGTC-1_larry1,-6.625502324,-0.673974837,pre/pro-B
ACTTCGCAGACAACCGGA-1_larry1,2.814227843,-3.165011342,MEP
ACTAACCGATCTGGAGGA-1_larry1,1.345833504,3.860434358,GMP
CGCTGTAGTCCACTACCA-1_larry1,-4.867480016,-1.408443386,pre/pro-B
GTCGCAGGTTGTATCGTG-1_larry1,1.502627337,4.035997694,GMP
CGCAGTGTCAGTCTGGAA-1_larry1,0.149961853,-3.717547591,MPP3
TACTAGTAGTATGACCGA-1_larry1,-2.960140681,4.188542192,GMP
ACTTGATCTTACGTTACC-1_larry1,-0.577496266,-6.440343077,EryP
GATACACTAATGCAGTTC-1_larry1,3.007813716,-5.299552615,EryP
CCTTCGAGCAATAGACGC-1_larry1,-0.534221983,-3.558338339,MPP3
CACGATAGAATAGCTTGC-1_larry1,-6.366015649,-1.937093074,pre/pro-B
CCGAATATGTGAACTTGC-1_larry1,-3.363939977,-5.886442358,GMP
TAATGTAGCCTGCATGTT-1_larry1,-1.547391629,3.151785438,GMP
TGCTTACGGATACAACCG-1_larry1,-2.923233485,-5.767459567,GMP
GGTCTTGCATGCTCCTCC-1_larry1,-0.631998753,6.743393247,MPP3
GTTCAGAAGCAGAAGTGA-1_larry1,-2.026586509,0.145851021,MPP4
CTCAGGTACGCTCTGTGT-1_larry1,6.317490363,-3.020949776,EryP
ACTCACGAAAATGTGCGT-1_larry1,0.465257579,-0.717204477,GMP
CCTATTGGTGACGCCGTA-1_larry1,6.134186053,0.264441853,EryP
TCTCAGGATTCTAATACC-1_larry1,-0.630295372,6.632891004,MPP4
CCGCTCATGTATGAAGAC-1_larry1,6.602073455,-2.075732644,MEP
TACCGATTGATCTCTGCT-1_larry1,-0.409467554,-3.158005173,HSC/MPP1
GTGTCTGGAAAGTCATGA-1_larry1,1.215212488,4.04653198,GMP
CCGCATCCTAGAGGACGT-1_larry1,-1.855268216,-1.532802279,MPP4
ACTCATTCAGGTGAGCGT-1_larry1,-1.955331302,-0.521664108,MPP4
AGCGTCGTCCGTCATGGA-1_larry1,6.016467357,-3.017291005,EryP
GAACCTTCAAACTTCTGC-1_larry1,5.737281585,2.164082115,MPP4
ATTCCGTACATGGAGGAA-1_larry1,-6.132161832,-4.173366244,pre/pro-B
GCCGTTGTTCGTGAGACT-1_larry1,-3.207982755,1.090638464,GMP
ATTCCGTACAGCTGCACT-1_larry1,5.357284331,3.510826652,GMP
CCTCGAGAGTCATCAGAG-1_larry1,-2.641963935,3.069409912,GMP
GGAACCTAGGCGTGATAC-1_larry1,-6.191961026,-2.645312722,pre/pro-B
CATAGAGATGCTCAATGA-1_larry1,-1.206872678,5.584010904,GMP
CTTCCGTGGCTCTGTCAA-1_larry1,-5.933389401,-4.413729842,pre/pro-B
CTTACATGCGCCGCCTAA-1_larry1,0.627113206,-2.406099255,MEP
AGCATATGGTCCAGAACG-1_larry1,-2.3969805,0.803485577,GMP
AGCTATATGGACGGTGCT-1_larry1,-5.357384896,1.951362674,GMP
GTCGTTGCGGTAGAAGTT-1_larry1,2.824021602,-7.713367636,EryP
GATTCTCGGTTGCCGTAG-1_larry1,-1.353546595,6.492815797,GMP
GCGAAGCTCAAGCAGCAT-1_larry1,-2.617466426,2.797535007,GMP
GACCACTCGGCCGTCTTC-1_larry1,4.110824371,-2.151428516,EryP
ACGCTAGTGATCAGTCGA-1_larry1,-1.766545272,3.147681062,GMP
CCGATCAGCCCGCTCATG-1_larry1,5.699581886,2.015878027,MPP3
ACCGCTGTGTGTGCAGTA-1_larry1,3.699569726,-3.415610726,EryP
GAATCGAGATCCTGAGAC-1_larry1,2.222358728,3.434520309,GMP
CGCACTCTTATTGATTGG-1_larry1,-2.484725213,-3.131731207,GMP
GATATGGACGTAAGTGAG-1_larry1,-1.069859958,-2.25405925,MPP3
ATCTCTGCTCTTCTATGA-1_larry1,4.07999208,-3.073861535,EryP
TAAGTGTAGGAATCAACC-1_larry1,3.545361066,-3.245544608,EryP
TGCGCACTGCCGTTCCAA-1_larry1,5.949462676,-2.621722634,EryP
GGAACTGCTAGACGCTAT-1_larry1,0.414873579,-1.229820843,MPP4
CACGTAGACCCACATTAG-1_larry1,3.005989337,-3.654181893,EryP
TCCTTCGTACCATGCGTC-1_larry1,0.568144435,-3.075604136,MEP
CATAAGATCAAGCACAAC-1_larry1,-3.256372428,-6.262870009,GMP
CACCTAGCGCCATCTAGG-1_larry1,-2.890642619,4.004380529,GMP
CAACTCCAGCGTGAGACT-1_larry1,-2.307373977,0.026686107,GMP
CGATCCAGAGACGCTTGC-1_larry1,-0.697028494,-3.154840166,HSC/MPP1
AAGAGAGAGCGTCAGCAC-1_larry1,-6.034741139,-0.931634302,pre/pro-B
CACAGCGAAGCCGAGTCT-1_larry1,-2.816224074,1.666781371,GMP
TAGCCTTGTCATTGACAA-1_larry1,6.586249614,-2.051861222,MEP
GCGTCGTCTGGAATTGGA-1_larry1,-3.094412064,1.268059914,GMP
CAGATCGACTCACTCGCT-1_larry1,-3.035099959,1.662602012,GMP
GCAACCAACATAAGACAG-1_larry1,-5.682241654,-2.201715047,pre/pro-B
GTGTCACACGCGTAACAA-1_larry1,-3.321571803,-5.919442351,GMP
AGGATCATGCGGTGTTAC-1_larry1,-5.951611733,4.526196306,MPP3
TACAGTTAGATAGCACGG-1_larry1,-1.796596026,0.970182722,GMP
TTGGTAACTAGAAGTCCT-1_larry1,-1.355569339,3.203458374,GMP
CTTCCGTGGCATCCTCTC-1_larry1,-1.825443244,3.209459608,GMP
AATGCAGCGGCTCTCCAA-1_larry1,3.291884208,-3.938642676,EryP
GCGATGGTGGCGCTTCTC-1_larry1,-5.497966504,2.01689965,GMP
ATCCGACCAAGTGTCTCT-1_larry1,-2.543215251,2.376489942,GMP
GGTAGACATGAGAATCAG-1_larry1,0.687266569,-0.201660926,GMP
TCCTGAGACATCTACATC-1_larry1,-1.407964921,5.553429906,GMP
CGGAATGCAAAGTACAGA-1_larry1,-2.186248517,2.492129629,GMP
AGTGATGCGCCAAGCGAG-1_larry1,-1.791283345,4.725935285,MPP4
TTCCAGGAGCGATCCAGA-1_larry1,-2.19777224,1.146931355,MPP4
ACAGTATTGCGTTCCATT-1_larry1,-2.02915523,3.332071369,GMP
CTACGTTGGGATAGTTCT-1_larry1,4.431304956,-2.097669895,EryP
GGATGCGAAGGTAAGGAT-1_larry1,4.426900411,-1.667047198,EryP
AATATCGCTCTGAGTAGC-1_larry1,5.854261661,0.959200804,MEP
GACTCAGTGGTCTTATGC-1_larry1,-0.636703586,6.47328264,MPP4
GGAGAATGAGCGGACGAA-1_larry1,-3.51747868,2.922794168,GMP
ACAGTATTGGCGCTTCTC-1_larry1,3.572985673,-3.167155678,EryP
TTATTCGACAGCACACCT-1_larry1,1.732562447,3.736119573,GMP
GTCAAGATCACAGGTATC-1_larry1,-3.785920358,-2.289025361,GMP
TATGTATGCAGTAAGCCA-1_larry1,-2.274013495,1.864088361,GMP
CTATCCATCAGGATTACT-1_larry1,0.417844439,-0.655605967,GMP
AAGCCACACAGCTGCACT-1_larry1,-1.989248013,0.460580115,GMP
ATCCAGCTGACTAACCGA-1_larry1,-5.915573811,-2.26651829,pre/pro-B
ATCCTCCGATAGGTCAAC-1_larry1,-1.803960538,2.529393499,MPP4
GCTACCGAGCTATACTAG-1_larry1,5.779632354,2.217242782,MPP3
TCTAGTGACGAGCACATT-1_larry1,-5.458626008,1.964771574,GMP
GATCGCGAACTGGAGCGA-1_larry1,-1.177703595,6.166421239,MPP4
ACTCGTCTACGTACACAC-1_larry1,5.992923999,0.937602584,MEP
CAGATCATTGAATTGTTG-1_larry1,-1.368925071,4.900938337,GMP
CACACTGCCCAATCAAGT-1_larry1,-6.489749646,-1.993964012,pre/pro-B
GCAGCAGTGCTCATTAGT-1_larry1,-5.374682641,2.279475277,GMP
CAACACTCCTGATTGCTG-1_larry1,-1.528580165,2.887985056,GMP
GAGTGCATAAGTGAACGG-1_larry1,-2.453996157,2.81582505,GMP
TTCCTAAGGCATCTCGAT-1_larry1,-6.049164986,-4.255237038,pre/pro-B
CAGTATGATCCTGCAGAT-1_larry1,-7.143877721,-2.888372834,pre/pro-B
CATCTCGATCAGGATCAA-1_larry1,-5.885571694,1.124080842,MPP3
CACATGTGCGCCTGCATC-1_larry1,-1.651231265,5.447612112,GMP
TAGGATTAGCTACTGTCA-1_larry1,-2.938937878,0.218055849,MPP4
AGGTACCAATTACACCTT-1_larry1,2.277800465,-5.724031622,MEP
TGTTACTGATCCAAGTAA-1_larry1,-1.3857517,5.908552949,GMP
GTTGACCATCATACGCAG-1_larry1,-0.402386045,-3.621114666,MPP3
AGATGAGATGAACAACCA-1_larry1,-1.543191171,2.684092348,GMP
TATACGGATCTGATGCAC-1_larry1,3.981115842,-6.563242133,EryP
CCTTATCCGATCCACAGT-1_larry1,1.027608746,-0.10152627,GMP
TATCACCTGCTCTTCAGC-1_larry1,-4.907821393,2.588144605,GMP
CCTGCTCCAAGAGGACGT-1_larry1,-2.759945369,3.978932207,GMP
CCTTAATTCCAGATCGAC-1_larry1,-0.978131389,-1.992450173,MPP3
CTGACGATGCACTGCTTA-1_larry1,5.959333682,1.008978312,MEP
AACGTTCTTTAAGCACTA-1_larry1,-1.999500251,-0.400524582,MPP4
TTCTGAATGTCTGCGCTG-1_larry1,-1.590377784,-0.760437722,GMP
AATCGCCATACGAATCGC-1_larry1,-2.176573729,2.813939636,GMP
CTTCCGGTATCTGCGCTG-1_larry1,-5.866890645,1.156909173,MPP4
GAACTATGGTACGAGTGA-1_larry1,0.043373192,4.072894399,GMP
TATCTAGGTGTCAATACA-1_larry1,-1.999798512,3.479276483,GMP
TTGATGCTGATTAGCCAC-1_larry1,-5.616865849,4.923734014,GMP
AGTTCAACCAATGCCTCA-1_larry1,5.11128881,3.08883292,GMP
GGAACCTAGACCGACGGT-1_larry1,4.967978263,3.609081094,GMP
GAACTGCAATGATCGGAA-1_larry1,4.672789836,3.265844171,GMP
AACTGCGACGCCATCGCT-1_larry1,-5.705119347,-2.22167402,pre/pro-B
CTTAATCGTCCGACTTGG-1_larry1,-2.232868647,0.435689037,MPP4
AGGATCTCAGCACTGGAT-1_larry1,0.185098285,-0.983155901,GMP
GGAATTGGATGCTTACGG-1_larry1,-2.327437138,0.832160895,GMP
TACGACTTGGAGAACAGG-1_larry1,5.882259154,-0.300248647,EryP
GAACAACCACGCGAGTGT-1_larry1,-2.220625377,2.360163276,GMP
GTCCTTCATTTAACGTTC-1_larry1,5.65169456,2.021502082,MPP3
ATCCAATGAGAATCAACC-1_larry1,-7.432275033,-2.977693016,pre/pro-B
CGAACAATCAGCCGGATC-1_larry1,-7.471773362,-2.975353177,pre/pro-B
TACTTCCAGATCGAATCG-1_larry1,0.798435682,-1.165956314,GMP
GAGAACAGGCTTAAGTTG-1_larry1,-5.875106549,1.136911218,MPP3
GTGAGGACGGACTATTGA-1_larry1,1.900026107,-1.36557203,MEP
CAAGCGCATCTGGACACT-1_larry1,6.02901485,0.321559494,EryP
CTAATACGCCAACGCACA-1_larry1,-1.042750335,0.603869383,GMP
AGGTATTCCTTGATCGTA-1_larry1,3.153497005,-2.570043976,EryP
CGGTGAGTCTATGTATGC-1_larry1,-1.890092587,-2.422561581,MPP3
GTAGCTACAATATGCAGC-1_larry1,-6.273782468,-2.633783991,pre/pro-B
TCCGGAGCTATCCGTCTC-1_larry1,-3.317283368,2.995984857,GMP
CAACGATCGATTATGCAG-1_larry1,-2.519414878,3.26491863,GMP
GTGAACCACCCGATCAGC-1_larry1,-2.471377826,-5.765061552,MPP4
CAATCTCCGGGTGTTCAT-1_larry1,6.142277503,-0.050821061,EryP
AATACCTTGGACTTCACC-1_larry1,-3.899047112,-2.35018223,GMP
TATGAAGACAGTCGATCA-1_larry1,5.805766845,2.497753685,MPP4
ACTTCTTGGATCGGTGGT-1_larry1,6.652095103,-1.980316932,MEP
TCCAATCATACCATACTT-1_larry1,3.508065009,-3.525599415,EryP
GTCAAGATCTCGTCATTC-1_larry1,-3.20032475,1.57255513,GMP
AACTGCGACCCTAGAGTA-1_larry1,-5.963308549,-4.197500641,pre/pro-B
ATCATTACGCCGCACTCA-1_larry1,-2.336596703,2.840094631,GMP
GAGTCCAATAATCGTGTT-1_larry1,-3.828664517,-2.224172409,GMP
GGTGAGTTCAGTGAGAGA-1_larry1,-3.462109303,2.990004127,GMP
GTTCACTCCTGATACCGT-1_larry1,-7.296472287,-3.211094315,pre/pro-B
AAGTTCTCTGCGCTACCT-1_larry1,-0.185379779,-2.362842019,MPP3
CACGACTCAATGGTTCGA-1_larry1,-2.224804139,0.099954699,GMP
TTCACTCCTGGTGTTCAT-1_larry1,-3.255353188,0.956867879,GMP
GTTGACGTGGCTCTGTGT-1_larry1,-3.541172242,-2.489001448,GMP
GCTAGTGGAGCGCTAGAA-1_larry1,-5.421168065,5.125144785,GMP
TAAGTACACTATTGCTAC-1_larry1,-0.240533626,6.631277864,MPP3
GAGAATCAGTAGACCTAC-1_larry1,-2.261670089,2.62525398,GMP
AATGCAGCGCGCGTGAGA-1_larry1,3.827726865,-2.155330117,EryP
AGGAATTGGACCTGTACC-1_larry1,-5.736547685,1.285893743,MPP4
TCGGTATCAGCCGTGAAC-1_larry1,-6.188668465,-4.070424731,pre/pro-B
GTTAATTCGTAACACGAG-1_larry1,2.488629484,-2.635177786,EryP
GCGCATTACAGGTCCGTC-1_larry1,3.354835773,-3.907517607,EryP
TATGCCTTCCATAGTATG-1_larry1,-1.792770362,0.320886557,GMP
TTCACTGGACCTCCAATC-1_larry1,-6.066682553,-2.339593823,pre/pro-B
ACCGAGTAGATGCGTGGA-1_larry1,0.000440264,-3.157442982,HSC/MPP1
CCACTTCGCGCACGTAGA-1_larry1,5.045890594,3.605606859,GMP
ACGAGAGCAATGGACGTT-1_larry1,-2.158214307,3.097229068,GMP
TTCAACTACCACAACCAG-1_larry1,-1.413601613,1.014785116,GMP
TCCTCGTCGATACAACCG-1_larry1,-0.686605906,-2.003711517,MPP3
AGTAGAGGAGCGCATTAC-1_larry1,0.050672078,-5.785462077,MPP4
TAAGTGTAGCGATACTCT-1_larry1,-2.701603627,1.608345335,GMP
GCCGTTGTTTGGTTATAC-1_larry1,1.37374785,4.02248842,GMP
GTATCCTGCCTGGACTAA-1_larry1,1.752340937,3.637424295,MPP4
CAGGTATCGAGATCGAGT-1_larry1,-4.948653436,2.66121537,GMP
CCACGCCATCAATCAAGT-1_larry1,-5.78817389,-2.984006579,pre/pro-B
ATGCTGTCGCGACCTGTA-1_larry1,0.664800229,-0.095783005,GMP
CTCTAGTAAAGATGTTGG-1_larry1,-1.269396877,-3.040717537,HSC/MPP1
TAGGTCAACTAGGAGGAT-1_larry1,-5.305282807,5.149331873,GMP
ACGTCGCTCACCGGAAGG-1_larry1,-4.983351445,-1.642739828,pre/pro-B
CACTAGACTTTAGTCGGA-1_larry1,6.409424091,-2.066299255,MEP
ACAACGAGCCAGTGAGGA-1_larry1,4.04758265,-2.807871516,EryP
TACCAGCCATCACCGAGG-1_larry1,3.956839824,-6.482354815,MEP
TCCGGAGCTATAGAGCAG-1_larry1,4.147312188,-2.512356694,EryP
CCAATATACGTCGACATT-1_larry1,-1.404841399,6.094658201,GMP
GCCTGCATCGTACCTAAC-1_larry1,-3.75488112,-2.176262433,GMP
GGAGTTAGCATTGGTTCC-1_larry1,-3.227255082,1.635448282,GMP
TTGTCAACCAATTAGAGG-1_larry1,-6.417897916,-2.726061041,pre/pro-B
TATCTAGGTTGCGATACT-1_larry1,-5.765048241,1.341203039,MPP4
TACAGGACTGTACTCTAC-1_larry1,5.337021136,-0.926304812,EryP
CATGGACTCACCGCTGTG-1_larry1,-2.445509171,2.001054113,GMP
GGTGCGTAGAGTGTCTCT-1_larry1,-0.898327923,6.702738111,MPP4
AGTACTACATGACGATGA-1_larry1,-0.581916785,4.648606603,GMP
TTCCAGGAGGTGCATCAA-1_larry1,-6.059140897,-2.158986623,pre/pro-B
GCCGTTGTTGAATCGAGA-1_larry1,-2.433679795,1.272025054,GMP
GTCGTTGCGTTCACTGGA-1_larry1,4.39752295,-1.861071284,EryP
TACATGCACTAACACGAG-1_larry1,-5.746173119,-2.919125016,pre/pro-B
ACCGGAGTACTGATCCGA-1_larry1,1.098715627,-3.24804395,MEP
ATCACCGCACGCACTCTT-1_larry1,-2.900083279,2.441843336,GMP
AAGACTGGTTATGAAGAC-1_larry1,0.472510034,-0.742333705,GMP
CGTGTCCGACAGGAGCCT-1_larry1,0.527676144,-0.201320852,GMP
ATTAGCACAGGTAGCATC-1_larry1,0.969846898,-1.843179042,MPP3
CCTTCGAGCGCGATGGTG-1_larry1,-1.36411283,6.357548063,GMP
GACCACTCGATAAGACAG-1_larry1,-3.300961232,0.974394267,GMP
TGTCAACCTGGATGCTCG-1_larry1,-0.705942368,6.782238309,MEP
CTCATGCCACCGCTCATG-1_larry1,0.747431958,-0.35782108,GMP
TGTCTACACCAATGTGCT-1_larry1,-3.513746476,-2.009415443,GMP
GCTAGCTCCAGCTTGGTG-1_larry1,-2.797811723,2.085825508,GMP
AGAGGTGAAGCAATCACG-1_larry1,5.80059793,2.338009899,MPP4
CCTCGCGTTGCCATTAAG-1_larry1,-5.892885423,1.125766938,MPP3
GTCGACATTGCGATATGA-1_larry1,-1.826968169,2.617822235,GMP
TTCCATACCTCGCATTCG-1_larry1,-7.344265199,-3.082051451,pre/pro-B
CATCCGACAGACGTTCAG-1_larry1,2.421466613,2.979799097,MPP4
AAGCATTGCCAATCATAC-1_larry1,-1.423823094,6.413578336,GMP
ATCAAGAGATTCCTTGAC-1_larry1,-1.536627984,6.275502031,GMP
CAAGAACCGTACACGGTC-1_larry1,-1.511411643,5.941717451,GMP
ACCACGCTAGCACAGTAA-1_larry1,6.658564353,-1.949287469,MEP
GCGTGAGCTCTAACACTG-1_larry1,-2.012600636,3.44912607,GMP
CTAGTCGTCATTGATTGG-1_larry1,-1.912956452,1.763531511,GMP
GAATAAGAGCATAATTGG-1_larry1,-2.607214665,0.682879989,GMP
GGTAGTGTTGGTGCGTAG-1_larry1,-2.321067309,2.108603542,GMP
AGACCACGCCGATTCGAG-1_larry1,5.757388377,0.852217619,MEP
AGTCGCCGAAGTCGCCGA-1_larry1,3.924960876,-3.045591052,EryP
ATGCTTCAGCTTGGTCAT-1_larry1,0.648496947,-1.834549005,MPP3
AGGATCATGGTTGATGCA-1_larry1,-7.500228143,-2.97028106,pre/pro-B
CCATTACAGTAGTAGTCT-1_larry1,5.306185508,3.708952253,GMP
CGGAGACTTTTACTTACG-1_larry1,5.488833213,-2.44501775,EryP
CACACCTGTTCTCGATGC-1_larry1,6.320069575,-2.898135598,EryP
CCATACGATCACTGGTCC-1_larry1,5.143639827,3.562943761,GMP
GATCTAGAGTACGAGTGA-1_larry1,-1.66663835,3.136312788,GMP
TTGAGACGGGCACGCATT-1_larry1,-6.018191552,-3.97968858,pre/pro-B
ACAACGAGCAGCGTCGTC-1_larry1,-2.157146668,-5.839432414,MPP3
GCAGGAGAAGCCTGCATC-1_larry1,3.748578096,-3.342648442,EryP
ACCACGGATGTAATCAGC-1_larry1,-5.713716721,1.273294633,MPP3
GGTAACTACTTGTCAACC-1_larry1,5.558853889,-0.485681276,EryP
CCTGACCTCAGTTACAAG-1_larry1,5.850992942,-2.505112822,MEP
AATCCTCGTTCGTCATTC-1_larry1,4.314212346,-0.164289276,EryP
CTGACAGCAGAACATGAC-1_larry1,-2.620893693,3.563500469,MEP
TGAAGACCAACTTCTAAC-1_larry1,-1.670228696,6.280156438,GMP
TTCAGTGCCAAGTACAGA-1_larry1,3.388693595,-3.324240382,EryP
AAGCTGGTCGCAACTCGC-1_larry1,-1.155056095,2.826657121,GMP
TTAGGAAGGCGACGTGAT-1_larry1,-5.47632668,1.100040739,MEP
CCGACGTCAAGGATTGAG-1_larry1,-1.455878472,5.50375921,GMP
ATCGGTGGTTACTTACCA-1_larry1,-3.683295941,0.051695381,GMP
CACAACGCTGAGACGATC-1_larry1,0.44560715,-0.58481204,GMP
TATTACTCGGGATACCTA-1_larry1,-2.49583385,0.736417835,MPP4
GACTTCACCCTTGCACAA-1_larry1,-3.644234395,0.159725134,GMP
AAGGAACAGTCAGTGTTC-1_larry1,2.403648639,3.113563125,MPP4
GAATCAACCTCGCTTAAC-1_larry1,-4.976565575,2.660862272,GMP
ATGCGTGGAAACAATGCA-1_larry1,2.107436562,-5.586626227,MEP
GTTATCGATTACTGATGA-1_larry1,-0.549659705,-2.741479571,MPP2
GTGCTAAGCGCCGTTGTT-1_larry1,2.784469867,-7.617665942,EryP
GAAGAGCACTGCCGAACT-1_larry1,-5.499567723,1.467908566,MPP4
ATGCTTCAGGTGCACGAG-1_larry1,-3.222963786,1.272402709,GMP
ACGCTATGTCCGTCCACT-1_larry1,4.915663028,2.98048002,GMP
CTCCACGTCGTATACAGA-1_larry1,-2.689504361,-1.301902468,MPP4
TATTCAACGTGCCATCTC-1_larry1,-5.128607011,2.370674913,GMP
CAACGTCTTCTGATGCAC-1_larry1,-0.867808676,6.517487352,MPP4
CTGCTGCTTCTTAATCGT-1_larry1,6.006527209,0.685247188,MEP
GTCATTCTAATGAGATCC-1_larry1,1.774772549,-4.480511839,EryP
GTGGTACGGTCTGCGCTG-1_larry1,1.05756768,2.655695503,GMP
CCATAGCCACTGCAGAGC-1_larry1,-2.990869975,1.641038482,GMP
CAGCTTACCGGTAAGTGA-1_larry1,-1.641488767,-1.008036311,MPP4
GAATTGTTGCTGCTTAGG-1_larry1,4.508440519,-2.050817783,EryP
CACAACCAGTTATCGCAC-1_larry1,0.582692059,-1.508053596,MPP3
ATCGGTGGTTCACGACAA-1_larry1,-1.013983702,6.185085123,GMP
GATGTCTAGCATCTCGAT-1_larry1,-1.725296712,3.051858728,GMP
TACTTCCAGGCTACCTTA-1_larry1,0.581154192,-0.469567443,GMP
GCGAACTCGCTCGACTGC-1_larry1,-5.719687199,0.971168225,MPP4
AACAGCAGTATATCCGAT-1_larry1,-1.668187594,-2.879748042,HSC/MPP1
CCACCATGCGTAACCATA-1_larry1,-1.045670247,5.97276098,GMP
TGCCAATGGTTACGGACC-1_larry1,-0.618084884,-0.115991141,MPP4
CAAGTCACTGGTAGTGTT-1_larry1,-2.042111373,3.542072361,GMP
ACCATACTTAGGATGCGT-1_larry1,-5.462228036,2.363696163,GMP
CGTTGATCCGGAGTTAGC-1_larry1,-2.141519046,2.110184496,GMP
CCGTCCACTCTATCTTGA-1_larry1,0.538625764,-0.228718261,GMP
GGAAGGTATCCGTCCACT-1_larry1,-2.385374522,-2.609732563,GMP
AGTTCAACCCACTACAGG-1_larry1,-3.443544125,2.937935178,GMP
GTTATCGATTCACATACT-1_larry1,-1.651393628,4.874093359,GMP
CTTACCTAGAGCTACTCA-1_larry1,-2.288297868,2.786183422,GMP
TTACTTACGAGTGTTCTG-1_larry1,-1.394837832,6.073592012,GMP
GTCGTCGACGGTGGAGCT-1_larry1,-2.886827206,3.864104574,MPP4
TGCTCCTCCCTGGAGCGA-1_larry1,-7.057921624,-2.837021763,pre/pro-B
ATGGATATCTTACAGTGT-1_larry1,-1.150203919,5.471445386,GMP
GACTTGATTCTTCGACTG-1_larry1,-5.382503247,5.098574941,GMP
TGCCAATGGGTCAGTTGT-1_larry1,-2.60056231,3.66119272,GMP
CATTCAGTTGGTCTCATG-1_larry1,5.351977611,3.76150543,GMP
TACAACACCAAGCCAAGT-1_larry1,-2.557913041,0.464653854,GMP
GCGGTAAGTCACACTGCC-1_larry1,-2.850475526,3.389244621,GMP
TACTGATGAACCATACTT-1_larry1,-1.413153863,5.797010248,GMP
AAGTACAGACTCGTCTTG-1_larry1,-0.755014157,-3.293312962,HSC/MPP1
TCAATCTAGTTCCGCCAG-1_larry1,-2.60692451,2.252873008,GMP
CGTACATCTCGTTCCATT-1_larry1,-3.517487264,-2.358478005,GMP
ACCGTCCTAATCATGTTC-1_larry1,-5.453955865,2.22151715,GMP
CCACCATGCTCTGTGAAG-1_larry1,1.448820257,-2.222158129,MEP
ACGTGTAGTGCCATACAA-1_larry1,-1.011267757,3.594152515,GMP
TCTCATCGGAGATGAGAT-1_larry1,2.704778934,-7.850059683,MEP
AGTGACGATATGCGCTAC-1_larry1,5.003257537,3.644468849,GMP
CACGTAGACATCGTAGTG-1_larry1,0.052111113,-3.041766818,MPP2
AGGTCAGCACTCCGCATT-1_larry1,-1.388287997,6.293373888,GMP
GGTTCTATCGACCGGTAG-1_larry1,-6.085410333,-4.098782237,pre/pro-B
CCATATCTTGAGCCGTTA-1_larry1,-3.195855117,1.223093813,GMP
GTAGCTACATCTAGGATG-1_larry1,-1.518982625,-6.078522379,MEP
GTAGAAGTTGCCGCCTAA-1_larry1,-5.916516042,4.607952421,MPP3
TCCTTAGGTTGAGCTAGA-1_larry1,-0.985612011,6.131317918,GMP
CCAACGGAATTGGTAACT-1_larry1,-1.847404933,1.466033166,GMP
AGTAGAGGAGCGCTTCTC-1_larry1,-6.189233994,-1.394702728,pre/pro-B
CTCTGCGGTTCAGACAAG-1_larry1,5.878829265,1.131039922,MEP
ACTTCTTGGCTAACACTG-1_larry1,-1.355807996,-1.632118757,MPP3
CATGACGTTCACTACAGG-1_larry1,2.117789173,-3.047349865,MEP
ACGCTATGTGGATACCTA-1_larry1,-4.976758218,2.534366672,GMP
GGTTACGCAGCTCTCCAA-1_larry1,-1.602068162,-0.179652135,MPP4
TACGGTCGTTCATCAGAG-1_larry1,-2.930449462,1.766426389,GMP
CTTGATCTATCCTGAGAC-1_larry1,-5.61923573,1.838214939,GMP
ACAGTATTGATCTGGTAG-1_larry1,5.703218723,-3.021293337,EryP
AAGCTGAGGCCGTACGGA-1_larry1,2.668224836,-2.34873193,MEP
TAGGAGGATAACAGCAGT-1_larry1,3.871132159,-6.482996638,MEP
GAGTCTTCGGACACGCAA-1_larry1,-0.271918809,4.058800047,GMP
GATCCGCACACGTATGTC-1_larry1,3.299423242,-2.961036856,EryP
CCATATCTTCCGGTTCTA-1_larry1,-6.060404038,-2.583518679,pre/pro-B
GATGTTACAAGTCATACT-1_larry1,2.811481977,-7.824372942,MEP
AGGTCCGTCAGATCTTCA-1_larry1,2.872315669,-4.062465842,EryP
TAGACACGTTCGCTGATT-1_larry1,6.000813747,1.092828577,MEP
ACCGGAGTAAAGAGAGAG-1_larry1,-3.053615784,1.705203478,GMP
AGGATTACTTCTAGGATG-1_larry1,-7.310724473,-2.933462794,pre/pro-B
TAGCCAGTGATCTCGAAC-1_larry1,-1.528119063,4.468965356,GMP
GCCATTAAGTGCATCGGA-1_larry1,-5.65296576,1.430857127,MPP4
ATCCTCCGACGGAACGAG-1_larry1,-0.573849416,2.645658081,GMP
GACTTCACCTCTAGGATG-1_larry1,-6.368435597,-0.944225962,pre/pro-B
ACTGACTACAGAAGTAAC-1_larry1,-2.266602015,0.634788637,GMP
TGGAGAACCTATACGTGG-1_larry1,-7.521587586,-2.948706562,pre/pro-B
TAGCTAAGAGGTCCTAAG-1_larry1,-1.492726779,5.244347875,GMP
GCCACGAGTCTTCCGGTA-1_larry1,-5.428245282,2.363748615,GMP
TGATGTGTGGAACCTTCA-1_larry1,-5.314388966,5.135709112,GMP
GCATGTAAGTGTGGTCCT-1_larry1,-2.892613625,-0.128273989,MPP4
GAGTGTGCCGACCGCTTC-1_larry1,-7.590394234,-2.888727124,pre/pro-B
GTACCTAACGCCATACAA-1_larry1,-6.464442468,-1.95913213,pre/pro-B
AGCCTCTAGCCTCGGTCA-1_larry1,-3.017117476,3.554886882,GMP
GTGTTGGAACGTGAGACT-1_larry1,0.699361978,-1.428621585,MPP4
ACTTCAGTAAGGATGCGT-1_larry1,-5.725514626,4.84941036,GMP
TGTAGATCGATAGTCAGT-1_larry1,-3.794119096,-2.238926465,GMP
ACTCCTGAGGAGTATCGC-1_larry1,3.800802255,-2.821004326,EryP
TACGTTACCTGAGATCAT-1_larry1,-1.30378828,5.423776929,GMP
CAGCACGTGTATCCTCAG-1_larry1,-1.80814836,1.716874425,GMP
ACTCGCTGTACGACGATT-1_larry1,-1.954349255,-1.623073156,MPP4
ATTGACACGTCGGACAGT-1_larry1,-1.879149413,3.374829357,GMP
TGATGTGTGTCCGATCTG-1_larry1,-0.354898548,-2.17168575,MEP
TACAGTTAGAGGTACCAA-1_larry1,6.160112643,0.034919058,EryP
CAGTCCTAACCAGTACTC-1_larry1,5.275944972,3.700035398,GMP
AAGAGAACTCATGTCCTG-1_larry1,-6.191815591,-4.295103724,pre/pro-B
TAGACCATGTTCCTTGAC-1_larry1,6.084612632,0.617146854,MEP
CGCAGTGTCACCATTCAC-1_larry1,-1.431906199,5.107355421,GMP
TATACGTGGCGGTCGACA-1_larry1,3.776161456,-3.373583968,EryP
TTCGCTGAGCGCAATCGA-1_larry1,3.841154361,-2.136504347,EryP
GCAGCAGTGCGTTAATGG-1_larry1,5.606128478,3.281405275,GMP
CGCCATTACTTCTGGTGC-1_larry1,-2.243622756,3.287000721,GMP
ATGATAGCTTCGTACCTT-1_larry1,4.191230083,-2.458036835,EryP
TCGGATGTTACAACCGGA-1_larry1,-3.129671073,2.990168159,GMP
TTCTCCACACCGTACGGA-1_larry1,-2.285641885,-2.970144446,MkP 1
GGAAGGTATCAGCTTACC-1_larry1,-6.518264508,-0.75461253,pre/pro-B
GCGTAACAATACACGGTC-1_larry1,-2.318650222,-0.167478944,GMP
GCGACAACCCTTCGACTG-1_larry1,-5.663330293,1.618052189,MPP4
CTGCGTCACTGACCAAGT-1_larry1,-6.123697972,-4.31110018,pre/pro-B
GATACACTAAGTCATACT-1_larry1,-1.138580417,3.331474607,GMP
CACGTAGACAGAAGTCCT-1_larry1,-3.233307099,0.764266675,MPP4
TGTATCGTGGACATATGT-1_larry1,4.277086759,0.34046108,EryP
GTCAATACATAGCTAAGA-1_larry1,-2.93754909,3.96198446,GMP
GTACTCTACTTGGAGAAC-1_larry1,-0.72394464,3.335768526,GMP
TGTGGACAAAGCGTAGAA-1_larry1,-1.565066552,6.435251539,GMP
CAGCGTAAGCCACATTAG-1_larry1,-1.872699714,3.147003477,GMP
ACCGATCGAGACGCTTGC-1_larry1,-5.887752747,4.576103036,MPP4
TGCTCCTCCCTAGACATG-1_larry1,-6.29346106,-1.900186951,pre/pro-B
GCACGTAGAGTAGTGGAG-1_larry1,2.335126305,-5.702720339,MEP
TCATGCTCAGGATGCTCG-1_larry1,4.900814796,3.509810035,GMP
CTCTACGCAAGGTGCGAG-1_larry1,6.510819698,-3.078348572,EryP
ATCTCGAACGCGTAACAA-1_larry1,-5.232280946,4.754202669,GMP
GCTAGTGGACGAATCCTG-1_larry1,-2.41191957,1.443907921,GMP
TAGACACGTTCCGTATAC-1_larry1,4.042167211,-6.502210791,EryP
CAGATCATTTGCCAATGG-1_larry1,-1.707283473,1.508902614,GMP
CCACTTCGCCCACATTAG-1_larry1,-2.142628884,-1.105011101,MPP4
GCCGAACCAAAGCCAAGT-1_larry1,-1.647980904,2.702497785,GMP
CGGTGTTACAGTGATGCG-1_larry1,-2.503122544,2.476553266,GMP
GATAGTTCTATTCACCTC-1_larry1,3.680758977,-3.385641034,EryP
AGCGGTAAGTAGGAGCTA-1_larry1,-2.24403522,-0.765595491,MPP4
GCGAACTCGGATATGGAC-1_larry1,-1.778548455,-0.688779468,GMP
ATAGTCAGTGATCTAGAG-1_larry1,3.320164228,-3.833220417,MEP
AGAGCGCGATGGTTATAC-1_larry1,-2.042637801,2.700477665,GMP
AGCAAGTCCATCTAGGTT-1_larry1,-2.295594907,2.403538768,GMP
TCAATCTAGTCTTGGTAG-1_larry1,-1.770643687,-0.081839378,MEP
GGACGAGCATGTGTCTAC-1_larry1,-2.739945626,-5.696538622,MPP4
TCGAATAGAAACTCCATG-1_larry1,-3.400531983,2.793420856,GMP
GCATGTGGTATAAGACAG-1_larry1,-2.193736768,1.129577582,GMP
GTCGTCGACCGTTCCATT-1_larry1,-1.782160258,0.812860673,GMP
GCGAAGCTCGGAGTACAG-1_larry1,5.11187532,2.78854615,GMP
TAGGAGGATCAGAAGTGA-1_larry1,2.834838891,-2.452557499,EryP
CGAGTAGCATTCGTGATG-1_larry1,2.230729246,-5.615223582,MEP
CACGTCATAAAGCCAAGT-1_larry1,-5.049174523,2.600331371,GMP
ACCACGCTAAGTAATGGT-1_larry1,-2.015605187,2.65823323,GMP
GACTGCCTGGTGCGAGTA-1_larry1,-2.88813374,1.910850828,GMP
GCCGCTATCGAGCAGGAA-1_larry1,6.432976508,-3.093964512,MEP
GGAGACACATTCCTTGAC-1_larry1,-3.479521489,0.353803461,GMP
ACAGAGATGGTTGACCAT-1_larry1,-3.47927258,2.957241123,GMP
ACCATGTCTAAGTAGGAC-1_larry1,-1.965674376,2.649645631,GMP
TGCTATGAACCGGTGGTT-1_larry1,-0.920734382,6.623122995,MPP4
TAGGAGCTACACCAGAAG-1_larry1,2.581168676,-2.866000349,MEP
ACTTAGCTTCCTATTGGT-1_larry1,-1.520383572,3.15258724,GMP
AGCCTCGCACAACCGGTC-1_larry1,-2.454555249,-5.595126803,MPP4
AAGAGAGAGTGTACACGA-1_larry1,-5.927569604,-1.703504498,pre/pro-B
TGCGTCTTAATAACGACA-1_larry1,-1.960916257,2.948463981,GMP
TGTAGCAAGCCACGTTCT-1_larry1,2.45065012,-5.491075213,MEP
TACTCGCTGCGTACATCT-1_larry1,-3.109867549,0.779776161,MEP
TGATAGAGGCTGCAGAGC-1_larry1,-1.734574056,6.149698083,GMP
TCCTTCGTAATAAGTTCG-1_larry1,-0.683667755,-3.593913729,MPP3
AAGCAATCGTCGTCATTC-1_larry1,-1.314278459,5.325565641,GMP
TGTCATAGCGACATATGT-1_larry1,-0.277540004,-2.899506028,MPP2
GTCCTAGTTGATCTTCGC-1_larry1,5.072302127,3.668103759,GMP
ATTAGCGGTCTTCTATGA-1_larry1,-1.690878129,0.992509191,GMP
ACTCGTCTAACCACGGAT-1_larry1,-0.265016532,6.502297704,MPP4
GCAGCTCTTATAATGTGG-1_larry1,-5.959958768,-4.229183848,pre/pro-B
AGTTCGATACCGTCCACT-1_larry1,-5.658924794,1.643205946,GMP
ACATGACTAGAGATTCCT-1_larry1,6.186264301,-2.835033352,EryP
CCGTTCCAAAGATCGAGT-1_larry1,-0.866031027,0.784600442,GMP
ACATTCCACCAAGAGAGT-1_larry1,2.841136718,-7.748422797,EryP
AGTTAGGTCGACTTGATT-1_larry1,2.292909765,-2.957067425,MEP
ACTCCGGTTTGCTGCGTC-1_larry1,-5.115333772,2.522976224,GMP
TAGTGCACTCATTGACAA-1_larry1,4.280853057,-3.078122551,EryP
TAAGCCATTACGAATCGC-1_larry1,0.385209078,-3.095915968,MPP3
TGTGAGTATTGCAGTTCA-1_larry1,-2.988866782,-6.185429747,GMP
GCGTGAGCTTGGTCCTAG-1_larry1,-2.527622914,-3.178146536,MkP 1
TTAGGAAGGCCTCCAATC-1_larry1,2.158538366,-3.829130585,MEP
CATCTCACGCCAGATCAC-1_larry1,-6.208261704,-4.195055659,pre/pro-B
CGCGTGAGATGTCATAGC-1_larry1,3.416093373,-3.804283793,EryP
GCTTCACTCCGTGTCCGA-1_larry1,-5.665314412,-2.100889857,pre/pro-B
GTAGCTACAAGACCAGCT-1_larry1,-1.359759784,6.035926168,GMP
TGTAGATCGTTGTAATGC-1_larry1,-1.422404265,3.398428505,GMP
TGGTAGCAGTGTCGTGAG-1_larry1,-1.449333882,-1.59355026,MPP4
AGTATGACGCAGCCGCAA-1_larry1,0.189939374,-3.075100596,MPP3
ATCTCGTGAGAACATGAC-1_larry1,-3.17415545,1.285260742,GMP
AACCGTGAGCAAGCCTCG-1_larry1,2.021042133,-3.734964783,MEP
AGCCGGATCGTTAGTCAA-1_larry1,-1.642920232,2.855912273,GMP
GGTTGCTATCTTACCTAG-1_larry1,1.695127392,-3.61258858,EryP
GGAATTGGAGCCAACAAT-1_larry1,-0.593348002,5.825362508,GMP
TTCCTCGGTCGATTGAAC-1_larry1,-3.440290665,-5.827898199,GMP
GTTATCGATCTTAGAAGG-1_larry1,-6.138616299,-2.0181691,pre/pro-B
GATATGGACAGCCTCTAG-1_larry1,-6.24735043,-4.193555052,pre/pro-B
TCAGGTGCAGTATCGTCG-1_larry1,2.665997529,2.769043272,MEP
GACTTGATTTGTCATAGC-1_larry1,-2.240314698,-2.817081149,MkP 1
AATACGTCTTCGTTCTCC-1_larry1,-1.337562299,5.945951765,GMP
CACCTCAACTACCATGTA-1_larry1,-1.782965159,3.299908464,GMP
TGAACGGTTATTGACACG-1_larry1,-5.325490689,5.038893526,GMP
CTCTAGTAAGGTGAGCGT-1_larry1,-1.760471558,4.552046125,GMP
TTCTCCACACATCCACCG-1_larry1,2.45470407,3.066925352,MEP
ACACTGTGAGATTATGCG-1_larry1,-3.291817403,1.529535716,GMP
GAATTGTTGCGGAATGCA-1_larry1,-4.629586911,1.58705992,GMP
GCGTAACAAGTCGCAGGT-1_larry1,6.261625076,-3.043775732,EryP
ATCCGGTCCGCTGTTCGG-1_larry1,4.116870189,-6.51342457,EryP
GTTGCTCAGCACTGTATC-1_larry1,-2.083380437,-5.904899771,MEP
CGTGCCTATCTGAGTCCA-1_larry1,-2.656133151,2.68360955,GMP
CCGATCTCTAACAGCAGT-1_larry1,-2.507687783,1.785627668,GMP
ACACAGAACTCAGTAAGC-1_larry1,-2.463633275,0.983710473,GMP
CGTATTCCTGATTGAGTA-1_larry1,-5.144638753,2.633079593,GMP
GTAGTTGGTCGTTCCATT-1_larry1,5.50519445,2.710514371,GMP
TCAGGTGCAGCCGTGAAC-1_larry1,-3.212609505,0.816430991,MPP4
CTCTAAGAGCTGGTGACA-1_larry1,0.138374233,-3.785883601,MPP3
CAGGTTGTCCACCTACGC-1_larry1,-2.380417561,2.434923952,GMP
AATGCAGCGCCAGTCTCA-1_larry1,-1.236289477,-1.651317294,MPP3
ACTTCTTGGACTGGTCAG-1_larry1,0.553690815,-1.928426559,MPP3
CACTGCTTAGACTAGCAT-1_larry1,5.999898219,-0.122806202,EryP
GCGGACGAAAATAGACGC-1_larry1,-3.10160563,1.398936932,GMP
ATTAGCACAAGCTTGGTG-1_larry1,-2.397953963,0.239561801,GMP
TCATCTGTCGCATACTCC-1_larry1,3.60936358,-3.141424591,EryP
GGTGAGCGTCCGAATATG-1_larry1,-3.030147528,-6.096378024,GMP
AGTAATGGTATTCGCTTA-1_larry1,-2.297843671,-5.675039942,MPP3
TATGACCGAATTCGAAGA-1_larry1,-1.469640231,2.44400317,GMP
CGACAGGAAGTGCTAAGC-1_larry1,-3.019556737,-5.068161662,MPP4
TACAACACCAGAATCAGA-1_larry1,-0.712896681,-6.538488562,EryP
TAACGGATATGACCTCCT-1_larry1,2.827653432,-7.747795279,EryP
CTAGAGTCGATGCTCACC-1_larry1,1.797889137,-4.538872893,EryP
GCACAACTCGATACACTA-1_larry1,-5.043389058,2.375202482,GMP
GCAGCAGTGACTAACCGA-1_larry1,0.056570137,3.373057191,GMP
AACTTGTCGGATACACTA-1_larry1,2.472388411,-5.635233099,MEP
CGGTCGACATGAACGTCA-1_larry1,0.718663173,-0.255475106,GMP
ATCAAGAGAGACGTCAAT-1_larry1,-2.376431441,0.002451752,GMP
CATGTGAACAGTTCGATA-1_larry1,5.699661994,1.952322309,MPP3
CTCAGTGATGTCTTATGC-1_larry1,5.792060161,-0.259153711,EryP
TAATGTAGCCAATGTGCT-1_larry1,3.010757709,-5.191550429,EryP
CAAGGTGTGGAGCAGGAA-1_larry1,-1.389564252,6.234956091,GMP
GTGTCACACAAGCTGAGG-1_larry1,-1.626025414,6.187413042,GMP
TACTAGTAGGGTCGGATA-1_larry1,-6.675554967,-2.052888091,MPP4
GTCAGCGTCTATGAAGAC-1_larry1,-2.167680478,2.2724312,GMP
CGAAGAGGTGATCTGTTC-1_larry1,3.620594049,-2.653920348,EryP
TGCCATCTCTGACCTATG-1_larry1,-3.099376416,0.505985086,GMP
CACAATAACAGCATTGTT-1_larry1,-2.316915965,1.66843981,GMP
TCGTTCTCCTGTCACATA-1_larry1,-5.631099439,4.469748323,MPP4
GGAACTGCTTCCAGCAGC-1_larry1,3.506159806,-1.339598353,EryP
GATTGGAAGCCGATGTTC-1_larry1,-1.125147915,-1.77044862,MPP3
ATGAGATCCAGCCTCGCA-1_larry1,2.995867992,-5.262937243,EryP
CCATCTAGGGAAGAGCAC-1_larry1,-2.212676978,2.281129663,GMP
CAGCTAGTTTAGCGCAGC-1_larry1,-6.229132867,-4.216135676,pre/pro-B
AACAATGCAGTTATCGAT-1_larry1,-3.021708941,3.988173311,GMP
CATCCACCGACTCCAACT-1_larry1,5.813870216,-0.483623425,EryP
TCAAGGAGTGGAAGTATG-1_larry1,1.205385828,-4.302437956,MEP
CGGTCGACAGCTATGTAA-1_larry1,5.698730731,3.346778219,GMP
CTTGTAACGTGGAAGATT-1_larry1,-1.993877625,0.538055365,GMP
TGGAGTGGATGTATGTAG-1_larry1,0.643027741,-3.037802155,MPP3
ATCACTTCCTGAGCTAGA-1_larry1,-1.528937316,6.246826475,GMP
TCTCATCGGAGTCCAGTG-1_larry1,3.812309051,-2.856987889,EryP
GCTTCTGAACCACGGATC-1_larry1,-1.058920359,-2.488012965,MPP3
GACACCGATTCTTGGTAG-1_larry1,0.856805036,-1.375712211,MPP4
CACCTTCCTAATTCGGAA-1_larry1,-2.018453097,1.265938466,MPP4
CAGGTATCGACAGAGATG-1_larry1,0.598485211,-3.241820748,MEP
ACGCGACAGGGATCAGGT-1_larry1,-2.696907258,1.683511679,GMP
CTTGTAACGGTTAGTCAA-1_larry1,6.138947272,-2.07399338,MEP
ACTCACGAATAGGTTAGT-1_larry1,5.731062198,-2.797774966,EryP
ATCCAGCTGGTCGTTGCG-1_larry1,-3.06051991,-6.086750681,GMP
ATGATAGCTTAGGAGGAT-1_larry1,-5.281157231,2.160893266,GMP
TATCGAGCCATTGCGCTA-1_larry1,-5.760536408,-2.143500979,pre/pro-B
GCGCTACCTGCGACACAG-1_larry1,2.685353542,-2.722535307,EryP
AGTTGCCTTCGTATTCCT-1_larry1,-2.789322591,3.041705196,GMP
AACGCATTGGAACCTTCA-1_larry1,2.691298986,-3.349255021,MEP
ACTCCGTCGCACTACAGG-1_larry1,4.492402101,-3.162222083,EryP
GACAGGTTATGTATGTAG-1_larry1,4.943401599,3.618587082,GMP
TACTAGTAGGGTAGTGTT-1_larry1,4.270517612,-2.932902272,EryP
GATTATGCGCACTGCTTA-1_larry1,0.655495141,2.276924436,GMP
CATGTGAACTGTTGTCGA-1_larry1,-3.01991198,-6.316468413,GMP
CGTGAGACTTCATCAGAG-1_larry1,-2.733968234,-5.818891222,GMP
TCAAGGTCGATCAGTCGA-1_larry1,5.646905685,3.103436296,GMP
TCAAGCGTAGCCATACAA-1_larry1,2.645136261,-3.806946928,EryP
GCCAACAATTGATTGTGC-1_larry1,2.195852423,-3.081395085,MEP
GAATTCAGTTACTCGCTG-1_larry1,-6.201724267,-4.208890612,pre/pro-B
GTCGTCGACACAAGGTAC-1_larry1,-5.762624478,-1.793842251,pre/pro-B
GACTATTGAGAGTGTGCC-1_larry1,2.10788002,-2.9088816,MEP
GAGAACAGGTCCTTAGGT-1_larry1,-3.210772967,-6.1538884,GMP
ATCCATTAGCCTTGACGG-1_larry1,1.08546319,4.009292905,GMP
ACCGACGGTCAATGCATT-1_larry1,-0.9298316,3.021463935,GMP
AAGCAACTATTCATTCGC-1_larry1,5.647122646,3.336086338,GMP
AGCTGCACTCGTGTATTC-1_larry1,-0.561140036,2.307077711,GMP
GTCCTAGTTGAGACGATC-1_larry1,-1.818345284,4.001256292,GMP
GACCTTGTGGTACCACAA-1_larry1,-1.974800086,3.248650138,GMP
GTCTGACGTGTAACGCGA-1_larry1,-7.438314652,-2.914751465,pre/pro-B
GTGCTGACTTGTCTACAC-1_larry1,-1.100446439,5.716714208,GMP
ACTACCATCTCTGCGCTG-1_larry1,-5.618527627,1.228828375,MEP
CCTAGCAATATAGCACGG-1_larry1,-0.717413401,-6.457467253,EryP
TCAGGTGCAGCTGATGTC-1_larry1,2.444049621,-5.646574671,MEP
CATACAACCCATCCTCTC-1_larry1,5.794711852,2.89325959,GMP
CAGTGCCATGTAACGCGA-1_larry1,6.669676089,-2.187189038,MEP
TCAATGGACCCATATCTT-1_larry1,-2.462523675,1.199556058,GMP
ACATTCCACCAAGGTGTG-1_larry1,-1.01583538,5.704195802,GMP
GTCAAGATCAGATACGTT-1_larry1,3.059527421,-5.205553706,EryP
TAGCTGTTGAGACCAGCT-1_larry1,-4.984099603,2.527483289,GMP
GATGCGACGAGGATCATG-1_larry1,-2.30136559,1.675733988,GMP
ACCGAGTAGCACGTAGAC-1_larry1,-5.372071957,-2.255533154,pre/pro-B
GGAGTTAGCATCGATCCT-1_larry1,3.218318725,0.348720257,MEP
GAACCTTCATTGACCTGA-1_larry1,-0.781385994,-3.217015202,HSC/MPP1
GACATATGTAGACCAGCT-1_larry1,5.284093166,3.775848215,GMP
GTGAATGCCCGGTCGACA-1_larry1,-1.783728099,2.921311681,GMP
CCTAGTCTCGAGGTGAGC-1_larry1,-4.253320908,2.532776659,GMP
ATGCTGTCGGCGAAGCTC-1_larry1,5.185447478,3.032789772,GMP
CAATGCATTCTCGTCTTG-1_larry1,-3.487965321,2.923787897,GMP
GGTACGAGCGCACAACTC-1_larry1,-1.776389336,-0.894829447,MPP4
GTATACAGATAGAGCGTC-1_larry1,-0.391604519,-1.656386073,MEP
GACGTAGCATAGCACTAT-1_larry1,-3.031529879,-0.231281939,MPP4
CAGCTTACCCGATTCGAG-1_larry1,0.41451014,-0.688418086,GMP
ATCAAGAGAGGTCGGATA-1_larry1,6.584582591,-1.875602419,MEP
TGAACTTGCATTCTCTGG-1_larry1,4.313138986,3.540928905,GMP
CCGACTGTTATCATGTTC-1_larry1,-3.011030412,3.934270208,GMP
GTTGCTCAGTGGAAGATT-1_larry1,-3.873554444,-2.207223589,GMP
TCTGTGAAGGAGTCTTCG-1_larry1,-6.133047795,-2.184427435,pre/pro-B
ATGATAGCTACTTCAGTA-1_larry1,5.643933559,2.468826597,MPP4
AACTGATTCTGTCGTACA-1_larry1,-2.43436954,1.032987421,GMP
CAACGTCTTCATAATTGG-1_larry1,-1.304198479,5.536364858,GMP
GATCGCGAACTACGTTGG-1_larry1,2.645333672,-4.108560498,EryP
ACACTGTGATAGCAGAGT-1_larry1,-5.143327927,-1.950760181,pre/pro-B
AAGACGAAGAGCACCGTG-1_larry1,-2.511254287,2.722983186,GMP
CCTAGCAATGTAAGTGAG-1_larry1,2.253585601,-2.893240149,MEP
AGTAACGTACTGGACACT-1_larry1,-0.77122817,-6.553348715,EryP
ACTCGCTGTACTTCTAAC-1_larry1,2.893280292,-5.157197649,EryP
TGCCGACTAATCCACAGT-1_larry1,-6.579063153,-0.641767735,pre/pro-B
GAACCTTCAGTAAGGTCC-1_larry1,-3.127695536,0.843363946,MPP4
CATTCGAATGCCAACAAT-1_larry1,2.824034238,-7.644325907,EryP
TCGACGTTGGTCAGTTGT-1_larry1,-3.227293706,-6.326837237,GMP
TGAAGACCAGTCTTATGC-1_larry1,-4.349698758,2.459166114,GMP
GTGCGTTCCAGCCACTTC-1_larry1,-2.817121005,3.640881126,GMP
GTGCTCGGAGATTAGACA-1_larry1,-3.027794576,4.035939996,GMP
GCAACCAACGTAGTTGGT-1_larry1,-6.018872475,-0.968476469,pre/pro-B
CACAATAACTCAACACTC-1_larry1,-6.279364323,-2.57706898,pre/pro-B
TATACGGATCCACGGATC-1_larry1,2.591689491,-3.745158608,EryP
CTGTTACCATTAGATCGG-1_larry1,-1.462438798,3.483573501,GMP
AATTCGGAATCTGATGAA-1_larry1,-0.983400917,4.82315809,GMP
TTCAACTACCAGTCTAAC-1_larry1,-0.102086103,3.150631731,GMP
CGTGTGTGGTTCCATACC-1_larry1,-3.53590033,2.863035028,GMP
GAAGGATCAACGCTCTTA-1_larry1,-5.9076936,4.638237779,MPP4
CTCTAGTAATAGCACTAT-1_larry1,-3.071426606,-0.13374203,MPP3
AGGAGCAATGATGTTACA-1_larry1,-0.733137822,6.506274049,MPP4
AATGCACTTCTGATCCGA-1_larry1,-2.930666184,3.92985565,GMP
TGCCTGGTTCACAACGCT-1_larry1,3.574474836,-3.232019837,EryP
TAGGTCAACCTTGCGACC-1_larry1,0.688787753,0.033456688,GMP
TCATCTGTCGATAGTTCT-1_larry1,-2.040399051,2.255011623,GMP
ATGTGACGAAACTTGTCG-1_larry1,-7.48103354,-2.826862748,pre/pro-B
GTGAACCACCAGTTACTG-1_larry1,5.698492789,-2.536531146,EryP
GATCTTCGCTCAAGCGTA-1_larry1,0.695107432,-0.170613776,GMP
TCCTATTCCCAAGCTGCA-1_larry1,-3.172489619,0.324936335,GMP
AATATCAGCAGAGCGCGA-1_larry1,5.690223479,2.163756673,MPP3
GAGCAGGAAGAACCTTCA-1_larry1,-5.834453797,-1.746412451,pre/pro-B
AACAGATCGCGTGCCTAT-1_larry1,3.672226453,-3.280542071,EryP
ACGGTGTACAGGTATTCC-1_larry1,-2.346810794,0.992719953,GMP
GAGTATCGCAGCCACTTC-1_larry1,-0.188315308,-0.839321787,GMP
GCAGGAGAAGCGACACAG-1_larry1,2.159382367,-2.85006922,MEP
CAGCTGGAGGCTCAATGA-1_larry1,5.329335952,2.982019012,GMP
TCTAGTGACCAGTGCCAT-1_larry1,-1.186176157,5.674575632,GMP
CTGAGTCCAAACAACCTA-1_larry1,4.91540792,3.334147995,GMP
ACTAACCGACCGTCCACT-1_larry1,-3.480162358,0.542861526,GMP
ACTCACGAAGAGCAGGAA-1_larry1,0.996362084,-0.262356951,GMP
CGGAACGAGAGGAAGGTG-1_larry1,-3.517975545,0.342864876,GMP
GCCGAACCAGCGCTAGAA-1_larry1,0.303704226,-0.856726761,GMP
CCGCAGAATCAACGCACA-1_larry1,1.562378311,3.85763294,GMP
CTATCTTGAAGCATATGG-1_larry1,2.222972417,1.755789106,GMP
ATAGTCAGTGTATACAGA-1_larry1,-1.20943234,1.901461904,GMP
TGATTATCGGATATATCC-1_larry1,-3.507787442,0.507581477,GMP
GTCTCCAGGATCCGACCA-1_larry1,-1.54304049,6.429364984,GMP
AGTTGCCTTAGTAGAGGA-1_larry1,3.691598201,-2.895976956,EryP
TTCCTAAGGGTGCTCGGA-1_larry1,-4.713177895,2.75850827,GMP
CCTAAGTCTGGTAGACAT-1_larry1,0.796861717,-0.401519644,GMP
CAAGCTGCATTCCATACC-1_larry1,-3.343744016,-6.017127211,GMP
CAAGGTGTGGCACGCATT-1_larry1,1.265234912,3.922142332,GMP
GTAATCAGCTCTGCAACA-1_larry1,-5.77337811,1.288329308,MPP4
TCGAACGCTATAAGTTCG-1_larry1,5.493426109,-0.256317182,EryP
AGTCGTCCGCATTCAGTT-1_larry1,3.319638038,-3.614082272,EryP
ACAGCGGTCCCGTTCCAA-1_larry1,-2.349554753,3.043203657,GMP
CCTAAGAAGGAGTATCGC-1_larry1,5.69737556,2.009537523,MPP3
CAACCGGTCACGTATGTC-1_larry1,6.25540092,-3.223568375,EryP
ACGCTATGTACTCGCTGT-1_larry1,4.035437131,-6.478229697,EryP
ACAGAAGAGCTGATGCAC-1_larry1,-6.255582547,-2.494888956,pre/pro-B
ACGTGAATCCGCTTATGA-1_larry1,-2.588888383,-5.714040453,GMP
GCTAGTGGATCCTGAGAC-1_larry1,-5.206468797,-1.857448275,pre/pro-B
TTACTAGTCTTGTTAGAG-1_larry1,-1.363274073,6.16881067,GMP
TAGCGAGAAGAGCCATCC-1_larry1,-5.649792886,4.865923708,GMP
GTGCCATGACTGGAGCGA-1_larry1,-1.316463923,3.687149589,GMP
CGGTGTTACAGCATATGG-1_larry1,-3.689788079,0.469328468,GMP
GCGCTAGAACAACTCCAG-1_larry1,2.839212918,-3.636434729,MEP
TTCTCCACACGCAACCTC-1_larry1,-0.438857174,-3.427185233,MPP3
CTCGCAAGAATCTTACAG-1_larry1,-0.466378307,-6.594264681,EryP
ATCACTTCCGTCTGACGT-1_larry1,0.01137557,-2.792661364,MEP
CAGCGTAAGGCCTAACGG-1_larry1,-3.618431783,-2.378238852,GMP
TTGGACTTCCAGATCGAC-1_larry1,3.188892389,-3.794028218,EryP
CCGAGCTGAACTGGTCAG-1_larry1,0.386885786,2.078373973,GMP
CCTGTATCTTCACATACT-1_larry1,5.785027766,-0.264029664,EryP
TTCAGTGCCATCCGACCA-1_larry1,-1.793951964,1.381038253,GMP
TGATGGACATGGAGTGGA-1_larry1,4.473237539,3.451834743,GMP
TAAGGTGATCGCAATCGA-1_larry1,0.806213448,-2.363323386,MEP
CACTGGTCCAATCGCCAT-1_larry1,5.563977027,3.625656192,GMP
TTACTTACGCGCAATCGA-1_larry1,-1.337613916,-6.176420863,MEP
CGCATCTACGTGTCGAGC-1_larry1,-0.162747598,6.435753648,MPP3
CTTAGGACTTCCAGCAGC-1_larry1,-2.973390078,3.907192056,GMP
TGCAGTTCATGCCACCGA-1_larry1,-2.212237096,3.091810768,GMP
ATCTACATCTCCTTAGGT-1_larry1,-3.178371167,1.113641803,GMP
TAGCGAGAAGCTTCTACG-1_larry1,-3.055161452,-4.136926825,MkP 2
ATGAACTAGCTGATGCAC-1_larry1,2.258929038,1.737207,GMP
CGTCTGCTGTGATCGGAA-1_larry1,3.004730487,-3.601175959,EryP
GCGCTACCTGGTGCGTAG-1_larry1,4.292968774,-3.207827027,EryP
TCAAGCGTAAAGTACAGA-1_larry1,0.284014189,1.779568737,GMP
CAGCTTACCTACAGGACT-1_larry1,-1.954424596,-1.204297478,MPP3
GATCGCACTTCATCAGAG-1_larry1,-6.265890336,-2.022523458,pre/pro-B
TAGTAGTCTCAGAAGTGA-1_larry1,-1.167012429,2.273294752,GMP
GACTTCACCGTGCTGACT-1_larry1,6.091847682,0.164472138,EryP
TCCGTATACACTGTAATC-1_larry1,5.681717181,2.199025695,MPP4
ACAGAGATGTATACCACT-1_larry1,-5.52018187,-2.244430478,pre/pro-B
ATAACGACATTGAGACGG-1_larry1,5.828803802,2.731398647,MPP3
TTCATCCAAGTATACAGA-1_larry1,-6.208609319,-4.143236096,pre/pro-B
AAGTTCTCTAGTGACGAT-1_larry1,-1.092038369,3.032913272,GMP
ACCACTAGGCTTGGATCA-1_larry1,3.231888557,-3.045878107,EryP
ACGTTCAATTCGCTGATT-1_larry1,-2.801373219,4.098691289,GMP
GTGTCTGGACGATAGGTG-1_larry1,-7.217574334,-2.744747813,pre/pro-B
CTACGAGAACAACGCACA-1_larry1,4.171842361,3.063810413,GMP
GTAGAGAGCCACACCACA-1_larry1,-5.869007325,1.156476324,MPP3
TTCAACTACGATGTTACA-1_larry1,4.910343433,3.337196653,GMP
GACATATGTCGTTAATGG-1_larry1,6.396819854,-2.858292992,EryP
GAGCATACAAGGAGGTGA-1_larry1,-5.639754033,-2.132892663,pre/pro-B
CAGATCGACGTAACCATA-1_larry1,-0.133426404,6.582808321,MPP3
CATTCGAATTATTGACTG-1_larry1,-2.2382128,-0.324599306,MPP4
GCAATCACGGTCGTTGCG-1_larry1,3.180148387,-3.664319928,EryP
CAGTAATGTATCCGTCTC-1_larry1,-2.385129905,1.366145556,GMP
GAAGTGTGAGTGCACGAG-1_larry1,-1.697898841,-1.455709155,MPP4
GACCAACAGATAAGACAG-1_larry1,-6.346346116,-0.798301096,pre/pro-B
CAGCGACGTGAGACTCGA-1_larry1,3.125965619,-5.371272738,EryP
GTTAGTCAATGTAGGTTA-1_larry1,4.409449601,0.127869998,EryP
AGTTCAACCAAGAGAGAG-1_larry1,1.171681965,-3.223813946,MEP
GTGTTGGAAAACGCCTAC-1_larry1,5.647584224,0.113985782,EryP
TCTGATGAAGTTGCTCAG-1_larry1,2.877014899,-7.699858363,EryP
TCTCAGGATAACGTCGAG-1_larry1,6.523885989,-2.132506425,MEP
AGCTACTCAACGACTGCG-1_larry1,-1.136871672,-3.114996607,HSC/MPP1
GTGACTCTCGCAGCTCTT-1_larry1,5.828495765,2.659018819,MPP4
GGTGGAGCTATTATGCAG-1_larry1,-0.748144483,-6.492487605,EryP
ATATGTCCACGTGCAAGG-1_larry1,-5.445456242,-2.307773287,pre/pro-B
CTGAGTCCACCGTACGGA-1_larry1,2.627573037,-2.714802439,EryP
CCTATTCAAGTTCCAACA-1_larry1,5.481251979,3.317405527,GMP
GGTCTCATGTCTGGAGGA-1_larry1,-0.936208939,0.318009083,MPP4
CTTACATGCTGTCCATAG-1_larry1,3.320365453,-3.773016627,EryP
ATCACTTCCGCGACCTGT-1_larry1,5.754480148,2.452382391,MPP4
CCTTATCCGCCAAGCGAG-1_larry1,0.456547851,3.067770307,GMP
AGATGTTGGGACTAGCAT-1_larry1,-3.157195544,1.772255008,GMP
GGATTCGTCCGCATCTAC-1_larry1,-0.732178068,6.112600153,MPP4
TGCTCCTCCGGATAGTCA-1_larry1,2.393223429,-4.157117064,EryP
TATCCTCAGTGCCAATGG-1_larry1,2.960442567,-7.686047251,EryP
TACTCGACCGCCTTCCAT-1_larry1,-4.933530545,2.586828535,GMP
TTGAGCTCTGATCGTTGA-1_larry1,-5.361294961,5.113549535,GMP
GCCGCTATCTAGTCGCAT-1_larry1,-1.776682353,-1.817948515,MPP3
TAACGTGTCCTGGTGACA-1_larry1,-2.076179242,-1.232713039,MPP4
TCAAGGTCGGCACAACTC-1_larry1,3.142609143,-3.32001775,EryP
AGCCGTTCTACACATCTG-1_larry1,5.955601001,-0.099103103,EryP
GCGAACTCGAATCGCCAT-1_larry1,5.354599738,3.678439443,GMP
TAGACCTACGTGTACCGT-1_larry1,0.216889376,-0.854508574,GMP
TTGATGCTGTACGTTACC-1_larry1,6.32292583,-3.109122927,EryP
GCCGAGTCTCCTCATAAC-1_larry1,-3.252175784,-5.91803282,GMP
GATAGTTCTGATTCTCGG-1_larry1,-1.732272124,-6.022745306,MEP
CGACAGGAAAATGTGCGT-1_larry1,-1.908126807,-2.545769865,HSC/MPP1
CCGACTGTTGATGCGGTT-1_larry1,0.246770078,-3.046276505,MPP3
TATCGGAACTCCTTCAAC-1_larry1,-2.298987841,2.991537397,GMP
CTCTTCAGCCAAGCTGCA-1_larry1,-0.637982941,-6.561869795,EryP
ATTATGCAGTCCATCATT-1_larry1,0.568637976,-0.502094279,GMP
GATAGTTCTCAGTCGGTA-1_larry1,-1.609701848,6.214337175,GMP
TATGTACCTAGTCAGTTG-1_larry1,0.138626003,3.005729263,GMP
CCTAGTTAGCTCCGCATT-1_larry1,-2.274305558,2.723482196,GMP
TAGGTCAACTCGTTCTCC-1_larry1,-5.729593968,4.960795229,GMP
CCACTTCGCTATGAAGAC-1_larry1,-2.340499139,1.696139042,GMP
CGCGCACATCATCTCGAT-1_larry1,-5.726579881,-2.035439784,pre/pro-B
CAACTCCAGCACAACCAG-1_larry1,-1.79552052,2.788787191,GMP
AGCCACTTCGAATTGTTG-1_larry1,-2.287682509,-5.798338587,MPP3
TATCTAGGTTATCTAGGT-1_larry1,-3.119326567,0.124065672,GMP
CTCCACGTCCCGAAGCGT-1_larry1,2.673743749,-7.782082255,MEP
CTGCTTAGGAACTCCATG-1_larry1,5.948235774,0.960903471,MEP
TAGATAGCCACGTATGTC-1_larry1,-1.17029438,6.010496919,GMP
ATGCGCCGTACTCGTCTA-1_larry1,-5.31648848,2.280198877,GMP
CAAGAGGAGCATACGCAG-1_larry1,6.070669913,0.811423724,MEP
GTTGACCATCTTACCTAG-1_larry1,2.510711694,-5.551197703,MEP
ATGGAGGAATACCTCACT-1_larry1,-1.815100407,4.949297254,GMP
GCTGACAGAGTCGTGTTA-1_larry1,-2.312396979,-5.535405333,MPP4
TAGCGAGAATCCACCGGT-1_larry1,0.090909565,-1.071123297,GMP
AAGCATTGCATTCTCTGG-1_larry1,-6.056936478,-2.481778796,pre/pro-B
ATGAGGTATGCGTTCAGA-1_larry1,-2.363864159,-5.739894087,MPP3
AGCTTCGATACCGGTTAC-1_larry1,-0.593330598,-2.962941344,HSC/MPP1
TCTGATGAAATGAACTAG-1_larry1,0.565653251,2.959671562,GMP
TAAGTGTAGTGGTTATAC-1_larry1,-3.219842172,1.341990297,GMP
GGAAGTATGTGCGTGCCA-1_larry1,-2.317080712,2.791638677,GMP
CTGCAGAGCCTCGTCTTG-1_larry1,-0.713672733,-6.453824694,EryP
CCGACTGTTCGACGTGAT-1_larry1,-1.448682999,5.414715116,GMP
GCTTACTAGATCATTACG-1_larry1,-3.173917508,2.301655357,GMP
TGCACGATGTCAGAGCGT-1_larry1,-1.123140549,-6.271621878,MEP
AGACTTCGTCAAGTACGA-1_larry1,-5.308439946,5.254300897,GMP
GTGAGGACGTTCGGAGTC-1_larry1,-1.48528645,2.939383094,GMP
CGGTTCTATGACGTTCAG-1_larry1,-1.802434182,-5.829188521,MEP
CACACCACATGCCACCGA-1_larry1,-6.230649686,-2.630465205,pre/pro-B
GTGGAGGTCACTTGATCT-1_larry1,-3.248750186,1.060604994,GMP
GTGGAGGTCGTAACAGTC-1_larry1,-5.633624768,1.210830634,MEP
TCTACATCCGCTAGCTCC-1_larry1,-2.500803208,-3.224545414,MkP 1
GTACTCTACGACGCCGTA-1_larry1,-1.44445107,5.257130449,GMP
TGTCCATAGTGTACACGA-1_larry1,-5.303692078,4.824260061,GMP
ACGCTATGTCAATCAAGT-1_larry1,0.383473063,-0.636498268,GMP
CATAAGATCCAGTCTAAC-1_larry1,-2.991097188,3.429662292,GMP
TCGGATGTTTGATGACAG-1_larry1,6.461756015,-2.879038269,EryP
GGTGATAGGTTATTCGAC-1_larry1,-0.922997331,6.213396852,GMP
ACGACAGTCTTAGGAAGG-1_larry1,-5.722392773,-2.888074334,pre/pro-B
GCTCAGCCACTTGGTCAT-1_larry1,-1.982231116,3.341608589,GMP
CCACACAGACATCTCGAT-1_larry1,3.812405372,-1.418427761,EryP
GCTTGTCCTTCTGATGAA-1_larry1,-5.588257527,2.025132005,GMP
GCAACCAACAATGCGTGC-1_larry1,-2.514897322,-5.675891573,MPP4
TCTATGACAACAGCGGTC-1_larry1,5.917685771,-0.32019532,EryP
AACGGTAGCTCTGCAACA-1_larry1,-3.105622983,3.560408418,GMP
CGTCTGCTGGCGTGAGCT-1_larry1,-0.936360216,5.639872377,GMP
CCGACGTCAGCGAGTCTA-1_larry1,-1.888005471,0.835258668,GMP
GACTCAGTGTCGTACCTT-1_larry1,-2.716228938,4.025999372,GMP
GTTCAGAAGCATAGGTGT-1_larry1,3.774338746,-1.547665532,EryP
GATGCGACGAACTTGTCG-1_larry1,0.751393834,-2.617845709,MEP
AACTGCGACAGCGGAACA-1_larry1,-6.081811166,-2.152810509,pre/pro-B
CTCTAAGAGGTGAGGACG-1_larry1,-5.145472264,2.535671537,GMP
GCACGTAGATTGGAGAAC-1_larry1,-2.644356465,3.198477809,GMP
GCAATCACGAGTCGCCGA-1_larry1,0.239577675,-2.992899592,MPP3
TGCGTGCCATCTGCAACA-1_larry1,-5.262880063,2.428216283,GMP
TGTATCGTGGACTCTCAC-1_larry1,-6.165000653,-4.14261287,pre/pro-B
GCATACATGCGTTCGTAC-1_larry1,-5.993411279,-1.634704883,pre/pro-B
TCTCGTATCCGGAACGAG-1_larry1,-0.637792802,6.342411821,MPP4
CCAGATCACCCGAGTACT-1_larry1,-1.529864287,2.945205038,GMP
GGATTCGTCGCACTGGAT-1_larry1,-1.202966189,-2.908076699,HSC/MPP1
TACACGGTCGACACGCAA-1_larry1,5.629534507,3.196014469,GMP
CACTGGTCCGATATGGAC-1_larry1,-0.766249275,-6.347449,EryP
TGAGCAGATCGAGCTTAC-1_larry1,-4.715463853,2.667603796,GMP
GAGTCTTCGGAATTGTTG-1_larry1,1.951974535,-2.606720383,MEP
GCTGTTCGGACCATGTCT-1_larry1,-3.040052152,-6.330578024,GMP
CTTATCTCATTATCCAAG-1_larry1,5.299234176,3.781576459,GMP
ATCTTACAGGCGAACTCG-1_larry1,-6.035538888,-2.285249169,pre/pro-B
ACAGTATTGATGTCGCCT-1_larry1,5.639670634,-2.713319952,EryP
GTTATCGATATGAGCAGG-1_larry1,1.563413346,-3.44829529,EryP
CTCTCGATAATAGTGGTT-1_larry1,-1.130067801,-0.11336049,GMP
ATGTCCTCCGATGCGGTT-1_larry1,1.362715686,3.916506116,GMP
CTCTAAGAGCACCTACGC-1_larry1,-5.890491223,4.610426729,MPP3
CAAGTACGAAAGCAACTA-1_larry1,0.814493606,-1.686218555,MPP3
AAGACTACCGATCTACTT-1_larry1,-2.114762759,-5.744557555,MPP3
GGAATTCACACGATGGAA-1_larry1,-2.251025176,2.841985052,GMP
ATGCAGTTCTGGTGGATC-1_larry1,5.039041782,3.525926654,GMP
GCTTACGTTTCAGAGCGT-1_larry1,-5.110176778,2.59233052,GMP
CCGGTTCTACCTACTAGA-1_larry1,4.009254956,-6.553084071,EryP
CGTGACCAGCGATACTCT-1_larry1,1.534529412,-2.243375952,MEP
CACAATAACACAGAGATG-1_larry1,3.032128835,2.177294796,MEP
AGTCTAAGCTCCATCATT-1_larry1,1.413791859,-3.404323513,EryP
AAGCAATCGATCCAGCTG-1_larry1,5.544582629,2.94529516,GMP
ACCGGAGTAATAGTGGTT-1_larry1,-5.830706811,-1.952156837,pre/pro-B
GCTAGCTCCGACGTAGCA-1_larry1,-2.897175288,3.530135934,GMP
CTCATGCCAAAGGATCGT-1_larry1,3.029428029,-3.034703906,EryP
CTAGTGCTGTGTAACAGT-1_larry1,-1.002772665,1.088322585,GMP
GATTATGCGTGTTGTCGA-1_larry1,-2.502607083,1.208061283,GMP
ACTCGCTGTACGCGACAG-1_larry1,-0.743908501,-6.443049128,EryP
TGGTGGATCGTATGCCTT-1_larry1,-1.513426041,5.59031946,GMP
GCGGACGAAGCATACATG-1_larry1,-2.19546721,0.900881593,GMP
GTCGTCGACACAGCGGTC-1_larry1,-5.580246186,4.899751012,GMP
TCGCATTCGTAGTTGACG-1_larry1,-3.032110429,-0.063402857,MPP3
TCAGACAAGTGGAGTGGA-1_larry1,-6.571624493,-0.614573563,pre/pro-B
ACTTCTTGGTTAACGTTC-1_larry1,-0.974758243,0.551471953,GMP
GTAGTTGGTATCTGGTAG-1_larry1,-1.228084659,6.2989381,GMP
CTCTCAGTCAGTGTCTCT-1_larry1,5.555961394,1.859992569,MPP3
AACAACTGGGTTCAGAAG-1_larry1,2.854444766,-4.179016764,EryP
GTTGCATGGCTCGTTCAC-1_larry1,-6.684526658,-0.579367365,pre/pro-B
CCAGGAGTTATAGAGCAG-1_larry1,5.81929996,-3.055694277,EryP
CTGGTCGGTCCATACGAT-1_larry1,-5.619857526,1.104003851,MPP3
CATCCAGGAGACGTAGCA-1_larry1,5.978611732,0.539659982,MEP
ATCTGCGTACTGTCACTT-1_larry1,-5.712564683,1.279343073,MPP3
CCTTAACATGAGCTCTCA-1_larry1,-6.055311894,-4.096874411,pre/pro-B
CTTATCTCAGACATATGT-1_larry1,-2.710286593,0.412931805,GMP
ATCGTAGTGTCATGCAGG-1_larry1,-0.498773193,1.561961596,GMP
GTGTCGAGCCATTGACAA-1_larry1,5.853732371,1.149508541,MEP
TATAGTGCGAAGGAACAG-1_larry1,-3.186344838,1.254106467,GMP
ATAATCGAGTGCGCACTG-1_larry1,-2.070596909,-2.25959974,MPP2
ACTGGTGCTACTCGTAGG-1_larry1,3.689537549,-1.159131224,EryP
GGTCTCATGTCACGACAA-1_larry1,-1.937527871,4.572932546,GMP
ACTGTGTCACGGTGAGTC-1_larry1,2.45635798,-5.569469626,MEP
TGGAGAGTGCCACGTTCT-1_larry1,5.852159763,2.739268606,MPP4
CCACTTCGCGTGCTGACT-1_larry1,5.786169791,1.007921999,MEP
CTTCTCATCCTGCAGAGC-1_larry1,-4.974705434,-1.777984078,pre/pro-B
TACTCGCTGCCTGTCATT-1_larry1,-1.211401558,6.356620615,GMP
GAACAACCACATCTCGAT-1_larry1,-2.85500524,2.892530029,GMP
TAACACGAGGGTCGGTCT-1_larry1,3.874476695,-3.802797968,EryP
CTCTGTCAAATACTTGCT-1_larry1,-2.416213488,1.085442369,GMP
ACCGGAAGGTATTACTCG-1_larry1,-5.650598264,5.042592828,GMP
GCGTATAGGTTACGCTCG-1_larry1,2.660709167,-3.392047818,EryP
GACCGCTTCAACGGAGAT-1_larry1,-5.235200143,2.286102121,GMP
CAATACCACGCTTGGTTC-1_larry1,-1.517691827,5.805853193,GMP
CCTCCAATCTGTTACTGA-1_larry1,0.651143051,-0.926130707,GMP
CGGACAAGTTGATTGCTG-1_larry1,-4.857882714,2.703956668,GMP
CGCTTGTAGTCGCTGATT-1_larry1,-0.690340137,-3.397070582,HSC/MPP1
CAGCTTCGAGCAGGAGAA-1_larry1,-0.689810848,-6.378069575,EryP
TTCATCCAAGTGAATGCC-1_larry1,-5.001827931,2.667286222,GMP
TCAAGGTCGCTTATTGAG-1_larry1,-5.584919667,1.429698651,MPP4
TTGGTAACTTGCCGCTAC-1_larry1,6.32652309,-3.129246409,EryP
AGAGCCGCACAAGTCGAA-1_larry1,-7.31240294,-2.799869473,pre/pro-B
CGACAGGAAATGCGTGGA-1_larry1,-2.229958033,2.966831987,GMP
CCTGCGTTAGGAGCTCAA-1_larry1,-2.737634158,1.560177033,GMP
TCCAGCAGCCGCACTCTT-1_larry1,6.586738372,-2.16695338,MEP
TCAGAGCGTTCAGTGTTC-1_larry1,-7.376752114,-3.101653511,pre/pro-B
TCAACACTCGATTCTCGG-1_larry1,-2.662186122,2.437372749,GMP
TGCAGCCTTTTGATCGTA-1_larry1,0.64794544,-0.15915754,GMP
AACGCTCAAGAACCAGTT-1_larry1,2.084028864,2.10430104,MPP4
ATGATAGCTATCAGTCGA-1_larry1,-1.456553435,3.213199442,GMP
GAATTGTTGGAGCCATCC-1_larry1,-1.40519259,3.402667825,GMP
AAGTTGCCAACTTGATCT-1_larry1,2.483553434,-4.842850382,MEP
AGTTCGATACCGTCAGGT-1_larry1,6.680421615,-1.972730095,MEP
TGATCTCGGCAAGAGGAG-1_larry1,-3.196124291,1.917725866,GMP
GCTTCTGAAACTGGTGCT-1_larry1,3.212597156,-3.133452589,EryP
CTGTGGTGGAATTAGAGG-1_larry1,-2.996187424,-6.280174429,GMP
CTGCATGTTACGATGGAA-1_larry1,-2.082661843,1.597152655,GMP
GATTAGTGTCTGATCCGA-1_larry1,-1.499946809,5.296056573,GMP
CAGTTGAGTGAGTCTTCG-1_larry1,-1.823106503,1.94042093,GMP
CCGCAGAATGCGTAACAA-1_larry1,5.101457858,3.431929414,GMP
ATCTGGTAGCGTATTCCT-1_larry1,0.714808887,-0.591135884,GMP
TCGTCCGATACACAGAAC-1_larry1,0.720999988,-0.730175639,GMP
AGCCTCTAGACAGGAACT-1_larry1,-3.182723737,1.475667541,GMP
TACCGATTGAGAAGTCCT-1_larry1,5.719461227,2.555436676,GMP
GACGGACTAACGCGACAG-1_larry1,-6.402430272,-0.958415742,pre/pro-B
CCTCATAACATCGATCCT-1_larry1,5.709182525,2.773973768,MPP4
ACCGTACGCGCAGCTCTT-1_larry1,-7.435254311,-2.858303244,pre/pro-B
GATGCAGAAGCGTGAGCT-1_larry1,-1.172689414,6.5128215,GMP
TGAGGTCTCGCCATCGCT-1_larry1,-2.273191666,2.657941883,GMP
CTCCGCATTATCCACAGT-1_larry1,-6.034167981,-4.094921048,pre/pro-B
AATCGCCATCGGTTCTAT-1_larry1,-1.615380025,1.346674864,GMP
CTTAATCGTGTAGTTGGT-1_larry1,-0.559558964,6.217404668,MPP4
AGGATGCGTAGTTACAAG-1_larry1,0.359522665,-3.020653422,MPP3
CCTAAGAAGGAAGAGCAC-1_larry1,-3.430997109,0.25638104,GMP
GCCATACAAACTCTAGGA-1_larry1,-2.782999015,-0.053863431,MPP4
CATACGCAGCCAATATAC-1_larry1,-1.127388573,5.863907163,GMP
CCTCTGCATGCTTGTCCT-1_larry1,-1.750623917,2.918834989,GMP
GTGTTGGAAGATAAGCTG-1_larry1,-1.511545157,1.058376854,GMP
GCTGACAGAGCGACCTGT-1_larry1,-0.594005442,-6.466905768,EryP
GGTTAGATGACAGCGTAT-1_larry1,-0.606167292,-6.37241667,EryP
GCCGAACCACCATATCTT-1_larry1,-6.205800748,-4.394129927,pre/pro-B
CCATCACGAGTAGCCTTG-1_larry1,-5.558536267,4.919841116,GMP
GCTCAATGAACGAGCTTC-1_larry1,-1.295190191,0.563997512,GMP
GCTGAGCAGTTCACCTTG-1_larry1,-3.151248908,1.338853066,GMP
AACGTTCTTCTTATCTCA-1_larry1,0.420708531,-0.477101068,GMP
TTGATCGTAAATGCTATC-1_larry1,2.431014562,-3.618302281,MEP
CGCATAACTGGAGCTCAA-1_larry1,5.62479856,3.317429369,GMP
GCAGCAGTGGTCAAGATC-1_larry1,3.98543694,-6.459680254,EryP
TCGCATTCGATCACTTCC-1_larry1,-2.977992987,-3.877537901,MkP 1
GGTAATCTAGCCTGCATC-1_larry1,5.560607696,3.545085495,GMP
TAATCACGCATCGTAGTG-1_larry1,-1.043982959,5.848988359,GMP
GCCTTAGAGTTCGGAGTC-1_larry1,-1.023546552,6.581865137,GMP
GCAATCACGGGTAACTAC-1_larry1,-0.709944701,-6.549802954,EryP
GAGACGATCGTCTTCTCG-1_larry1,-2.942356086,4.138673132,GMP
CAACACCTAGAATCAACC-1_larry1,1.368471646,-2.430169518,MEP
ATTCTCTGGGCGGTAGTC-1_larry1,5.885830188,1.050196712,MEP
CCTGTTAGCAGTCGTCCG-1_larry1,-2.345902896,2.16264612,GMP
CTGAGATAGCAGTATGAT-1_larry1,0.081515932,-2.050780113,MPP3
ACAACCGGACAGCACGTG-1_larry1,-2.597454285,0.650552754,GMP
CACGACTCAGTATTACTG-1_larry1,5.267729545,3.186331575,GMP
CCGACTGTTTGCCATCTC-1_larry1,-2.955194211,4.046524351,GMP
TCCGATCTGGCCAACAAT-1_larry1,-5.141253209,-2.055501158,pre/pro-B
ATGTCCTCCACTACTCAT-1_larry1,-1.709138131,5.099897211,GMP
ACGTGTAGTTTGGTAACT-1_larry1,-5.442569947,-1.69526952,pre/pro-B
GAGTTATAGAATCCGCTG-1_larry1,4.119956756,-6.435629065,EryP
CGCGCACATTCTCCGCGT-1_larry1,-0.527166939,-6.371696646,EryP
AGCCGGATCTAGAGCCAG-1_larry1,-0.116444743,-1.085877294,pre/pro-B
ATCTGGTAGGAACTGCAA-1_larry1,-4.195321297,2.501459186,GMP
CCTGCAGATCAATCATAC-1_larry1,-1.794323182,2.753470008,GMP
ATAACGACAGAGCCATCC-1_larry1,-2.426399684,3.218478506,GMP
GTATTACTGGAACTGCAA-1_larry1,0.95267033,-1.835622246,MEP
GCGTCGTCTAGTAATCAG-1_larry1,0.594191277,-0.222537885,GMP
AATCTGACCAAGGATACG-1_larry1,-1.129607415,6.578241174,MPP4
TCAGAGTCAGATGCTCCT-1_larry1,-6.21367476,-4.277988608,pre/pro-B
GTACTCTACGAACATGAC-1_larry1,6.251691604,-2.836728508,EryP
GGATACCTAATGCTTCAG-1_larry1,-5.312045312,-2.060844953,pre/pro-B
CTAGTGCTGTATACGTGG-1_larry1,0.014239276,3.1525119,GMP
GCCTGGAATACGAATCGC-1_larry1,-1.220236993,-6.173026259,MEP
TGGTCTACGACGGTGTAC-1_larry1,0.350926364,3.366964166,GMP
ACGACGATTGCATGTAAG-1_larry1,1.652013087,-4.372818644,EryP
TTACGCTCGGTCGAGTAC-1_larry1,-1.058415508,-1.662340815,MPP3
CTAGTCGTCCAGTCTAAC-1_larry1,3.98818996,-6.560330088,EryP
GTATCGTCGCTGGTCGGT-1_larry1,-1.649402594,-2.372561152,MPP3
GTGGTACGGGGACAGATT-1_larry1,1.603856409,-4.618409331,EryP
TAACCGTGAAGCTATATG-1_larry1,-5.515196061,2.155353849,GMP
TGCCTTCAGGGAGTTAGC-1_larry1,-3.218555188,1.314880316,GMP
TCCAGAACGTACACGGTC-1_larry1,-5.776499009,1.219597523,MPP3
TTACTAGTCTATTGCTAC-1_larry1,-2.601366019,2.441012447,GMP
TCGTGCCACGCGAGCAAG-1_larry1,4.138979221,-2.974131281,EryP
TTCTCCACACTCAGGTAC-1_larry1,-2.328186488,3.151753728,GMP
GAGATACACGCGCTCTAT-1_larry1,-1.465169406,6.089848344,GMP
CTGAGATAGGTCGCAGGT-1_larry1,2.842558646,-5.341416056,EryP
TGATTCACCAACAGCAGT-1_larry1,1.667225504,-4.574790652,EryP
GCGATGGTGTCAGAGTCA-1_larry1,-3.000910497,3.936683481,GMP
GCCTTGTGACATTGCAGA-1_larry1,-2.177559829,0.507207577,GMP
AGCCAGGACCAACTAATC-1_larry1,-5.708328938,4.804027383,MPP4
TCAGTGTTCTCAGTGCAA-1_larry1,-5.246925568,2.616887157,GMP
GCTGGTTCGGATAAGCTG-1_larry1,6.111163402,-2.738961632,EryP
AGTTAGGTCTCAGGACTG-1_larry1,-5.549765801,4.963561838,GMP
TCGCTGATTGGTCGGTCT-1_larry1,-1.168876505,6.019352262,GMP
ACACCACATGTGGTTACC-1_larry1,-6.665332055,-2.745705063,pre/pro-B
TGATCGGAAGCGACACAG-1_larry1,5.874605441,0.62682653,MEP
TGCTATGAATTGGACTTC-1_larry1,-6.423837399,-0.817949529,pre/pro-B
CAGTCTAACAGGATGCGT-1_larry1,-5.092205739,2.647231166,GMP
GGTCGGTCTTCGCAAGCA-1_larry1,-5.504084325,1.294463699,MPP4
CTGCAGAGCATTCCTACG-1_larry1,0.745610291,-1.779215987,MPP3
TGACCTCCTGCCGCTATC-1_larry1,0.189506763,-3.089873249,MEP
GCTACCTTAGTCGACATT-1_larry1,-0.371415591,1.285248702,GMP
ATATGTCCACCTGCAGAT-1_larry1,-2.361811852,0.591793423,GMP
TAACATTGGGTACAATGC-1_larry1,-1.661815619,4.65283138,GMP
TGATACCGTCATTCCGAG-1_larry1,4.366380239,0.247779911,EryP
GCATTGATCTACGACCAT-1_larry1,2.291076803,3.104609792,MPP4
CGCTGTAGTTTCGTGATG-1_larry1,6.316071296,-2.866455967,EryP
GAGATGTATATTCGCTTA-1_larry1,-1.620303368,4.583844488,GMP
TACCGCGTTTAGCTAAGA-1_larry1,-2.951423383,-5.907506163,GMP
TGTTAAGCCGTCTTATGC-1_larry1,-6.003633714,-1.166615064,pre/pro-B
ATCCGTCTCCCACCATGC-1_larry1,4.405264878,-0.209986958,EryP
GAACCAGTTAAGGATCGT-1_larry1,-2.054733252,2.572552507,GMP
CTGAGATAGGAACTATGG-1_larry1,0.021406734,-3.628367121,MPP2
AGTCGCCGATTCTGCCGA-1_larry1,4.363202596,-1.636782105,EryP
GAATCGAGACAGCTGGAG-1_larry1,2.240158224,-2.949540074,MEP
ACGACAGTCAACCGTGAG-1_larry1,-2.748290515,-0.861496384,MPP4
GCGCATTACGCACCATCG-1_larry1,-6.110851025,-4.332233126,pre/pro-B
AGATGAAGAGATCTTCGC-1_larry1,-3.213333821,1.370851224,GMP
TACCGATTGTGGACGAGA-1_larry1,-5.502509808,2.078867977,GMP
AATTCGGAACGTGTGTGG-1_larry1,-3.603110528,0.649939542,GMP
ACAATTCGGTCCTGAGAC-1_larry1,-1.219083524,6.477646654,GMP
ACAATAGGTTATGTATGC-1_larry1,-1.259721851,-0.880390758,MPP4
TCCTCTAGTTGGTCTACG-1_larry1,-5.275200105,2.202729766,GMP
TGATTGTGCCCATGCGTC-1_larry1,-2.929659104,-0.345758787,MPP3
ACCGCTGTGTATCACCTG-1_larry1,-0.063625192,-2.831907685,MEP
ATATGCAGCTATACGTGG-1_larry1,-2.114915824,3.124894683,GMP
TCCTCGTCGGTACCACAA-1_larry1,-1.781332469,2.858721082,GMP
TGCGTCTTAATTGATTGG-1_larry1,2.968948388,-4.056907589,EryP
TACGGTCGTTCCTTCGTA-1_larry1,-2.052600121,3.411936824,GMP
CCTCAGGTGGTCTTATGC-1_larry1,-5.186469769,2.3144787,GMP
TGCCATCTCGCCGTGAAC-1_larry1,-1.856610274,-5.897604163,MEP
CCATCACGAATGCGCCGT-1_larry1,-7.394973969,-2.796183999,pre/pro-B
TAGACACGTGGAGTACAG-1_larry1,-2.093603587,-1.255827422,MPP4
CTCCACGTCGGTGTTCAT-1_larry1,-4.704663491,2.777082031,GMP
ACGATGGAAACACCGCCA-1_larry1,1.762052202,3.587863033,MPP4
GTATGTATCCGTATAGCG-1_larry1,2.835576081,-2.895491536,EryP
CCGCACTCACATATGTCG-1_larry1,-4.876780248,2.595578973,GMP
TAGTCGCATGTACCACAA-1_larry1,-0.954257107,0.430237596,MPP4
ATTCATGTGTGTGGTCCT-1_larry1,-5.330609536,5.049227541,GMP
CGCACTGAAAGAAGCTGC-1_larry1,-3.225256181,-5.563561137,GMP
TCTATGACAATCGTAGTG-1_larry1,-5.715112901,4.912024324,GMP
CACTTCCTTGTCAATACA-1_larry1,-1.959274983,1.825456445,GMP
GTGCCATGACGTATTCCT-1_larry1,-5.524147725,2.045920913,GMP
TACGAGTGACCGATGTTC-1_larry1,-3.009765124,-5.851226981,GMP
TGCTATGAAGTTGATGCA-1_larry1,1.195487464,-2.590362723,MEP
CCTCTCTAGGCGAAGCTC-1_larry1,-2.478259301,2.541097229,GMP
GCCGCTATCCCGCAGAAT-1_larry1,6.438518787,-3.12399214,EryP
GATAACGTCGAGACGATC-1_larry1,-0.541732645,2.823722427,GMP
GATCTTCGCAGAGCGCGA-1_larry1,-2.622280812,-6.044118102,MPP4
AATGCAGCGACTAAGTTC-1_larry1,5.628783488,3.282553022,GMP
TACGAGTGAGAGTCACCA-1_larry1,-1.939065671,-0.515358354,MPP4
GCCTTAGAGGCCTAACGG-1_larry1,5.958731437,-0.275066967,EryP
CGAGTAGCACCGCAGAAT-1_larry1,-2.10979054,3.060880964,GMP
CGCAACCTCTCCTCTAGT-1_larry1,-2.424663281,-6.050947363,MPP3
ATGAACTAGCCGAGCTGA-1_larry1,5.97838428,-2.936789925,EryP
GCTCCTAGCTAAGTGTAG-1_larry1,-1.698829388,2.087302272,GMP
GATACTGTGGCACCATCG-1_larry1,0.449384415,-1.471147711,MPP3
ATCTCGTGAGTATCCTGC-1_larry1,3.263597036,-3.215202982,EryP
GCCGCCTAATGCCTGGTT-1_larry1,-0.489249444,-6.386766131,EryP
ATAGACCGATACAACACC-1_larry1,6.174250388,-0.062882404,EryP
GTCACAGAGGTACTCTAC-1_larry1,1.539953077,3.944566076,GMP
TACAGGACTCCTGCAGAT-1_larry1,-2.589389539,-5.789412672,MPP4
ACTATCCTGAGCGTCGTC-1_larry1,-4.791835046,-2.19236129,MPP4
CTCCAGCGTACACACCGT-1_larry1,2.824561143,-5.391599829,EryP
ACTGTAATCCTATTCCGT-1_larry1,-2.392000174,-0.82064348,MPP4
TCCTATTCCGGTGTTCAT-1_larry1,-2.573821044,0.185897713,GMP
CCATCACGACTATTCCGT-1_larry1,1.311361575,-3.042970831,MEP
CGATTCGAGCATCTCGAT-1_larry1,3.61159327,-3.538869555,EryP
GCAGCTTGAACCGACGGT-1_larry1,4.965799594,3.577083891,GMP
TAAGGTGATGTGTTCCAG-1_larry1,4.072507405,-6.471437151,EryP
GTGTTCCAGAACAGCAGT-1_larry1,-0.993362641,-6.306147273,MEP
CATTGACAATTGATGAGT-1_larry1,5.538194919,1.872817819,MPP3
CACTGCTTAACATCGTCC-1_larry1,-1.737268185,4.757278268,GMP
TGGAGTGGATAAGTGTAG-1_larry1,-6.238080716,-1.081105585,pre/pro-B
GCTGATGTCAGCTTGGTG-1_larry1,-2.168812013,0.869296496,GMP
AACGTTCTTTGCTTACGG-1_larry1,0.224597448,-1.137534971,MPP4
CGCTTATGACTGTCACTT-1_larry1,-2.733907437,-5.817704375,GMP
CTTATTGAGTGAACTTGC-1_larry1,-6.925684666,-2.192223008,pre/pro-B
GTCATTCTATTGGAGAAC-1_larry1,-2.37071917,1.37957639,GMP
GACCACTCGGAGTGTGCC-1_larry1,-1.905251002,3.047024076,GMP
CATGTCCTGCCGACTGTT-1_larry1,-2.533119893,1.471032088,GMP
TCTACAGTTGTTATCGAT-1_larry1,-2.637188649,4.087075536,GMP
AACTTCTGCGTACGTCTA-1_larry1,-0.982585168,3.063576524,GMP
TGGACTGCCAACAGATCG-1_larry1,-3.095116114,-6.171182806,GMP
TGTGCTAACTCTATGACA-1_larry1,1.747659826,-2.66358536,MEP
GAGACTCGAGTAAGTGAG-1_larry1,-2.839376664,1.947635715,GMP
TATCTAGGTTAGTTGACG-1_larry1,5.578364158,3.142052476,GMP
GCCGCCTAAGGTGAGTTC-1_larry1,3.937375093,-3.700151379,EryP
ATAACGACATTCAGTGCC-1_larry1,-1.868628239,3.065410202,GMP
TCGTAGGAAAAGCAATCG-1_larry1,1.847669745,-4.427880938,EryP
TTCATCCAACATACAACC-1_larry1,-0.348281479,6.668676202,MPP3
AGTCATACTATCAGTCGA-1_larry1,-2.44895122,-0.141044984,MPP4
ACTTCGCAGAACTGCGAC-1_larry1,5.923870349,1.342880671,MEP
TAGCGAGAACTCAGGTAC-1_larry1,-6.308959699,-2.419097836,pre/pro-B
AAGACTACCTCAGCTCAG-1_larry1,-0.898059821,5.896862333,GMP
TTACACCTTGTAAGTGAG-1_larry1,1.286057198,-3.420521672,MEP
GAGTCACCATTCTGAATG-1_larry1,-2.736485934,2.519239729,GMP
TAGACCATGTCGGATGTT-1_larry1,-1.577132439,6.321739023,GMP
GAACTCGTACAGATCGAC-1_larry1,-5.711190438,-2.252429898,pre/pro-B
ACTGTGTCACGCATCTAC-1_larry1,-1.614114261,4.541893785,GMP
TCTAGTGACTGATTATCG-1_larry1,-2.76073358,2.732231205,GMP
CACACTGCCTATCTAGGT-1_larry1,-1.535557008,5.333160226,GMP
CCGCTATCCTCTACGCAA-1_larry1,1.275385344,3.923097436,GMP
TGGTCGCTAGCCGTCTTC-1_larry1,5.331113124,3.480512445,GMP
GGTGATAGGTTGAGCTCT-1_larry1,-0.223843431,3.690882509,GMP
TCTCAGGATCACGATAGA-1_larry1,-2.112298941,-5.76644438,MPP3
AGGTCAGCAGTGTTGGAA-1_larry1,2.804291749,-7.305544074,EryP
GCGATATGATCAGCGACC-1_larry1,-6.591269708,-2.133053715,pre/pro-B
TGTGGTCCTACAGCGGTC-1_larry1,-3.632233834,0.106317704,GMP
AAGACTGGTTAGAGCGTC-1_larry1,-3.610231614,-2.327199156,GMP
AAGAGAGAGCGTTAATGG-1_larry1,-6.268649793,-2.549062188,pre/pro-B
AAGCTTGCACACTAGACT-1_larry1,-5.753494,1.267848318,MPP4
TGCCGAACTAAGAGAGAG-1_larry1,-1.220414853,5.938024824,GMP
TACTTACCAAGATATGGA-1_larry1,-2.690314746,2.215447013,GMP
CACCTCAACAAGGTGCTG-1_larry1,-3.250246024,1.222151582,GMP
TCATCTGTCCGGTGAGTC-1_larry1,5.597194457,2.860847299,GMP
TTGTTAGAGACGTTCAAT-1_larry1,-1.728348231,0.948346083,MPP4
CCATCACGAAGATACGTT-1_larry1,3.989701772,-6.560006792,EryP
GGATACAATACCATGTCT-1_larry1,6.455735469,-3.05994385,EryP
ATCCTCCGAGAGGTCCTT-1_larry1,-4.891755795,2.509344881,GMP
CTTGGATCAGTGAATGCC-1_larry1,-2.137250876,0.347809677,MPP4
CCATAGCCACACGGAAGT-1_larry1,-3.136330342,0.00550205,MPP3
ACAGGTATCGTCTTATGC-1_larry1,-3.779036259,-2.295860465,GMP
ATACAACCGTACAGTTAG-1_larry1,-0.233728862,6.50566036,MPP3
TGCGACGTTGAACTATGG-1_larry1,3.343341375,-2.923952753,EryP
GGACAGATTCACATGTGC-1_larry1,0.577974679,-4.06036442,MEP
ATTCGAAGACACGTCATA-1_larry1,-1.41090033,0.134368365,GMP
GACCGCTTCCATTCCGAG-1_larry1,-2.457139468,2.146364276,GMP
GTCTTCTCGGGATGCTCG-1_larry1,2.938511157,-5.298947985,EryP
AACGATGACTTGAGACGG-1_larry1,-0.929257369,3.327709262,GMP
CCATAGCCACCGGTGGTT-1_larry1,-1.28769896,5.956129854,GMP
TGATGTGTGCTTGGTCAT-1_larry1,6.448350692,-2.808296616,EryP
GATCGATACGACTCTCAC-1_larry1,-1.3470299,6.4747451,GMP
TTAACGGAGTGACCTATG-1_larry1,4.58892777,-2.961927588,EryP
AGAGCGCGAGTACAATGC-1_larry1,-2.273207164,2.06487972,GMP
CCTAGTCTCTATCGAGCC-1_larry1,-2.917664504,4.05086643,GMP
AGCCTCGCAATGGACGTT-1_larry1,-2.831270909,-6.032499964,GMP
CGTGGTACCCGCATCTAC-1_larry1,6.603599334,-1.95789295,MEP
GGTGCGTAGTCCTCGTCG-1_larry1,4.889537597,3.447444503,GMP
ACATGGATTGTCGTCGAC-1_larry1,-6.050242162,-4.185015376,pre/pro-B
TAGACCATGAATCCTCGT-1_larry1,3.556690717,-2.743505413,EryP
GTCGAGTACTCAGGTGCA-1_larry1,5.741862083,-2.98902529,EryP
AGTATGACGCGCATCTAC-1_larry1,-4.90894053,2.677617138,GMP
CAGCGTAAGCAACACTCC-1_larry1,3.097097898,-3.5036146,EryP
AAGCCACACAGTGTCTCT-1_larry1,5.991179252,-0.397357638,EryP
CTGGTGACACAGGATCAA-1_larry1,5.673353934,-0.298270485,EryP
GTAACGCGAGCACAGTAA-1_larry1,-2.196379638,1.709944789,GMP
ACAGAAGAGCCACTTCGC-1_larry1,6.131135726,0.01563019,EryP
GCGACACAGTGAGCTAGA-1_larry1,3.039193416,-3.695053036,EryP
CTATCCATCTCAGTGTTC-1_larry1,5.149201656,3.194899147,GMP
GGATTACGCCCGATCAGC-1_larry1,6.74331882,-2.184662158,MEP
GTCAAGATCCAGTTGAGT-1_larry1,-5.467012143,5.075559442,GMP
TATACGTGGAATATCGCT-1_larry1,-1.408606028,6.340582674,GMP
GCACGTAGAAGAAGTAAC-1_larry1,-5.736501431,-2.686302836,pre/pro-B
GTAACGCGAGTACCACAA-1_larry1,-1.674565291,3.585852211,GMP
CCATAGCCAAACCGCTGA-1_larry1,6.316058898,-3.046187336,EryP
AGACTTCGTTCGTTCTCC-1_larry1,6.020595336,-0.153335581,EryP
CTTCACTGTATTAGCACA-1_larry1,5.555404926,3.279444044,GMP
GTATCGTCGCCGATACCG-1_larry1,-3.062808728,2.905873602,GMP
CTTAATCGTAGATCGAGT-1_larry1,3.068735385,-3.568170721,EryP
TTCCTAAGGGGACACTGG-1_larry1,-0.422926044,-6.386701281,EryP
TAGCACACGGAATTCAGT-1_larry1,1.669271374,-2.885435278,MEP
GGATGCTCGTGTCGTGAG-1_larry1,1.287406945,-2.304851468,MEP
CTCGAACTGTGTGTAGAG-1_larry1,-3.253575539,-4.237167532,MkP 2
GAATTCAGTGCACAACTC-1_larry1,2.706462407,-3.349454577,EryP
TAGCCAGTGGCAGCTTGA-1_larry1,-1.107107973,3.106828516,GMP
AGTAACGTAGTACGAACG-1_larry1,0.569035867,-0.231959621,GMP
CTCAGGTACTACGTTACC-1_larry1,6.052685523,-0.158895994,EryP
ATCCACAGTTGCGATACT-1_larry1,-2.065338588,3.410132234,GMP
TCGGAACGATCGTTCTCC-1_larry1,-6.052141881,-2.051866109,pre/pro-B
GTTATCGATACCATCTAA-1_larry1,-2.813404536,4.179629152,GMP
GTGGAGGTCATTCGCTTA-1_larry1,-2.330506062,2.934276168,GMP
CGCGTACTAATGGATATC-1_larry1,-1.734112,2.04772598,GMP
CGACCACTTTATCAGTGC-1_larry1,-5.686146474,-1.951592858,pre/pro-B
AGCGCATGACGCCATTAC-1_larry1,-2.735060191,3.194507425,GMP
ATGCTGTCGGTCAATACA-1_larry1,-3.099179721,1.656317179,GMP
AGCTATATGTATCATGCT-1_larry1,5.548364425,3.448444431,GMP
GGTAAGGATTTCGTGATG-1_larry1,-2.130669808,-0.726217235,MPP3
CAACGATCGCTATACTAG-1_larry1,-1.851683831,2.294684475,GMP
CGTGTCCGAAGTAACGTA-1_larry1,-2.084639525,2.758765047,GMP
CCGGTGGTTCGACCATCA-1_larry1,-0.702696538,6.596397703,MPP4
ATCGATCCTTGTATGTAG-1_larry1,-7.433821893,-2.99778312,pre/pro-B
ACGTCTATGCCAGCCAAT-1_larry1,5.427890086,-2.578594859,MEP
GGTCCTAAGCGATTCGAG-1_larry1,-2.086658692,2.355567281,GMP
CCACTACCACTTCACTGT-1_larry1,2.129709983,1.793406074,GMP
CTGTTACCAGGATTCGTC-1_larry1,-1.986114716,2.261226003,GMP
CTCGTCTTGTCACTCGCT-1_larry1,-6.250816083,-2.297300274,pre/pro-B
GTACGTCTATCGCTTAAC-1_larry1,-2.182616687,2.948639696,GMP
AACAACCTATCAAGCGTA-1_larry1,-3.150142646,0.491653268,MPP4
ATGAGTGTGACGACGATT-1_larry1,-0.967471933,-6.388065512,MEP
GTCTGAGCCGTTGACGTG-1_larry1,5.87340858,-0.274351961,EryP
ATTCCTACGGATTATGCG-1_larry1,-5.358259415,2.084353035,GMP
GGAGTTAGCAAGCAATCG-1_larry1,-1.381359076,1.528113549,GMP
TCAGCGACCGTTGACCAT-1_larry1,4.29618814,-2.900072749,EryP
GTGGATAAGAGGTATTCC-1_larry1,2.179967547,-5.614786322,MEP
TGTGGTCCTCTTCTATGA-1_larry1,5.225489402,3.760142152,GMP
CAGCGTAAGGTAGGACGC-1_larry1,5.275805259,3.162262743,GMP
TATTGACTGAGAGAGTGG-1_larry1,3.083852077,-5.300061877,EryP
CGACCACTTCCATTACAG-1_larry1,-1.553047395,3.128984754,GMP
GACACGCAACCTGCAGAT-1_larry1,-0.032822585,-1.216871316,MEP
CTAATACGCCTGGACACT-1_larry1,-6.061904645,-4.265695984,pre/pro-B
ATCCGTCTCGTTACTACT-1_larry1,-5.868107056,-2.109105165,pre/pro-B
TCGCGTCATTACAGGACT-1_larry1,3.893518472,-3.884289915,EryP
CGGTTCTATCTATTAAGG-1_larry1,-0.737679338,-6.346521075,EryP
GATCTGTTCACTATCCTG-1_larry1,4.936901355,3.235928361,GMP
GTCTCTTCATGTCAACCT-1_larry1,-2.016864514,-3.133370812,EryP
ACTGGTCAGCCTCAGGTG-1_larry1,-1.985893226,2.91157419,GMP
GATTGGAAGTAACACGAG-1_larry1,-6.209957337,-4.307669337,pre/pro-B
GTCAGTTGTGTGCTCTTG-1_larry1,-5.454913354,4.988624876,GMP
AGGTACCAACGAATCCTG-1_larry1,4.884787345,-3.213380988,EryP
GGTTGAAGGCTTCTCATC-1_larry1,1.691409731,-3.65417474,EryP
CAGAGCACCTCCTCTAGT-1_larry1,-2.037425971,2.899860208,GMP
ATGAGATCCTATAATCGC-1_larry1,5.917012477,0.705628817,MEP
TCTAGTGACACGCTCTTA-1_larry1,-7.27119658,-3.163216765,pre/pro-B
ATCCAATGAGTATCGTCG-1_larry1,-1.938684201,3.346916502,GMP
CTGGTGACAGGATGCTCG-1_larry1,6.287580276,-2.497022088,EryP
TATACGTGGTGCGTCTTA-1_larry1,-1.003767109,-1.743889029,MPP3
TATAGTGCGACCATACTT-1_larry1,4.105510497,-6.338272269,EryP
TGCTGCGTCCAGAAGTGA-1_larry1,-0.088672674,2.932612484,GMP
ACCATGTCTGTGTATCTG-1_larry1,-0.841186857,-6.468417818,EryP
CGAATGAGTAACAATGCA-1_larry1,-2.569431519,2.393508022,GMP
TCAACACTCACGCACACT-1_larry1,-2.305289483,2.964448755,GMP
TATGACCGAAAGCTGGTC-1_larry1,-1.133701777,5.601231878,GMP
AGCCGGATCATCGATCCT-1_larry1,5.425660396,3.183525865,GMP
GGTCCTAAGAACTCCATG-1_larry1,-3.249793506,-2.550413306,MPP4
ACCTAGCACAGGTGCGAG-1_larry1,6.454634452,-3.213390524,EryP
GTTCAGAAGCAAGGTGTG-1_larry1,-0.792783236,1.627209609,GMP
CCAGTTACGGAAGGATCA-1_larry1,-4.98384068,2.667466705,GMP
CTAGACATGAACCATGGT-1_larry1,-2.784633136,-6.24314564,GMP
CCTTGACGGAATGCTATC-1_larry1,-6.175241685,-2.058968718,pre/pro-B
GAGTCGTACACGAATCGC-1_larry1,5.656207824,2.89182574,GMP
GATAGTTCTCGACGTGAT-1_larry1,-5.022182202,4.68343765,GMP
CCTATTCAAACGGACCAT-1_larry1,3.487829471,-3.74744838,EryP
AACGCCTACTATTGCTAC-1_larry1,-1.653130746,4.739279573,GMP
CGTGGTACCCGCGTACTA-1_larry1,2.223835612,1.614722316,GMP
GATGCGGTTATCGGTGGT-1_larry1,-4.860198712,2.648448293,GMP
CGATTCGAGAACAACTGG-1_larry1,3.849816108,-3.274734909,EryP
CAAGCTGCACTTATTGAG-1_larry1,3.231784368,-3.958892043,EryP
CGAAGAGGTTCGTTCTCC-1_larry1,0.438522035,-1.320843871,MPP4
AGAAGAGTCCGACCTGTA-1_larry1,-2.182416892,3.294636791,GMP
CTTCTATGATCCTTCAAC-1_larry1,-0.596635675,-6.467445548,EryP
GCATGTAAGGCTCAATGA-1_larry1,-0.838303423,-3.162345345,HSC/MPP1
CAATTGTCTAGCCACTTC-1_larry1,-1.610521769,3.197377031,GMP
CCTCCAATCCCTGTATCT-1_larry1,-0.088328934,-3.078294928,MPP3
CTAACTAAGATTGCCGAC-1_larry1,-5.972470975,-4.122289116,pre/pro-B
TAACGTGTCCACGGAAGT-1_larry1,-5.874536252,-1.750390942,pre/pro-B
GCAGCAGTGTGCAGCCTT-1_larry1,-1.831295228,-2.170187051,MPP3
AGCTATATGGACGTCAAT-1_larry1,-2.314204192,2.877148216,GMP
GTGTATCTGTAGCACTAT-1_larry1,-5.51886723,5.147005384,GMP
CCACTACCAACGATGGAA-1_larry1,1.392367923,-3.428180869,MEP
GTGAACCACAGAATCAGA-1_larry1,-3.412728047,2.894953792,GMP
ACGACAGTCTGGAGTGGA-1_larry1,-0.132840609,-2.614752467,MPP3
ACGTTCAATCCTCTCTAG-1_larry1,-1.459088778,-0.355297397,GMP
CGCATAACTGACAATGTT-1_larry1,-1.486097073,3.119163578,GMP
ATGCGTGGAGTAAGGTCC-1_larry1,6.1448591,-0.265337369,EryP
TTCCTTGACAGATGTTGG-1_larry1,-1.041872597,-3.334244425,HSC/MPP1
CATGGTTACCTGTCACTT-1_larry1,-1.297842598,-1.370714242,MPP3
GGTCGGTCTCTCCTGACG-1_larry1,-5.118369794,2.319376772,GMP
ACTGTGTCAGTATGTATC-1_larry1,-1.436216569,1.452201431,GMP
ATAGTCTCCCGACCTAGC-1_larry1,-0.620858049,-6.476244147,EryP
TGTATGTAGAACTAACTG-1_larry1,-0.566582179,-3.557670767,MPP3
TGATTCACCACCGAGTAG-1_larry1,-6.100784039,-4.303550894,pre/pro-B
ACGCGACAGGAACAACCA-1_larry1,2.8555372,2.505639856,MPP3
TAAGCCATTCACGACTCA-1_larry1,-6.095020985,-1.139088447,pre/pro-B
CTAGAGTCGCTCCAGCGT-1_larry1,-1.34385941,6.313178365,GMP
GTCAAGATCTGGACTGCC-1_larry1,-2.061444497,-0.500218103,MPP4
GATACACTACGGAGACTT-1_larry1,-5.976753926,-4.040286,pre/pro-B
GTTCCAACATGTCATAGC-1_larry1,0.844859222,-0.494720082,GMP
ACTTGATCTTGCAGATGC-1_larry1,2.292283797,-3.761942561,EryP
CTATTAAGGGGATTACGC-1_larry1,-1.435048795,5.441562002,GMP
ACGATGGAATAGCAGAGT-1_larry1,-3.016001916,-5.889098818,GMP
GCATGTGGTGCACTGGAT-1_larry1,-3.021244263,-6.256746466,GMP
TCCTGTCCGGTAGAGAGC-1_larry1,-1.59738729,2.970531766,GMP
CTTCCGTGGACGATGACC-1_larry1,5.039417052,3.626383131,GMP
CCGCAATGGACTCTGCTC-1_larry1,-0.855363583,6.172281568,GMP
TCGGATGTTCCTAAGTCT-1_larry1,-1.156483626,5.833261316,GMP
GGTCTCATGTAACGGATA-1_larry1,3.254602456,-5.233558829,EryP
CTCTAAGAGCACATTCTG-1_larry1,-5.390089249,-0.986776347,pre/pro-B
AATATCGCTCTAGAGGTA-1_larry1,0.539269553,-1.065951343,GMP
GAGTTATAGCGCCATTAC-1_larry1,-1.278600788,4.42003042,GMP
AGATGTTGGAGCGGTCTA-1_larry1,-2.209464049,1.940936391,GMP
ATAAGTTCGCGGTTCTAT-1_larry1,-2.206737733,2.742796485,GMP
GTTCCAACATGATTCACC-1_larry1,-3.244606232,1.596234148,GMP
AGGTATTCCAATACCTTG-1_larry1,6.326946998,-3.171332533,EryP
CGTGCAAGGGTGCGTTCC-1_larry1,-2.205619073,1.329215829,GMP
ACAATTCGGGCAACCAAC-1_larry1,-3.053224778,3.869956319,MPP4
AGTTACAAGGCAGCAGTG-1_larry1,3.733895564,-2.731476958,EryP
GTGTCGAGCTGCGACGTT-1_larry1,6.461955333,-1.913161452,MEP
TCGAATAGACACGATAGA-1_larry1,-4.77290461,2.590071027,GMP
CGGAATGCAAGATCTTCA-1_larry1,-3.247439837,2.789479082,GMP
TGATTCACCACGCGACAG-1_larry1,3.011485839,-5.313000376,EryP
TGTCGTACAATTGATTGG-1_larry1,4.420927549,-0.128246273,EryP
GACTGCGCATGTCACATA-1_larry1,2.919481063,-7.742001707,EryP
GCCATTAAGCATACGCAG-1_larry1,5.959907317,-0.356001331,EryP
AGATGTTGGCGGAATGCA-1_larry1,2.97942164,-7.778486903,EryP
AGCTGCACTGCAGCAGTG-1_larry1,-5.181225991,5.093035047,GMP
TCTGAGATAATGAGGTAT-1_larry1,1.728526735,-2.069320257,MEP
CACCTTCCTAATACGTCT-1_larry1,-6.021459794,-4.216005022,pre/pro-B
CGAACAGAGCTCCTGACG-1_larry1,-5.261096215,2.499335115,GMP
TGCAGTCGGAACCGCTGA-1_larry1,-6.643369412,-0.843023176,pre/pro-B
GCCTTGTGATTACAGTGT-1_larry1,-2.931282735,-5.466342146,GMP
AGGAGGTGACGAATGAGT-1_larry1,-0.714457249,6.452894514,MEP
TCTGAGATATGGAGAGTG-1_larry1,2.819692159,-7.752901251,EryP
ACACGTTGCCCATAATCG-1_larry1,-2.063340401,1.63762707,GMP
ACACCGCCAGTGGTACGG-1_larry1,-1.456998801,5.072539632,GMP
CAATGCATTCGAAGAGGT-1_larry1,-6.164473748,-1.026004965,pre/pro-B
TCCAGCTATAGAAGTAAC-1_larry1,-1.679133868,2.795414989,GMP
TGACTGAGATCCTTAGGT-1_larry1,2.979461932,-3.766584332,EryP
AGCCGGATCACGATGGAA-1_larry1,0.187738621,-0.961344654,GMP
CACAACCAGCGTGACCAG-1_larry1,2.31673708,-1.640452201,MEP
GGTGAGCGTTTGAGACGG-1_larry1,-3.281841254,2.6886676,GMP
TACCGCGTTCAGCTTACC-1_larry1,-3.077017283,-6.080393965,GMP
GTTGACGTGCGTGTCCGA-1_larry1,-1.4070153,2.547651117,GMP
ATGGATATCTGAACCAAT-1_larry1,-2.063416219,-1.220384056,MPP4
TCTAATACCAGTCGTCCG-1_larry1,2.406343246,-2.955455954,MEP
CACCTCAACCAAGTACGA-1_larry1,-1.253320074,5.923372572,GMP
ATCACCGCACGTTCCATT-1_larry1,-2.906917548,-0.316325919,MPP3
CACGCGTAAGTATCCTGC-1_larry1,6.582356239,-2.091087992,MEP
ACGACTGCGTACACGGTC-1_larry1,5.612366939,0.689529901,MEP
AATCCTCGTACTGGTCAG-1_larry1,6.228367591,-3.129243071,EryP
CATTGCAGATACGGTCGT-1_larry1,3.855945611,-2.576689179,EryP
AACTTGTCGCACAGCGAA-1_larry1,2.085413003,-2.842354472,MEP
ATCTCTGCTTGCAACTCT-1_larry1,-2.521409488,3.125287836,GMP
GAGTTAACTTGATCTCGG-1_larry1,-3.173371291,0.649886613,MPP4
TCAAGCGTAGAGATGTAT-1_larry1,-5.516857838,-2.104360516,pre/pro-B
TAAGGTCCGGAGTGCATA-1_larry1,-2.657072282,4.139841383,GMP
ACGAGAGCACCGCAATGG-1_larry1,3.039828324,-5.395072157,EryP
TGATCTCGGTAATTCGTG-1_larry1,-6.641108727,-0.766415621,pre/pro-B
AGCGGAACATCTAGTGAC-1_larry1,0.341193909,4.226383989,MPP4
CACTCACTAGCTCTGTGT-1_larry1,-0.615895247,6.710130994,MEP
GCTTCTGAACTCTACGCA-1_larry1,-2.375069833,-1.002415831,MPP4
GTCAGCGTCAGCAGACAA-1_larry1,-0.495123005,-2.924192841,MPP3
CCGTAGTTGGACGCCGTA-1_larry1,2.585784817,-3.761521037,EryP
ATCCAATGAGCCGTCTTC-1_larry1,-3.586450314,0.441138809,GMP
TTGGACTTCAGGAATTGG-1_larry1,-3.412388062,-5.848015006,GMP
GCCATACAAGTAACAGTC-1_larry1,5.394861961,3.11279208,GMP
GATCTAGAGCATCTCGAT-1_larry1,2.907258058,-7.782508547,EryP
ACTCGTAGGAGCAGACAA-1_larry1,-5.595649457,-2.374679739,pre/pro-B
TATGAAGACATCTACATC-1_larry1,5.507510448,3.501734321,GMP
ATCATTACGCCTCCAATC-1_larry1,1.322622323,3.762461011,GMP
ATCGGTGGTACGATGGAA-1_larry1,0.196595186,-0.971030588,GMP
TTCGGAGTCAAGCTTGCA-1_larry1,-2.158640838,2.982525413,GMP
TGCGCACTGATCAGAAGC-1_larry1,-2.975970721,-5.930974657,GMP
TAGACCTACCTGGAGCGA-1_larry1,-0.610607362,4.945233171,GMP
GGACACTGGCTGGACACT-1_larry1,5.651154781,3.0962866,GMP
CTTGATCTAATACCGAAG-1_larry1,-1.894549823,3.183521574,GMP
ATAAGTTCGTACGGTCGT-1_larry1,-3.233138299,-6.152233298,GMP
GTTAGAGACGAACCAGTT-1_larry1,-0.256459749,5.594682996,MPP4
GTATCGTCGTATGTATGC-1_larry1,2.802998805,-3.637288983,EryP
CGAGTAGCAGGAGACACA-1_larry1,-0.566322183,6.643831556,MPP4
CCGTCAGGTGTCACAGAG-1_larry1,3.788603091,-3.820671017,EryP
TTAACGGAGCCATAATCG-1_larry1,0.897686848,-0.075128372,GMP
TTCAGTGCCACTTCTTGG-1_larry1,5.244522357,3.674614017,GMP
CGCCTGCAAACATCGTCC-1_larry1,-3.603899693,0.325329905,GMP
ACTTAGCTTCCTAAGTCT-1_larry1,-5.379188275,5.101251905,GMP
CACGATAGATGTAGATCG-1_larry1,-2.304130053,3.326826637,GMP
TCAGAGTCAAGAAGTAAC-1_larry1,-6.027172303,-4.042782242,pre/pro-B
GCGGTAGTCTAACGTGTC-1_larry1,-1.671820378,1.402348702,GMP
TCTCCGCGTTCCACGTGC-1_larry1,-0.777145004,1.752640312,GMP
CAAGCCTCGCAGCGACGT-1_larry1,6.101008678,-2.894336398,EryP
CTTCGTGCAACGACAGTC-1_larry1,6.414188171,-2.981568272,EryP
TCCGGAGCTAGTGGAATG-1_larry1,4.877150798,3.355514114,GMP
GTGATGTGCATGCGGATT-1_larry1,-3.169371342,0.736654346,GMP
ACACGTTGCCCAGCCAAT-1_larry1,-0.543464875,6.477102106,MPP4
GTAACCATAATGTCGCCT-1_larry1,1.675449276,-4.489029581,EryP
TGTGTAGAGTGCTCACAC-1_larry1,2.974414611,-3.904471333,EryP
TCTCGTATCCGACCATCA-1_larry1,0.761070253,-0.736294295,GMP
GCGTGAGCTTTCCTCGGT-1_larry1,1.989805603,1.891226595,GMP
GACACCGATTCATCAGAG-1_larry1,-5.954201913,4.535579507,MPP4
ACAACCGGACCTCGGTCA-1_larry1,-6.053655839,-4.192080195,pre/pro-B
AGACTTCGTGAGTCCAAT-1_larry1,-1.733611083,-1.888618762,MPP3
CCTCGCGTTATGCGCTAC-1_larry1,-2.183568215,3.018068616,GMP
TGTCACATACCACCATGC-1_larry1,3.728445316,-3.893644507,EryP
CAGCTGGAGAGAGCGCGA-1_larry1,-0.528811073,3.262359922,GMP
TCCACCGGTCGCATCTAC-1_larry1,-0.787570691,6.623504942,MPP3
AATGCCTCAAATCGTGTT-1_larry1,4.219009185,-2.007282669,EryP
CATTGCAGAGTATCGTCG-1_larry1,-1.71575067,0.259841983,MPP4
AACACACTCCGTGCAAGG-1_larry1,-5.503116345,1.991528575,GMP
TGCGTGCCAAGAGCCGCA-1_larry1,-0.952571964,6.567322557,GMP
ACTGCTAGTACTGTAATC-1_larry1,-0.775690532,5.060931032,GMP
CAGTCCTAATGGAGTGGA-1_larry1,-2.491941905,2.195326154,GMP
TATGAAGACTCGGATGTT-1_larry1,-3.799329495,-2.258072669,GMP
GCTTACGTTCTCAGTGAT-1_larry1,-4.695724225,2.74440438,GMP
AACGCATTGGAATAAGAG-1_larry1,3.17609241,-3.133657629,EryP
CAGTACATCAGCGTAGAA-1_larry1,-3.185713267,0.91084141,GMP
GTTGACCATGTCATTCTA-1_larry1,5.923170352,0.657645111,MEP
CGTTGATCCAGCGTCGTC-1_larry1,0.661539377,-0.391871857,GMP
CTTAATCGTTCGCGTCAT-1_larry1,-0.759878015,6.32858259,MEP
TCCTCTAGTCTACCTGCG-1_larry1,6.428661609,-3.032775338,EryP
GCGAGCAAGAAGCTGAGG-1_larry1,-1.167794084,-1.669597919,MEP
CGTTCCATTAGAAGTCCT-1_larry1,-1.947759127,4.823271577,GMP
ACTCCAACTGCTACCTTA-1_larry1,5.284805083,3.345930164,GMP
GACAGGTTAAGATCGAGT-1_larry1,-5.093405461,-1.784638102,pre/pro-B
ACGACATCTAGTAATGGT-1_larry1,-1.378231501,6.154949968,GMP
AGACGCCTGGATATGGAC-1_larry1,0.505223417,-0.58919024,GMP
ATGCTCACCGTTGCTCAG-1_larry1,-0.286083793,0.917878096,GMP
GCACAGTAATGGAACTAA-1_larry1,-2.882840848,3.952452009,GMP
CCGAAGCGTTAACGTGTC-1_larry1,-1.393916583,6.251773183,GMP
GCAATGAGAGACTGCCTG-1_larry1,0.632531037,-1.555097039,MPP3
ACCGTCACGCAGCGTAAG-1_larry1,-1.783128476,-2.544661457,MPP2
CTATACTAGGCGTGATAC-1_larry1,-5.547242379,1.83438093,GMP
TGTGTAGAGTTGTATCAC-1_larry1,-1.408463693,5.504060571,GMP
TACTCGACCTGAACGGTT-1_larry1,-2.395905709,-5.710065062,MPP4
GTATTACTGAGTGTCTCT-1_larry1,0.600651497,-0.81618988,GMP
AGGTGTACAGTCAAGATC-1_larry1,2.482106352,-2.732114727,MEP
CACACCACAATCATGTTC-1_larry1,0.636032335,-1.804497416,MPP3
TGAACGTCAGCTTCACTC-1_larry1,-6.071382737,-2.403479273,pre/pro-B
CTCCTATCTGCCTAACGG-1_larry1,1.786450529,-3.528519328,EryP
TGACGGTTGCGATACTCT-1_larry1,2.601269388,-5.492973025,MEP
ACTAACCGACTATAGCTC-1_larry1,4.010458493,-6.471886809,EryP
CCGATGTTCCTGTAGAAG-1_larry1,4.299184585,-2.589316542,EryP
GTCGCAGGTATGAGATCC-1_larry1,-1.537847256,5.971954649,GMP
GCATACTCCCACAACCAG-1_larry1,3.594850087,-2.769116814,EryP
GGAGAATGAGTTAGTCAA-1_larry1,5.231503272,3.675000255,GMP
ATCCGTCTCTCGGACAGT-1_larry1,-5.210064149,2.460037057,GMP
CCGATGTTCTAGCGCAGC-1_larry1,0.784080544,-3.180032904,MEP
GCGTGATACAGGATCTCA-1_larry1,-6.083344197,-4.331476386,pre/pro-B
TGAGTGACTCCGTACGGA-1_larry1,4.780230308,-1.010636742,EryP
GCTGAGCAGTAAGTGTAG-1_larry1,-3.339047885,2.834198778,GMP
TCAATCTAGGAGATACAC-1_larry1,-2.995332455,1.983345811,GMP
CGAATGAGTGTGTCCGTG-1_larry1,-6.349689698,-2.49571317,pre/pro-B
AAGTCATGAATTAAGACC-1_larry1,-6.412499642,-1.075344915,pre/pro-B
ACTCACGAAAAGGATACG-1_larry1,1.472416127,4.017964666,GMP
GATAAGCTGCAGTGCCAT-1_larry1,1.944232249,-4.43954056,EryP
GTGGAGGTCAGCTTCGAT-1_larry1,-6.066525197,-2.481851513,pre/pro-B
ATGTCCTCCTGGTGCCTG-1_larry1,-5.331401086,2.433526104,GMP
CCATAGCCAGACTCTGGT-1_larry1,2.371020937,-3.375305827,MEP
TGATTGCTGACCATGTCT-1_larry1,-5.928420281,-4.191231663,pre/pro-B
TACCTATCCTAAGGTCCG-1_larry1,-1.517806506,-2.930757935,HSC/MPP1
CTATACTAGTTACGCTCG-1_larry1,-2.121096587,2.030844514,GMP
GATACACTAGGTTCTATC-1_larry1,-1.371280169,1.767015522,GMP
TCTCGATGCCTCAGTGAT-1_larry1,-0.740830397,6.673867529,MPP4
AGCAGACAACCTGTTAGC-1_larry1,-1.955745911,2.020560567,GMP
ATCCTCCGATTCAACTAC-1_larry1,3.714297795,-1.83934396,EryP
CAACGATCGATCAGAAGC-1_larry1,-5.307969308,2.257795875,GMP
AGATGTTGGGCCAATGAA-1_larry1,3.872105384,-3.772060568,EryP
ACGTGAATCCACAACGCT-1_larry1,-1.516680455,-1.589778359,MPP3
CCTAAGTCTTGAGTTAAG-1_larry1,-1.793562865,4.589780157,GMP
AGTATGACGAGTTATCGC-1_larry1,-6.616451001,-1.986347849,pre/pro-B
CATATGTCGCTGACGATG-1_larry1,-0.645328259,-1.765380795,MPP3
TGCCAGACGGGAATTCAC-1_larry1,3.477747941,-2.656073983,EryP
ATCCGTCTCGTCAAGATC-1_larry1,-1.827279067,-1.225100632,MPP4
GTCTTCATACCTAAGTCT-1_larry1,-5.503835416,5.11008579,GMP
AACCATGGTAGCACACCT-1_larry1,-5.115186906,2.593589609,GMP
TCAGTGTTCTCCAATCAT-1_larry1,-3.265133118,1.058081572,GMP
ACGACAGTCGAGACGATC-1_larry1,6.164991164,-3.154180701,EryP
GCATACTCCACCATTCAC-1_larry1,-1.345574117,5.230683153,GMP
TCGGTATCAACGTGCTCG-1_larry1,-1.891992545,2.297573631,GMP
TCCACCTCAGGTGTGACC-1_larry1,-5.570413327,0.510736113,MPP4
CCGCATCCTATAAGTTCG-1_larry1,5.084686542,3.20946986,GMP
CAGTTGAGTTAGACCGCA-1_larry1,-6.228824353,-2.578370507,pre/pro-B
ATCGAATCGTAACATTGG-1_larry1,-3.547657704,0.398505693,GMP
AATGCAGCGCTTAAGTTG-1_larry1,-2.527018761,0.116204207,GMP
CACTCACTAATAAGACAG-1_larry1,6.350783611,-2.992832835,EryP
ACCGTCCTAGAGATTCCT-1_larry1,-2.215755677,2.410687034,GMP
GAGGTCCTTTCCGGAGCT-1_larry1,-3.268822884,-6.131486113,GMP
AGCCTCTAGCTAGACATG-1_larry1,-1.115291929,6.080123251,GMP
ATGAACTAGTATCTGTCA-1_larry1,-0.976556992,-2.667766983,MPP2
CACTGGTCCCCTAAGTCT-1_larry1,5.680022502,3.010562723,GMP
CTGAGTCCACCACTTCGC-1_larry1,-0.89617989,0.525233035,GMP
CGATTGAACGAGAACAGG-1_larry1,-1.283259606,5.474260156,GMP
GAAGTGTGATGAGACAGC-1_larry1,0.53221781,3.164947336,GMP
TCCAATCATCGGACAAGT-1_larry1,-5.417331433,1.719755476,MPP4
GATGCGGTTACGGTGCCT-1_larry1,-2.242454505,-0.182556185,MPP4
TCCTTAGGTTACTTACCA-1_larry1,-2.028503632,2.234855239,GMP
GCGATGGTGACTCTCACA-1_larry1,-3.055949426,-5.881407435,GMP
ATCATTACGCTTCCGGTA-1_larry1,5.56458261,3.249292915,GMP
AGTAGAGGAATGCGCCGT-1_larry1,-5.02499268,2.552150314,GMP
CTCCTATCTGATGCTCCT-1_larry1,6.420030856,-3.043192084,EryP
GATGTAAGGCGTGTGTGG-1_larry1,-2.510454392,4.09338886,GMP
CTCATTAGTCAAGAGAGT-1_larry1,5.742991233,2.20473439,MPP4
CCTCGCGTTCAGCTTCGA-1_larry1,5.351002956,2.950549905,GMP
ATATAGCGTTAGACCGCA-1_larry1,-2.790068126,2.979111021,GMP
TGTCTACACACCTAGCAC-1_larry1,-0.681064224,-3.445450241,MPP3
GTAGACTCTAGACGGAGG-1_larry1,-5.148706651,2.361103599,GMP
TTACGCTCGTTCTGCCGA-1_larry1,-3.219259715,-2.556301529,MPP4
TGCTATGAAAAGTTGCCA-1_larry1,-5.295296883,2.394960706,GMP
ACTTAGCTTTCAATGGAC-1_larry1,-2.267987704,3.047805135,GMP
CGCTTCACGGAAGGATCA-1_larry1,-4.991250253,1.903784816,GMP
CGTACATCTTTGGAGAAC-1_larry1,-2.985954976,1.544935887,GMP
TTGGACTTCCACCTCAAC-1_larry1,-7.19558022,-2.772827084,pre/pro-B
CTTACATGCACACCGCCA-1_larry1,-5.464013791,2.244801109,GMP
GCTAGTGGAGTAACCATA-1_larry1,-2.907908177,-1.049048479,MPP4
ATTCCGTACTCGCTGTAA-1_larry1,6.010288978,0.837581222,MEP
AATGCACTTTATCGGAAC-1_larry1,-2.178656792,2.666775529,GMP
TTATCGCACGTCGTTGCG-1_larry1,-0.541619515,-6.418635065,EryP
TCGGAACGATGTAGATCG-1_larry1,3.120468164,-3.03659075,EryP
CGTTCCATTCATTATGTC-1_larry1,2.568184161,-3.843213971,EryP
CTAACACTGTCCTATTCC-1_larry1,5.789018893,1.962826793,MPP3
GAGAACAGGGGTAGACAT-1_larry1,-2.287456488,0.453753476,GMP
GTAGCCTTGAACTCCATG-1_larry1,5.189204955,3.671533649,GMP
GCCAATGAACGCTTCACG-1_larry1,-1.615578866,6.343497102,GMP
CATAGTATGTAGCAGAGT-1_larry1,6.672259593,-1.950132782,MEP
CTTGATCTATAGTCAGAC-1_larry1,3.388422752,-1.211513872,EryP
GCCAATGAAAGATGTTGG-1_larry1,-3.153647399,-5.768362219,GMP
TACTGATGATGCAGCCTT-1_larry1,-1.454287743,6.140466516,GMP
TATGTACCTCGACCTAGC-1_larry1,-5.129629826,2.432823007,GMP
TTCACTGGATACCTATCC-1_larry1,-2.600150084,-0.600030864,MPP4
TCTGTGAAGTACAAGAGG-1_larry1,-5.910423493,4.621397798,MPP3
TGTATGTAGTGCACGATG-1_larry1,-1.744179463,5.094371622,MPP4
CTTCCGTGGGAATAAGAG-1_larry1,-3.042705512,-5.986356432,GMP
CACGGAAGTAACGCATTG-1_larry1,-1.974706387,3.272690361,GMP
ACAGGTATCCATAGGTGT-1_larry1,3.771438861,-3.728085215,EryP
TCCTCGTCGATATAGCGT-1_larry1,0.494290853,-0.382236178,GMP
TAGCGAGAACCTTCGAGC-1_larry1,-0.659933424,4.478180235,GMP
TACAACACCGAATTCAGT-1_larry1,-2.629187321,-0.384291279,MPP4
AGACCACGCGTTGACCAT-1_larry1,2.448165083,-5.502238924,MEP
TGCTCACACCCACATTAG-1_larry1,0.711508961,-0.18092716,GMP
GAACATGACCGCTGTAGT-1_larry1,0.741541708,2.166251247,GMP
TTGTAATGCCTACGTTGG-1_larry1,-2.575369572,3.258741682,GMP
CCGATCAGCACAAGGTAC-1_larry1,2.673009181,-2.796280796,EryP
CTTGTAACGTATGCCTTC-1_larry1,-0.560479259,-6.495924647,EryP
CCACGAAGGACTCCAACT-1_larry1,-0.430140948,-6.499017413,EryP
ACGCTATGTTACCTCACT-1_larry1,-5.912038541,-4.094287093,pre/pro-B
CACGCGTAAATGTGAGAC-1_larry1,5.391459727,3.361014669,GMP
TCCGGAGCTGCGAAGACA-1_larry1,-2.124115681,-1.830196316,MPP3
ACACAGAACCGTTGATCC-1_larry1,-1.881859994,4.594033544,GMP
GAATCAACCGCGAAGACA-1_larry1,-1.553775525,3.073318069,GMP
ACTCGTCTAACAGTATTG-1_larry1,0.247335756,-1.176052267,MPP4
AGTGTGCACCGCGATGTA-1_larry1,-1.896072364,5.048044508,GMP
TCTACATCCTACCTCCTC-1_larry1,-7.414491868,-3.003784115,pre/pro-B
TTGGTAACTACTCGAGTC-1_larry1,-5.779986119,1.38600189,MPP4
AGAGAGTGGCCTCATAAC-1_larry1,6.554213309,-2.676073248,MEP
AGTCCAGTGGCGATATGA-1_larry1,-1.425303674,-1.503230984,MPP4
TTCCTGCTACCTTGTTGC-1_larry1,6.259860778,-3.002675707,EryP
GCTTACGTTCCACGCCAT-1_larry1,-5.957200742,-3.999283249,pre/pro-B
GCTTAGAACAGTCGTCCG-1_larry1,-1.251626944,5.240486925,GMP
AGTGGAATGCGCACTCTT-1_larry1,-1.497337794,3.497911995,GMP
GGTCTCATGTTAACGTTC-1_larry1,-1.217783069,3.399421518,GMP
GCCTTGTGACAACACTCC-1_larry1,6.510140205,-3.198531325,EryP
GCACGTAGATGCGATACT-1_larry1,0.114195311,-0.383771631,GMP
AACGAGGTGAATTGGTGA-1_larry1,5.202993179,3.202684944,GMP
TGATTCACCTGTATGTAG-1_larry1,-5.914514279,4.594697301,MPP4
GCATTGATCTCGCTGATT-1_larry1,-5.002070641,-1.805127675,pre/pro-B
GCAGCAGTGCTGACGGAT-1_larry1,0.692389248,-0.022355045,GMP
GTCAAGATCAATGTGCGT-1_larry1,-7.447104668,-3.125132496,pre/pro-B
GGAACCTAGGTGTTGGAA-1_larry1,-1.882641053,3.650100534,GMP
TCCAGAACGTTGTATCAC-1_larry1,1.49015733,-2.625423844,MEP
GTAACAGTCAAGGAAGTC-1_larry1,0.397846425,-0.277891709,GMP
GATACCGGAAAGGAACAG-1_larry1,-6.413446164,-2.065141137,pre/pro-B
CTCTTCAGCAGTTGAGCG-1_larry1,-1.338271713,-1.886473234,MPP3
AACAACTGGTGCCAGACG-1_larry1,-4.906055188,2.563375061,GMP
TTCCTCGGTGATGTTACA-1_larry1,-2.779638505,-6.04198807,GMP
AATTGGATCCGCATCTAC-1_larry1,-1.408764815,6.304586237,GMP
CTCTTCAGCCGACCTAGC-1_larry1,6.113134647,-2.711596901,EryP
GGTGGAGCTATCAAGAGA-1_larry1,-2.731933808,2.001164024,GMP
CCGAGTACTTATACGGAT-1_larry1,0.023978377,-3.020423825,MPP2
GCGGAGATTGTAAGGTCC-1_larry1,-1.457029557,-6.153779681,MEP
CCGAGTACTTCTAATACC-1_larry1,-3.083195901,3.534522121,GMP
TACAGGACTGGTCCTAAG-1_larry1,-3.171267724,-6.264679606,GMP
AGGATCTCATCGTAGGAA-1_larry1,-0.937418198,1.095400994,GMP
CATCCAGGACACATGTGC-1_larry1,4.155710244,-2.541585143,EryP
ATAATCGAGCGAGCTTAC-1_larry1,5.083635593,3.487874334,GMP
AGTCGATCACTTAACAGC-1_larry1,-1.323890543,6.223396127,GMP
AGTCCAGTGATGTGAGAC-1_larry1,-6.552541947,-0.640685553,pre/pro-B
AGCGGTAAGACTTAGCTT-1_larry1,-0.045270061,4.156496828,GMP
ACGTGAATCTCGAATAGA-1_larry1,-7.307076669,-2.740325625,pre/pro-B
AGGATCATGATGAACTAG-1_larry1,-6.020822739,-4.126033957,pre/pro-B
TTCACTGGAACCATGTCT-1_larry1,-3.246932244,-6.268598254,GMP
GCTTACTAGCCATGATGT-1_larry1,2.53563478,-2.946153576,MEP
GGTCGGATAATCGTAGTG-1_larry1,-6.452297425,-2.019450958,pre/pro-B
CCTCTCTAGAATCGCCAT-1_larry1,-1.626910901,2.137152259,GMP
TACAGTTAGTTCATTCGC-1_larry1,-2.318206048,-0.235178976,MPP4
TGTCATAGCTAACGTGTC-1_larry1,3.238026643,-3.750565226,EryP
GCTTACTAGGAAGAGCAC-1_larry1,-0.636565184,-2.202742035,MEP
TAGGTTAGTACGATGACC-1_larry1,-6.142023301,-1.836776669,pre/pro-B
GGATAGTCATACCGATTG-1_larry1,2.753564382,2.569523161,MEP
ACAGCATCATTGAGACGG-1_larry1,-5.972636914,-2.953458006,pre/pro-B
TAGCGCAGCATCTCTGCT-1_larry1,-2.187438702,2.291500156,GMP
TGTCGTACACCGCAACAC-1_larry1,0.498576278,-3.053693707,MPP3
CGGAATGCAAGACGCCTG-1_larry1,-3.231400466,2.841363018,GMP
GTACCACAATCTTAAGTG-1_larry1,-1.247190094,3.249011343,GMP
GCTCTGTGTATCCACAGT-1_larry1,-2.042788005,-5.864947493,MEP
GATACTGTGCCGTACGGA-1_larry1,-6.60491631,-0.852370317,pre/pro-B
CTTACATGCAGTCGATCA-1_larry1,-5.85197947,-1.917976911,pre/pro-B
CATTCAGTTGTTCACTCC-1_larry1,6.261574531,-2.969097073,EryP
TACTAGTAGTATCGAGCC-1_larry1,5.882229591,1.058541005,MEP
CAGGATCAATGGAACTAA-1_larry1,-5.703788018,1.204288666,MPP4
ACACATCTGGCTGAGCAG-1_larry1,6.034854198,-2.823829586,EryP
CCTCTGCATTTCCTCGGT-1_larry1,-3.44412539,2.766826932,GMP
GCATTGATCACGTATGTC-1_larry1,-3.209403729,1.624942129,GMP
AAGCTGAGGGCTGATGTC-1_larry1,-2.620758509,-3.114035304,MkP 1
ACAAGGTACCTGTACGAC-1_larry1,1.152156705,-3.133722002,MEP
GAGACTCGAGTTGCATGG-1_larry1,5.386623168,3.635107582,GMP
AATACCTTGTGTCCATAG-1_larry1,6.06128099,-0.088496278,EryP
AGGAGCAATCATTCGAAT-1_larry1,5.421614909,2.884264534,GMP
ATTGCGCTACCGATGTTC-1_larry1,-1.287131524,-3.171451743,HSC/MPP1
CAGTGCTGCAGTCCGTGT-1_larry1,-0.459778285,2.497441595,GMP
CCTAGTCTCTAGGAGGAT-1_larry1,-5.629936433,4.978007619,GMP
TTCTGGTGCAAGGTGCTG-1_larry1,-5.094042516,2.534395998,GMP
GAGTCGTACCCTCGACCT-1_larry1,5.624540591,3.185872619,GMP
CTATTCCGTATAACGACA-1_larry1,2.836894298,-2.822918589,EryP
TCGCTTAACCTAACTAAG-1_larry1,-6.458374715,-0.770639594,pre/pro-B
ATCTAGGTTTGCCGCTAC-1_larry1,-2.887052989,-5.970266993,GMP
GAGATTCCTGTCCGTAAG-1_larry1,0.429449314,-3.991281922,MEP
CATTCAGTTCTTATTGAG-1_larry1,-5.545698857,4.950524633,GMP
TCACACTGCTGGAACTAA-1_larry1,-4.746717667,2.770915811,GMP
ACGGTGCCTCGCAACCTC-1_larry1,4.02730825,-2.486420805,EryP
TAGTTGACGGGTAAGGAT-1_larry1,4.303950334,0.18404371,EryP
CTTAATCGTCATGGTTAC-1_larry1,2.240545535,1.669637387,GMP
TAGTTGACGAATGTGCGT-1_larry1,0.705471577,-0.894190187,GMP
CCTGTCGACACGACATCT-1_larry1,3.779922271,-6.410479243,MEP
GTGTCGAGCAGCCTCGCA-1_larry1,-0.529238081,-6.489036734,EryP
ACAGAAGAGTTATCCAAG-1_larry1,1.632539654,-3.550422366,EryP
CGCCATTACAGTCGATCA-1_larry1,-5.450896478,5.005616968,GMP
CTGAGATAGAAGGTGCTG-1_larry1,-0.786186433,3.350948637,GMP
CCGAGTACTTAGCCTTGT-1_larry1,5.894912982,2.447906559,MPP4
CCACGGATCCCGGATTGC-1_larry1,5.660731578,3.057757919,GMP
GAACAACCAGACTGCGCA-1_larry1,-1.298786259,3.018786495,GMP
CACGGATAGCTCTGTCAA-1_larry1,-6.449965691,-0.862439508,pre/pro-B
CGCGAGTGTACTCGCTGT-1_larry1,-0.59363029,4.572524374,MEP
CCTGTATCTCCATATGCC-1_larry1,-0.927059269,-2.719120915,HSC/MPP1
TCATCAGAGAGTGATGCG-1_larry1,6.388609672,-3.096971209,EryP
GTTCAGAAGGAGCACATT-1_larry1,-5.531311726,2.020989482,GMP
GGAAGAAGCACCGGTTAC-1_larry1,3.227438712,-3.648732359,EryP
TGATCTCGGCCTATTCAA-1_larry1,1.032921636,-3.199944909,MEP
GATAACGTCCGCCTGCAA-1_larry1,-2.502819514,3.176105087,GMP
TCGTGACGTTGAGAGGAC-1_larry1,3.507170463,-2.573898013,EryP
AATCAGGAGGACGGACTA-1_larry1,-1.322223997,0.154633259,MPP4
CTCTACGCAATTGCCGAC-1_larry1,4.50983336,-3.011676485,EryP
ACATCGTCCTCTGCAACA-1_larry1,0.763698878,-2.951495583,MEP
AAGACGAAGTAAGGTGAT-1_larry1,4.005063081,-6.48846739,EryP
CCTAGTTAGTGCGACGTT-1_larry1,6.493810439,-3.235483105,EryP
GATTCTCGGGTTATCGAT-1_larry1,-7.515135026,-2.921960051,pre/pro-B
GTGCACGAGTGCCATCTC-1_larry1,-2.251705861,0.150863384,MPP4
TAACGTGTCACTACTCAT-1_larry1,5.802774692,-2.9271509,MEP
GTATCGTCGGATACTGTG-1_larry1,1.319935286,-1.814702566,MEP
CGCATCTACCATTGTTCA-1_larry1,5.803480411,1.61853761,MEP
AGGATCTCATTCCAGATT-1_larry1,-1.882279372,-0.421044151,MPP4
AGTCTGGAATAGTGCACT-1_larry1,-2.082172608,-1.222951705,GMP
ACTGTAATCCTAGTGCTG-1_larry1,-0.842964983,5.775317018,GMP
CCACGCCATCCACGGATC-1_larry1,6.179487014,-0.01180237,EryP
CTTCACTGTGGAGCATCT-1_larry1,-0.582425809,-3.104613001,MPP2
GAACCTTCAACCATACTT-1_larry1,-1.96718452,2.951093261,GMP
TTGGTAACTGGTACGAGC-1_larry1,-1.71832273,3.348531787,GMP
AGGTCCGTCGTCCTTCAT-1_larry1,4.488362813,-1.701248581,EryP
CAACTAATCACAATAGGT-1_larry1,2.609482193,-2.895199711,MEP
TCGTCCGATATCGGTGGT-1_larry1,-1.911356664,0.922140067,GMP
AGTGTGCACTCAGAGTCA-1_larry1,-1.101700282,5.988658731,GMP
AGCGCATGACTTGGTCAT-1_larry1,3.973544622,-6.527939494,EryP
CTCGTCTTGCCATAAGTA-1_larry1,-2.878244614,3.924315279,GMP
CTATCTTGACGTGCCTAT-1_larry1,4.758043552,2.728611772,GMP
CGTTGATCCTATCACCTG-1_larry1,-4.997732377,2.616971319,GMP
TTGTCAACCCTGCTTAGG-1_larry1,2.798378492,-5.498057539,EryP
GGTCCTAAGCAGCTTACC-1_larry1,1.487609828,-3.480258162,EryP
CCTCAGGTGTGCAGTTCA-1_larry1,0.489700118,-1.089560325,MPP4
ATAGACCGATTGCCGTAG-1_larry1,3.895884776,-3.853265221,MEP
CTGATGCACAGTAACGTA-1_larry1,-6.060549474,-2.496003563,pre/pro-B
AGGATTACTCCACTTCGC-1_larry1,-2.943698382,-0.479419495,MPP3
AAGCTGAGGAGTTCGATA-1_larry1,-1.676805472,3.362848108,GMP
ATAGTGGTTGCGAAGCTC-1_larry1,2.782486224,2.904601877,MEP
GCCAACAATCTTAGAAGG-1_larry1,2.55722251,-5.540649588,MEP
ATCCATTAGCGGAGACTT-1_larry1,5.83484962,-2.318763192,MEP
AGACCACGCCCATGATGT-1_larry1,-1.696177935,-1.939442332,MPP3
ACATCGTCCATGTGAGAC-1_larry1,-5.440613007,4.959955041,GMP
GTCACAGAGCCGTAGTTG-1_larry1,5.169198299,3.516353672,GMP
ACTCTCACAGATTAGACA-1_larry1,2.57318368,-3.952706511,EryP
AGCGGTCTATGCCTTCAG-1_larry1,-1.465104794,5.746695345,GMP
TGATCGGAACTGATCCGA-1_larry1,-0.424333668,6.61274225,MPP4
GTGATGTGCGTGTCTGGA-1_larry1,-0.865086293,6.703987424,MPP4
CTCAGCTGGTCTCGATGC-1_larry1,-3.335935092,-6.304064925,GMP
AGATCTGACCTTGTAACG-1_larry1,-7.491008019,-2.937897379,pre/pro-B
GGAATTCACATCACTTCC-1_larry1,-2.364842391,2.272274797,GMP
ACTAACCGAGCATGTGGT-1_larry1,-6.185238099,-4.29435652,pre/pro-B
ATATAGCGTCATTATGTC-1_larry1,0.649689474,3.046336,GMP
CGTGCAAGGAGATATGGA-1_larry1,-2.076837516,2.517553394,GMP
GCCTTATCTCTAACACTG-1_larry1,0.851811418,-1.571840937,MPP4
GAGAATCAGCTTAATCGT-1_larry1,-5.12279818,-1.896092231,pre/pro-B
CAGCTAGTTTCCAAGTAA-1_larry1,-1.944418168,2.853869264,GMP
ATGAGTGTGACGGACCAT-1_larry1,-6.50459311,-0.808307702,pre/pro-B
CAGGTTGTCGGATTACGC-1_larry1,5.21402719,3.093727653,GMP
ACACAGAACCAACGATCG-1_larry1,4.185105109,-0.779878015,GMP
TAGACCATGATCGGTGGT-1_larry1,2.30491736,-2.488889153,MEP
TCAAGGTCGCCGTAGTTG-1_larry1,-1.772443271,2.330198352,GMP
CTCCGCATTCACGGAAGT-1_larry1,-6.164585805,-4.292231018,pre/pro-B
GAGTCAAGGCCTTAACAT-1_larry1,5.666905666,2.996756141,MPP4
GCGAACTCGTTCGCATCC-1_larry1,-0.966397858,6.333790605,GMP
TCAGTGCAATGAGAATCC-1_larry1,6.040754581,-0.11968633,EryP
CATTCGAATCATGGTTAC-1_larry1,1.484902704,3.914004152,GMP
TCGCGTCATAGATACGTT-1_larry1,-2.054274297,2.932357376,GMP
GTCAACTGAGTGTCTGGA-1_larry1,5.909601474,-0.292741274,EryP
CTCTGTCAAGATTATGCG-1_larry1,-2.490307069,3.085120981,GMP
CTTCTCATCAATCCTCGT-1_larry1,5.323023582,3.646166151,GMP
TACTTACCAGTAGACTCT-1_larry1,-3.187939381,3.530859535,GMP
ATGCTTCAGTGAGTGACT-1_larry1,2.221189284,-2.196446235,MEP
TGAGACAGCCCTGCGTTA-1_larry1,-3.242172932,1.188121741,GMP
CTATACTAGGTACCACAA-1_larry1,6.354784751,-3.094388421,EryP
ACCTTGAAGTAGGATTAG-1_larry1,2.196049476,-3.107238228,MEP
CAACGTCTTTCAGCGACC-1_larry1,-7.515459275,-2.907287056,pre/pro-B
TCGACGTTGGCACCATCG-1_larry1,-2.102911448,1.482593005,GMP
CCTTAATTCGTGCCATGA-1_larry1,-1.838967776,5.196650808,GMP
CATTGACAACGCTTATGA-1_larry1,-2.519353127,1.399850195,GMP
TCTGCAACACAAGTCGAA-1_larry1,-1.261540985,5.440165346,GMP
ATGATAGCTTCGTTCTCC-1_larry1,-0.054123258,-2.25760823,MEP
GGTCTTGCATGAACCAAT-1_larry1,-2.087070441,0.412075167,GMP
TGTGCCATGAGGTGTACA-1_larry1,2.849382425,-5.253879721,EryP
GAGTCGTACAACGGAGAT-1_larry1,-3.132996774,-5.897935564,GMP
GACACGCAAGCCGCTATC-1_larry1,6.488777423,-2.20744663,MEP
AGACATATCTATTCAACG-1_larry1,-0.975684857,6.00165302,MPP4
TTGAGACGGACATTGACA-1_larry1,-1.843681073,2.761653011,GMP
AGATGAAGATGATGTGTG-1_larry1,2.948421025,-7.730769331,EryP
GATCTTCGCAGAAGAGTC-1_larry1,2.692660594,-2.682161505,EryP
GCTAGTGGACAACACTCC-1_larry1,0.438970009,-1.862879808,MPP3
CCTTAATTCTAGTAGTCT-1_larry1,-1.384264684,1.195398991,GMP
GGATGCGAAAGTATGACG-1_larry1,2.414054418,-3.995726521,EryP
TAGTAACGGAGATCTGAC-1_larry1,3.119817281,-5.456671412,EryP
CTTCTATGATGGTGCCTG-1_larry1,-3.069206691,0.375903552,MPP4
GGTGGAGCTAATACGTCT-1_larry1,5.582487369,3.377490823,GMP
AGTGACGATCAGCTGGAG-1_larry1,1.948757911,-2.288866932,MEP
ATCTAGGTTCATAGTATG-1_larry1,-1.549669003,4.671395128,MEP
AGTGACGATATAGCTTGC-1_larry1,-1.865797019,3.396142786,GMP
CAGTCTAACTAACACGAG-1_larry1,3.299991393,-1.847671802,MEP
AGCGTAGAACAGTCGGTA-1_larry1,-1.348008609,-2.530268843,MPP3
AGATCTGACGGAACCTAG-1_larry1,-2.59273622,-6.020147498,GMP
AGGAAGGTGGATTGGAAG-1_larry1,6.019986415,-0.171791198,EryP
GCGGTAAGTTGCCATCTC-1_larry1,-1.013510918,6.419139688,GMP
GATGTCTAGGTTCACTCC-1_larry1,2.314309144,-2.513102467,MEP
GACTGCCTGAATCCTCGT-1_larry1,5.480342174,3.728699033,GMP
GGTAGACATTCCAGAACG-1_larry1,-0.877712226,6.606962984,MEP
CTTATTGAGAACTGATTC-1_larry1,0.401530737,-3.026412899,MPP3
AACTGATTCCATACGCAG-1_larry1,-1.367509103,6.469451253,GMP
TGGAGAACCATCACCGCA-1_larry1,0.065588737,-2.996051724,MPP3
TTCATTCGCAACTTCTGC-1_larry1,-3.351601338,2.973989074,GMP
TACTCGCTGGTAACTCAT-1_larry1,5.048583293,3.630837267,GMP
GTCAGTTGTGTAGAAGTT-1_larry1,-2.228893018,2.8138395,GMP
GACATATGTAACGGTAGC-1_larry1,0.787763933,-0.19103622,GMP
CCAAGCGAGAACCATGGT-1_larry1,5.948694492,-0.574203069,EryP
ACAGTATTGATCCAATGA-1_larry1,-3.196695065,-4.052431519,MkP 2
CAATGTGCTAGCTCTCCG-1_larry1,-1.905720448,-1.022554214,MEP
TATCACCTGGCACGCATT-1_larry1,3.595103288,-3.10330766,EryP
GCGACCTGTAGTTATCGC-1_larry1,-1.0637568,-1.645963485,MEP
CGCATAACTACAGTATTG-1_larry1,3.237214351,-3.855702336,EryP
CAGTGAGGATCGATTCAG-1_larry1,-6.092294431,-1.039223726,pre/pro-B
AATGTGCGTGTCAACTGA-1_larry1,-0.603056407,-6.22629946,EryP
TCCACCTCAACTCTCACA-1_larry1,-5.912288403,-1.801763709,pre/pro-B
ATTCATGTGGAATTCAGT-1_larry1,-5.798525071,1.100683277,MPP3
ATCAAGAGATTGTCAACC-1_larry1,-2.50678966,2.223057811,GMP
GTTCCAACATCACGACAA-1_larry1,-2.34859488,3.060014789,GMP
AAGCTTGCACTAGTCGTC-1_larry1,-3.280382609,-4.219114716,MkP 2
CGTCGTCAAACGACATCT-1_larry1,0.745092967,-0.475081424,GMP
CCATGCGTCATGCTTCAG-1_larry1,-1.929544902,2.514524286,GMP
TCGTAGGAAGCGATATGA-1_larry1,5.30878284,3.303235834,GMP
GAGAATCAGATCAGGATG-1_larry1,0.153783465,-1.887218649,MPP4
GTTGCATGGCATAATTGG-1_larry1,4.542514348,-1.632322724,EryP
CGATACTCTTAGTTGACG-1_larry1,5.288904929,2.972987001,GMP
GTTAGTCAATGTCATAGC-1_larry1,5.844716811,2.057809179,MEP
ATTAAGACCGATCGCGAA-1_larry1,-1.972782111,-5.875633891,MPP3
TTCCGAGCGCGACAGACC-1_larry1,-1.959074712,-1.406876142,MPP4
CGTGGTACCCCTAAGTCT-1_larry1,-6.224435544,-2.112123783,pre/pro-B
TAGCTGTTGTTGATGAGT-1_larry1,2.377301359,-5.638429816,MEP
CCACGTTCTACAGCGGTC-1_larry1,-0.873841619,-3.15243643,HSC/MPP1
ACAAGTACACATCTCGAT-1_larry1,6.451350475,-1.977927263,MEP
ACCTCCTAGCTATTCCGT-1_larry1,-2.227288461,-0.119765411,GMP
GATCGTTGACCTGCTCCA-1_larry1,-1.297218299,5.491888826,GMP
AGTGTCTCTTAATCACGC-1_larry1,2.59459784,-5.68633383,MEP
GGACGAGCACCGATGTTC-1_larry1,-2.427627301,2.972217386,GMP
CAAGTCACTCCTCTCTAG-1_larry1,4.01329782,-6.542993243,EryP
ACCGACGGTGTCACTATG-1_larry1,6.657730365,-2.089782889,MEP
ACTACTCATACGCGACAG-1_larry1,-5.368172383,-2.047498758,pre/pro-B
GCAGCGATAGTGAGGACG-1_larry1,-7.456039643,-2.948738272,pre/pro-B
TTCCAGATTCTTCACTGT-1_larry1,-3.106914973,0.018275266,MPP4
GCTCCTAGCCTGATCAAG-1_larry1,-5.510824418,5.019015138,GMP
GCCTTGTGAAAGTCATGA-1_larry1,-6.61843512,-0.658856208,pre/pro-B
GTGTTGGAAAGGTGTACA-1_larry1,-6.539676881,-0.699991817,pre/pro-B
GTCGTCGACAGATCGAGT-1_larry1,6.673172736,-1.997837002,MEP
GTGTATCTGTAACACATC-1_larry1,-0.926669335,5.832572286,GMP
ATAACGACAAGACGCCTG-1_larry1,-2.03929255,3.54203016,GMP
GACCTTGTGGCCATACAA-1_larry1,-2.623130059,1.761911933,GMP
ATGCAGTTCTCGGTATCA-1_larry1,-5.245188451,5.203957384,GMP
CAGCTTCGAGATGTCTAG-1_larry1,-2.97579143,3.811127966,GMP
CGCTTATGACCTCATAAC-1_larry1,-2.275189614,2.27474076,GMP
TCATGCAGGATCTGCGTA-1_larry1,-3.097197032,0.0692111,MPP4
CTTATCTCATTCCAATTC-1_larry1,5.597457194,2.037878578,MPP3
CTAATACGCTGCAACTCT-1_larry1,-2.039934373,3.443868463,GMP
GCACGTAGAAAGTAGGAC-1_larry1,5.892046714,0.407072609,EryP
AGGATCTCATTCAGTGCC-1_larry1,-1.921189523,3.189098899,GMP
CCGCAACACCCTCGGTCA-1_larry1,5.657728458,-2.720613654,MEP
TGCGTAATCAGGATTGAG-1_larry1,0.768326835,0.03740332,GMP
ACGTAGTATGACTAGCAT-1_larry1,-1.506443238,6.244467084,GMP
CTGAGGTTACTCTAAGAG-1_larry1,-2.45562408,1.773454015,GMP
TGGTAACCATTGAGCTCT-1_larry1,-1.741919255,-6.000746901,MEP
CCGTAGTTGTGGAGAGTG-1_larry1,1.198144579,-3.221972163,MEP
GATACTGTGTAAGGTCCG-1_larry1,-2.583464837,-3.23827904,MkP 1
TAGACCATGTCTACAGTT-1_larry1,6.1740978,-0.309474327,EryP
TAGTGATCCGGTAATCTA-1_larry1,-5.767999863,4.71124727,MPP4
GCTCAATGATAACCGTGA-1_larry1,-2.485561108,3.635544365,GMP
CCTCCAATCCGAGCTTAC-1_larry1,0.412683988,-3.101852353,MPP3
TTGATGCTGCACCTCAAC-1_larry1,-0.756122804,4.78977186,GMP
GTACCACAACCACGCCAT-1_larry1,3.511997485,-3.63998812,EryP
GCCGTGAACGCGTATAGG-1_larry1,5.598210597,2.994976585,GMP
AGCCAGGACAAGTCATGA-1_larry1,-0.452716923,-6.259455855,EryP
CTCGTCTTGAGTGAGAGA-1_larry1,5.642405296,3.269484346,GMP
TTCCATACCGTCGCAGGT-1_larry1,-1.057469821,6.247861211,GMP
TGATCTCGGCGTGTATTC-1_larry1,2.564969802,-5.423552687,MEP
TGCCAGACGCATCCACCG-1_larry1,-1.470483756,-6.096493895,MEP
CATCCACCGTGCGTCTTA-1_larry1,2.320250058,-5.687406714,MEP
ACCATACTTCTCGTTCAC-1_larry1,-2.139258599,-1.385664756,MPP3
AATCCGCTGAGCTACTCA-1_larry1,-6.180605149,-4.143231327,pre/pro-B
GAGCAGGAACTTCGTGCA-1_larry1,-3.339214539,-6.202624495,GMP
AAGACTGGTGTAGACTCT-1_larry1,2.329454923,-2.531927283,EryP
GCCTAACGGACGCGTGAC-1_larry1,-1.67444942,-2.738461907,MPP3
CTCATTAGTAACCATGGT-1_larry1,2.962484622,-2.946068699,EryP
TCATATCGCTTGTAATGC-1_larry1,-1.600777602,6.253596609,GMP
TCGACGTTGCTGGTAATC-1_larry1,0.221250081,-1.479421432,MPP4
ATCCTGCCTCGACAGGAA-1_larry1,-2.402074551,-0.966012533,MPP4
TGACTGAGACTGTAGAAG-1_larry1,-3.660960412,0.482570176,GMP
AGTCTAAGCGTCGTGTTA-1_larry1,-5.989521718,-2.066771443,pre/pro-B
GGAATTGGAGCTGAGCAG-1_larry1,-5.112405038,2.271225278,GMP
TCTATGACAGACAGGTTA-1_larry1,5.856967712,-3.218064721,EryP
CGCGATGTACGGTCGACA-1_larry1,-0.935740805,-6.31012171,MEP
ACCTGCAGACTCTAAGAG-1_larry1,5.007916236,3.164878194,GMP
CTAGTTCCACGGTTCGTA-1_larry1,-5.235316014,-2.113200242,pre/pro-B
CAAGTCGAAACTGGACCA-1_larry1,6.228182101,-3.00337332,EryP
GATCTGAATAGCCACTTC-1_larry1,-2.417685962,2.691197937,GMP
CCATTACAGTTCCGAGCG-1_larry1,0.619417039,-1.939505751,HSC/MPP1
CAGCGTAAGCGGACAAGT-1_larry1,-2.981906867,-3.886693175,MkP 2
TGAGATCATTACTAGTAG-1_larry1,-2.28014586,2.773725574,GMP
ATCGATCCTAGCATTGTT-1_larry1,-1.322272992,3.190569465,GMP
GTAAGGTCCTATCGAGCC-1_larry1,-2.021736598,0.778165882,MPP4
GTACTCTACAGAAGTAAC-1_larry1,-5.727773404,-2.773799355,pre/pro-B
CTTATCTCAGGTGCGTAG-1_larry1,-2.688609576,-5.634541686,MPP4
CACCTAGCGAGGATGCGT-1_larry1,-5.43870995,5.171415155,GMP
TTGACCTGACCTAGTTAG-1_larry1,5.553167606,-0.587812747,EryP
TGTAGCAAGACGCGACAG-1_larry1,-2.998788571,3.900531118,GMP
TGTGCCATGGTTGCATGG-1_larry1,-2.336611724,-0.627001698,GMP
AGTCGTCCGTTATTCGAC-1_larry1,-1.942957377,1.530009573,GMP
CAGTATGATTACAGGACT-1_larry1,5.891199851,0.548336034,MEP
GACCACTCGCATTCGAAT-1_larry1,-3.196072078,-5.495742018,GMP
CTCTCGATAATTCGCTTA-1_larry1,3.129690671,-4.813615019,EryP
GATAGTTCTAGTAATGGT-1_larry1,0.619539795,-0.639053399,GMP
CATTCCGAGGATTAGTGT-1_larry1,-0.664081788,-3.510823662,MPP3
ACCACGCTACGTATTCCT-1_larry1,5.590986991,1.950692957,MPP4
AGCGCATGAATCCTGCCT-1_larry1,-0.761200642,-6.399104769,EryP
TGTCGTACATCTAGCTGG-1_larry1,-1.290223336,5.386561697,GMP
GTCGAGTACAAGCCAAGT-1_larry1,-2.302820897,2.466746156,GMP
TAAGGTGATGTGTATCTG-1_larry1,-7.439606881,-2.922166521,pre/pro-B
GTCGACATTTTACACCTT-1_larry1,2.077966237,-2.839182551,MEP
CCTTCGAGCTAGTAGTCT-1_larry1,-2.862653231,4.098195856,GMP
AGACTTCGTTCCATCATT-1_larry1,0.40453198,-0.471402923,GMP
GTCGACATTAACAGCAGT-1_larry1,-0.605802035,2.132985179,GMP
CTGTTACCACCTGTCGAC-1_larry1,-5.086163258,-1.782843168,pre/pro-B
CGCTGTAGTACGTTCAAT-1_larry1,3.204199815,-5.397319491,EryP
ATGCCTGTCGTAAGGTCC-1_larry1,6.664603973,-2.004727538,MEP
ATCTCGAACACTCCTGAG-1_larry1,-1.117912149,3.145948236,GMP
CTCGTGTCCTGGTAGCAG-1_larry1,2.529178286,-2.889320548,MEP
GATAAGCTGACATGACTA-1_larry1,6.286820197,-2.808990891,EryP
CAATACCACTGTGTAGAG-1_larry1,-2.148361182,-0.998752172,MPP4
ATCTCTGCTTGCCGAACT-1_larry1,-1.907765364,2.048413103,GMP
CCGTTAGACTATCATGCT-1_larry1,-6.239220834,-2.507555897,pre/pro-B
CAAGGTGTGATTCTCTGG-1_larry1,-1.468112206,5.29475004,GMP
GAACATGACTAGGTCAAC-1_larry1,-3.222512936,-6.151992972,GMP
TGTGTCTACGTAGCTACA-1_larry1,2.511100674,-2.953142102,EryP
GATCTACTTCCTGTATCT-1_larry1,-2.138373589,3.110751216,GMP
ATCAGTCGATTGAGACGG-1_larry1,-1.283472395,5.288126295,GMP
GCAGCGATATGCAGTCGG-1_larry1,-0.99188075,-2.064304883,MPP3
TGAGTGACTGTCGACATT-1_larry1,2.502367401,-7.670866187,MEP
TATGAGACCCTGGTACAT-1_larry1,5.690031314,3.184787099,GMP
AGTGTTCTGCTATAGCTC-1_larry1,-1.918951011,2.012603347,GMP
CGCTTATGATCGCAAGCA-1_larry1,-2.6270859,2.791107957,GMP
CCTTGACGGGACGCCGTA-1_larry1,1.891187453,-2.924843008,MEP
CTCCACGTCCTGTACGAC-1_larry1,-5.412658906,2.400525873,GMP
AGCACCGTGAGTGTCTCT-1_larry1,-3.042743182,3.830375974,GMP
CGCTTATGAGCCATTAAG-1_larry1,-1.228295898,5.267852132,GMP
CTCTGCGGTTAACCGTGA-1_larry1,0.073806548,-2.936637337,MPP3
AATGCTATCTGCCAATGG-1_larry1,4.186440253,-2.330032046,MEP
CACCTCGGAGCGCTACCT-1_larry1,-1.533031916,5.396103685,GMP
TAGATAGCCGTACAATGC-1_larry1,-3.19352529,-2.493247206,MPP4
GTGTCACACGGTACGAGC-1_larry1,0.305418515,-0.044484283,GMP
CGGTGTTACTCATCATCT-1_larry1,-5.841767526,-4.222743208,MPP4
CAAGGTGTGTAGCTAAGA-1_larry1,-0.77242682,2.672728841,GMP
GTGTACCGTTGCGCACTG-1_larry1,5.80496862,1.907975738,MEP
CATACAACCTGGAGTGGA-1_larry1,-6.433963513,-0.765501941,pre/pro-B
AGCGGTCTAGAGTATCGC-1_larry1,2.797153258,-5.326027567,EryP
TCCGTATACACTCCGTCG-1_larry1,5.773074889,3.023794477,GMP
ATGTGACGACACGTCATA-1_larry1,5.88745811,0.93216378,MEP
TTGATCGTAATCAAGAGA-1_larry1,-3.0078902,-0.208095941,MPP3
CGAGTAGCACAAGAGGAG-1_larry1,6.203472877,-3.000631268,EryP
GACTCTCACTTGCCAGAT-1_larry1,-2.763711667,-0.468426968,MPP4
CCGCAACACCTGTCACTT-1_larry1,1.649854267,-3.659534151,EryP
TGAACCAATATCCTGCCT-1_larry1,-2.21202085,0.441822891,GMP
TGGATAGGTGAGATACAC-1_larry1,-3.073103165,1.864063327,GMP
CCGACTGTTCCTAGAGTA-1_larry1,-5.697312569,-2.462281163,pre/pro-B
ACTGCTAGTCAGGAGCCT-1_larry1,-3.6152179,0.53758127,GMP
ACGACATCTTGGAAGATT-1_larry1,-3.021823144,3.733214681,GMP
GGTAGCATCCCGGATTGC-1_larry1,-5.822097993,4.602780168,MPP4
TTCCGAGCGTTGACCTGA-1_larry1,-0.67775557,-6.455401118,EryP
AGCGTAGAAGTGTATCTG-1_larry1,0.149162495,-3.797777111,MPP3
GATTATGCGCATCGAAGC-1_larry1,-1.736497378,3.146857326,GMP
CTCGCAAGACGACAGACC-1_larry1,-1.630190348,1.548839991,GMP
CGGAATGCAATGAACTAG-1_larry1,6.387937808,-3.104001934,EryP
TATGAGACCACCGGTTAC-1_larry1,-2.778648829,4.006172483,GMP
TGCTTACGGAGCCACTTC-1_larry1,-1.343472695,5.98909456,GMP
AGCGGTAAGTTGCCGTAG-1_larry1,-3.31652019,-5.9927265,GMP
GCGCTACCTAGAGGACGT-1_larry1,0.263123268,-1.063826795,MPP4
TACCTCCTCCCTCTGCAT-1_larry1,-2.330831027,1.496891801,GMP
ATAGTCAGTAAGGTCTGA-1_larry1,3.380894685,-3.131319697,EryP
GTCTCCAGGTCGGAACGA-1_larry1,-5.033766961,-1.61398905,pre/pro-B
GTCGTTGCGGACATAACG-1_larry1,-1.283932781,6.394711797,GMP
ATTCTCTGGGCTGATGTC-1_larry1,-1.07068119,-2.284738834,MPP3
GGATAATACCAATACCAC-1_larry1,0.825715536,-1.384585674,MPP3
ACGAATCGCTCTGGAGGA-1_larry1,-2.11234734,2.66995651,GMP
CATCGCTGGTCAGCGACC-1_larry1,1.530342722,-2.62821048,MEP
CTTATCTCAAGTGAACGG-1_larry1,-2.349706864,2.379843061,GMP
GCGGACGAAGCTTGGTTC-1_larry1,-5.211762643,2.405953949,GMP
TAGGTTAGTGCATTGATC-1_larry1,-4.61651299,2.780396526,GMP
GATCTTCGCATGCTGTCG-1_larry1,5.521203304,-3.189305479,EryP
ATGGTTCGAGGTAGCATC-1_larry1,-5.454112744,5.010232275,GMP
GGTTAACAGCACTAGACT-1_larry1,-2.110476231,1.9238959,GMP
GACAATGTTCTGTAGAAG-1_larry1,-2.697437739,-5.754502947,MPP4
CCTATTGGTTGTCGTGAG-1_larry1,-1.371717191,5.470372503,GMP
TTCTGAATGGAGCTCTCA-1_larry1,1.893409753,-2.576534922,MEP
ATCCTCCGAATCTCGAAC-1_larry1,-2.848756051,4.103315179,GMP
GATTCTCGGGCTTCACTC-1_larry1,0.377908641,-3.11626714,MPP3
CCACGAAGGTGCCAATGG-1_larry1,-2.599852538,-0.249093137,MPP4
GTGATGTGCTACCAGCCA-1_larry1,4.436033988,-3.151002819,EryP
GTGTTCCAGCGACCTAGC-1_larry1,-0.312526202,-2.811747725,MPP2
TGCTCCTCCCGACGTGAT-1_larry1,-0.394213295,6.460273569,MPP4
CAATCTCCGTACTAGTAG-1_larry1,6.748187804,-1.799775536,MEP
GTATTACTGCGTCATGGA-1_larry1,2.382146621,-2.947130616,MEP
CTGATGCACCCGTCCACT-1_larry1,-0.793733573,1.415724938,GMP
AACTTAGCTTGCGTCTTA-1_larry1,0.458838472,-0.432768504,GMP
GTCCTAGTTGAGATGTAT-1_larry1,3.88199904,-6.470777209,EryP
ACACATCTGCCTGCAGAT-1_larry1,0.861494789,-3.146629746,MEP
CACAGCGAACGTTCCATT-1_larry1,-2.359740949,2.185231988,GMP
ATGGAGGAATGTCATAGC-1_larry1,3.271848464,-3.331906254,EryP
GTACGCGATTGCCTTCAG-1_larry1,4.078064704,-6.503716643,EryP
ACCACTAGGAGTCAGTTG-1_larry1,-2.242313838,-0.780419732,MPP4
TGGAGTGGACTGAGTCCA-1_larry1,3.333292747,-3.13859194,EryP
ACCTAGCACCTCGTGTCC-1_larry1,-2.755715346,-5.984933073,GMP
CGTTAATGGGATTGGAAG-1_larry1,-1.461785769,4.23580343,GMP
CCGTACGGACTGACGGAT-1_larry1,-3.092334962,-4.048888857,MkP 2
TAACATTGGTTGCCAGAT-1_larry1,-0.861783361,6.57719404,MPP4
GTATCGTCGATTCTCTGG-1_larry1,2.734639192,-3.059470112,MEP
GATTAGTGTCCGATCAGC-1_larry1,-5.635062909,1.708747928,GMP
TCATCTGTCCAGTCGGTA-1_larry1,1.345392192,3.962539022,GMP
TGCGTCTTAATTAGCCAC-1_larry1,4.611334586,-3.030329163,EryP
TCCTTCAACCACTTGGAT-1_larry1,2.393728757,-5.6269471,MEP
TTGGACTTCTCTCGTATC-1_larry1,-0.827116108,-1.557063992,MPP3
TGGTTATACTCATCTGTC-1_larry1,-1.961321091,3.278053825,GMP
ATATGTCCATGCATACAT-1_larry1,2.750159288,-7.810203726,MEP
AGTCAGTTGCTCTGCGGT-1_larry1,4.392033839,0.139276509,EryP
ACTGGTCAGAGATCGAGT-1_larry1,-3.066974377,-6.438447173,GMP
CATTCGAATCCATATCTT-1_larry1,-2.277509188,3.004191463,GMP
GAGTTATAGGATCGATAC-1_larry1,-0.763769364,6.099590604,GMP
GCGAGCAAGCATCGCTGG-1_larry1,-6.144087052,-2.388162787,pre/pro-B
TGCAACTCTCAACACCTA-1_larry1,-5.429303384,5.063704794,GMP
GACAATGTTAGCACCAGC-1_larry1,-3.010030484,3.829586332,GMP
CGTACACACGGTAAGGAT-1_larry1,-1.079055881,6.291258638,GMP
AGCTATATGGTCGTTGCG-1_larry1,-2.056185698,0.125869994,GMP
ATCTACATCTTGATGAGT-1_larry1,3.87183311,-6.49440449,EryP
ACAGAGATGATGCCTGTC-1_larry1,-3.153511977,0.346014922,MPP4
GTATACAGAGTCCTTCAT-1_larry1,2.499162221,-4.029671366,EryP
TAGTCGCATGTGCGTTCC-1_larry1,-1.717563128,-0.720578815,MPP4
CATAATTGGAAGTAGGAC-1_larry1,-0.784442758,5.883353059,GMP
TCGTAATAGATTCCTACG-1_larry1,-1.257846927,6.340810125,GMP
ACCATCTAAGTAGAGAGC-1_larry1,-2.123280024,0.546424751,GMP
CGCCTGCAAGAAGGATCA-1_larry1,-6.021881795,-4.238482888,MPP4
TGCCTTCAGCCACGTTCT-1_larry1,-5.313532567,-2.214326556,pre/pro-B
CGCAGTGTCTCATGCAGG-1_larry1,-0.257865941,1.770018642,GMP
CGGACAAGTTCAACACTC-1_larry1,-3.548720574,-6.230462725,GMP
GGTGCGTAGCGTCATGGA-1_larry1,6.353207851,-2.935332711,EryP
GTCCTTCATGTATGATCT-1_larry1,-1.722353673,6.042317693,GMP
GCTACCGAGGATTGAGTA-1_larry1,-0.989343262,5.84110481,GMP
GCTCTCCAATAGCTAAGA-1_larry1,-2.090448832,-1.898650939,GMP
CTTATTGAGCACGACTCA-1_larry1,3.03124454,-2.776827032,EryP
GTCGCAGGTCTGGACACT-1_larry1,0.288188541,-2.96721595,MPP3
GGACAGATTCAACCGGTC-1_larry1,3.814636254,-6.376137431,EryP
CTCATGCCAATCAGGATG-1_larry1,3.32883718,0.249825602,MEP
GCTGACAGACTTGGTCAT-1_larry1,-0.811693764,1.94094712,GMP
TAGCTGTTGGTGTATCTG-1_larry1,-5.482252812,5.044537847,GMP
CAACACTCCGTATGTATC-1_larry1,-2.359176612,-0.150271694,MPP4
GATGCGACGTTGACCTGA-1_larry1,-6.519783234,-0.857721682,pre/pro-B
TTCTGGTGCGGAGTACAG-1_larry1,-1.087501383,3.259553258,GMP
ACACTAACGGATCTGTTC-1_larry1,-0.46446023,6.652596777,MPP3
AGGTGCGAGGCAGCGATA-1_larry1,1.277694011,-1.74073034,MEP
GAGAATCAGACTCGCTGT-1_larry1,3.228067899,-3.41929024,EryP
TCCGGAGCTGGAACTGCT-1_larry1,0.648164409,-0.657810177,GMP
ATACTTGCTCATTGACAA-1_larry1,6.260067725,-2.987491782,EryP
ACGCTCTTACTTCCTGAT-1_larry1,-5.340283131,5.219781702,GMP
AGTTATCGCCATACAACC-1_larry1,-2.132545924,2.382871215,GMP
ACAGGAACTTCTGAGATA-1_larry1,1.037586683,-0.033349658,GMP
AATTAGAGGAGTGAACGG-1_larry1,-2.391884541,-5.475541289,MPP3
CGAGCTTACATCTGGTAG-1_larry1,0.580195913,-2.707646305,MPP4
CATCGAAGCGTCCGCTCA-1_larry1,-1.159818148,-2.231145317,MPP3
CTATTAAGGGATGCTCCT-1_larry1,2.753147388,-3.087247307,EryP
GCGATATGACCGTACGGA-1_larry1,-2.419305777,-3.186934884,MkP 1
AGACGCCTGTGCAGTCGG-1_larry1,-0.266832983,3.673139637,GMP
AGCAACATTCGCCTGCAA-1_larry1,5.06235435,3.273428028,GMP
ACTCACGAACATCTCACG-1_larry1,3.471678281,0.135361825,EryP
GCTTCTACGCCGTACGGA-1_larry1,0.689114561,3.0786112,GMP
GCTTCACTCTTCTGCCGA-1_larry1,0.458141411,-3.139347727,MPP3
TACAACACCGATATGGAC-1_larry1,-2.958714938,-0.287320072,MPP3
AGAGCGGAGCAGCTAGTT-1_larry1,2.541546846,-3.550923045,EryP
GAGTCCAATCCATATGCC-1_larry1,-5.409905648,2.48006994,GMP
TTCCGCCAGATCCTGCCT-1_larry1,-2.61486671,2.807886427,GMP
ACACGTTGCATTCGCTTA-1_larry1,-1.376654124,6.223073785,GMP
ACTCTAGGATGAACGTCA-1_larry1,-1.528766131,-2.657347853,HSC/MPP1
ACGACATCTCGAATCCTG-1_larry1,-7.129006123,-1.990706737,pre/pro-B
ATGTGAGACCAGGTTGTC-1_larry1,-1.37521193,1.248846476,GMP
GGAGTTAGCGCGCTACCT-1_larry1,-0.296209729,3.998204534,GMP
AGGTGTACAAGCAGACAA-1_larry1,-2.47611115,2.602971141,GMP
CCAATGCCTCTAGACATG-1_larry1,-1.633613324,1.845344369,GMP
AATCGCCATAATATCAGC-1_larry1,1.917470122,3.557564323,GMP
GACGTTCAGACGCTATGT-1_larry1,0.515801528,-0.71948951,GMP
ACAGGTATCACTGGTCAG-1_larry1,5.414556766,3.439188306,GMP
CGTGTGTGGTACAACACC-1_larry1,-2.939296937,1.584241097,GMP
CCTCGAGAGCTATCTTGA-1_larry1,2.742581153,-2.7195422,EryP
TACTCGCTGATAACGACA-1_larry1,-5.882690167,-1.837164695,pre/pro-B
AGCCTCGCAGGATAGTCA-1_larry1,-5.108935571,-1.855361397,pre/pro-B
TATAGTGCGGCATGTGGT-1_larry1,-1.24473331,3.463953321,GMP
TGTGGTCCTTGATCGGAA-1_larry1,-0.785945868,-6.306009943,EryP
CCACACAGACACGGAAGT-1_larry1,2.396092439,-1.908542688,MEP
TCCACCTCAATGACACAA-1_larry1,-1.200933552,3.285308664,GMP
GTGTCACACCTAACCGGT-1_larry1,0.508631402,-0.489705573,GMP
GACCGTAGTGATTAGTGT-1_larry1,-4.82220099,2.559321945,GMP
TGACCTATGTTAACGGAG-1_larry1,-5.163114285,-1.971416409,pre/pro-B
AGAGGTGAATCCTTCAAC-1_larry1,5.8124645,3.258119171,GMP
ATGTCCTCCACCGATCGA-1_larry1,-3.122901177,-4.103136475,MkP 2
GAGTGTGCCTCGCATTCG-1_larry1,-6.961827016,-2.300443108,MPP4
CAGTGAGGATGGTGCCTG-1_larry1,-5.389426446,2.19248349,GMP
ACCGGAAGGGGAAGAAGC-1_larry1,-3.037302708,-4.060237105,MkP 2
CTGAGGTTATACTGATGA-1_larry1,-2.645129418,0.536242371,GMP
ATAATCGAGACTCGTAGG-1_larry1,1.586206579,-3.550291712,EryP
CAGTATGATTCGCTGTAA-1_larry1,-3.461750245,2.908592765,GMP
TGAACCAATGATCGCGAA-1_larry1,-2.276602244,1.622242873,GMP
GTCGACATTTTACGCTCG-1_larry1,-3.0159168,-0.220742914,MPP3
ACGCTCTTACGACGTGAT-1_larry1,-3.34547112,2.888542478,GMP
CGCCACCATCACTACAGG-1_larry1,-3.00291512,-0.113542448,MPP4
TACCTCACTATAATGTGG-1_larry1,5.830017829,0.894045775,MEP
TCACACTGCGGAAGGTAT-1_larry1,5.915852332,-2.693106825,EryP
CACGTCATAGGTACTTCC-1_larry1,-1.067616558,-6.333525355,MEP
ATTGGTTCCCTGAGGTTA-1_larry1,-0.957775092,6.621756857,GMP
GTAGACTCTTACCTATCC-1_larry1,5.748198772,0.722527092,MEP
CTTGCGACCTAGAGCGTC-1_larry1,-5.42522881,1.912803238,MPP4
CCGATACCGGGTAAGTGA-1_larry1,-0.62157259,6.672385519,MPP4
ACATCGTCCTCCGTATAC-1_larry1,6.159633899,0.785953944,MEP
TCTCGATGCACAAGTACA-1_larry1,6.507906699,-1.776113684,MEP
CGATAGGTGGTCAAGATC-1_larry1,-3.440014577,2.800031726,GMP
TGTTAAGCCGCGTATAGG-1_larry1,6.597914004,-1.8703286,MEP
TAAGGTGATAGTAATGGT-1_larry1,-1.491242385,6.404477422,GMP
TTGGAGAACGCGATGGTG-1_larry1,-1.950681424,-5.82046097,MPP3
AATTGGATCCATCTCGAT-1_larry1,2.603874946,-2.87972873,MEP
ATGCCTTCATTAGTCGGA-1_larry1,-1.424992776,3.115009849,GMP
GGTTACGCAAATATCGCT-1_larry1,-1.891700721,0.864876454,GMP
ACTCGAGTCCGTATTCCT-1_larry1,-0.895291543,2.668164318,GMP
ATCGGTGGTTCCTATTCC-1_larry1,-3.349436021,0.18515337,GMP
AAGCTGAGGCCACTGAAG-1_larry1,-1.319834685,-2.031104143,MPP3
GAGCCGTTAAGAAGAGTC-1_larry1,3.297964835,-3.112414534,EryP
ATGCGGATTATCCACAGT-1_larry1,-2.497314429,0.532402341,GMP
AGTAGAGGAGACCTTGTG-1_larry1,0.459754938,-1.631280715,MPP3
AACGCATTGCTTCCGGTA-1_larry1,-0.842887616,5.68096668,GMP
TTGCTCTGCTCTTAGCGA-1_larry1,-0.701942062,6.484947507,MPP4
CTGATCCGATAACGTGTC-1_larry1,3.896640086,-3.357208426,EryP
GATAGTTCTCGCACTGAA-1_larry1,-1.785401797,1.618147199,GMP
TGCATCGGACGGTGAGTC-1_larry1,-2.02288506,3.325367277,GMP
AGCTTCGATACTTCGCAG-1_larry1,5.665282035,2.618836229,MPP4
TTCCTCGGTTCTAGGATG-1_larry1,-5.999353623,-4.188949521,pre/pro-B
CCAGCCAATAGAGCGCGA-1_larry1,-0.569858289,6.674760645,MPP3
ATCATGTTCGCCTTCCAT-1_larry1,-2.343308902,2.015270536,GMP
AAGGTCTGAGAACATGAC-1_larry1,-3.03079102,-5.832853968,GMP
GTCAAGATCTAGCGCAGC-1_larry1,-2.587018227,2.53143007,GMP
AGACGGAGGAGCCGTTCT-1_larry1,6.564666534,-2.763274844,EryP
GCGAGTCTATATTACTCG-1_larry1,-1.438124156,3.181552236,GMP
TTACTTACGGCCTTATCT-1_larry1,-0.380303955,-2.877233441,MEP
GTTGACCATTTCGCTGAG-1_larry1,-2.906094765,3.81013233,GMP
TAGCGAGAAGAGCTCTCA-1_larry1,6.373758578,-3.214134629,EryP
CCACTTCGCAAGAGAGAG-1_larry1,5.567536616,-3.058449204,EryP
GGTCGGTCTAAGGATACG-1_larry1,4.071679855,-6.544264491,EryP
TACCTATCCCCAATGCCT-1_larry1,-2.333773589,-0.273391305,MPP4
GTACCACAAGAGCCGTTA-1_larry1,5.993404651,-0.305968607,EryP
TAGTAACGGATTCATGTG-1_larry1,-1.850390172,2.908849304,GMP
CCGGTTGAGCATCCACCG-1_larry1,-7.351415849,-2.622380431,pre/pro-B
TCTAGTGACTCCTTCGTA-1_larry1,0.512111643,-1.005201454,GMP
GACAATGTTCACCTAGCG-1_larry1,-1.498072839,5.009824579,GMP
TGCGATACTTCAGAGTCA-1_larry1,-1.489744639,5.898743455,GMP
CAAGCTGCAGACTGCCTG-1_larry1,5.687883163,3.182182376,GMP
TCACTACGTACATGGATT-1_larry1,5.756260657,3.110680645,GMP
ACAGTATTGGATTGGAAG-1_larry1,-1.631659484,4.952444379,GMP
TCGGTATCAATCTAGGTT-1_larry1,3.287670636,-3.375600989,EryP
AGTTGAGCGAGTCGATCA-1_larry1,3.590212846,-6.322774107,MEP
ATTGCCGACGGTAAGTGA-1_larry1,2.740113759,-2.576738293,EryP
CCACTTCGCCCGAGTACT-1_larry1,-4.915026402,2.280410831,GMP
CACTGCTTATGTCACATA-1_larry1,-1.314120507,6.036336248,GMP
TAACCGTGATGACCTATG-1_larry1,2.150478029,-3.885132725,MEP
TGTGTCTACTCCTTCAAC-1_larry1,2.780306363,-4.073320801,EryP
ATGGAGAGTGGTCGGTCT-1_larry1,-1.541281199,3.078496759,GMP
AGGATGCGTGGTGAGCGT-1_larry1,-0.643954134,-3.058310206,MPP2
GATCTTCGCTTCATTCGC-1_larry1,3.411902452,-3.559675867,EryP
GGATAATACCGATTGAAC-1_larry1,-0.609521723,-6.3973543,EryP
CCGCTCATGCCACGTTCT-1_larry1,5.760115886,2.61551935,MPP4
ATCACTTCCTATCTAGGT-1_larry1,-5.487514233,1.867775743,MPP4
TTCTGGTGCTGACCTATG-1_larry1,2.868079209,-5.398164446,EryP
CATGGTTACTGCACGATG-1_larry1,0.462149227,-0.441265817,GMP
ATAATGTGGCTGGTACAT-1_larry1,6.324631477,-3.083616908,EryP
ACATGACTATTGCCGTAG-1_larry1,3.692344451,-3.781386788,EryP
AGCAACATTCCGAATATG-1_larry1,-2.343285775,3.176350181,GMP
GCACAACTCCATAGAGAT-1_larry1,-2.916491484,3.66487128,GMP
CTAGTCGTCGCACAACTC-1_larry1,-3.483391023,0.137076472,GMP
AGTCGTCCGATGATAGCT-1_larry1,-3.538663602,-2.19986778,GMP
ACTGACTACGGATCGTTC-1_larry1,4.922660613,2.746095722,GMP
CACAACGCTCTGGTGACA-1_larry1,-1.15961132,6.58092386,GMP
GGAGTACAGCGCCATTAC-1_larry1,2.755800748,-5.354541476,EryP
TGCGATACTTCTGGAGGA-1_larry1,-6.150839543,-2.352446492,pre/pro-B
GTAAGGTCCCGCAATCGA-1_larry1,4.031683469,-2.806261713,EryP
TAAGGTGATAGCCGTTCT-1_larry1,0.008357608,-3.017500813,MPP3
CGAGTAGCAGATGCGGTT-1_larry1,-3.631448483,0.623896246,GMP
TCCTTCAACGTGACGTAA-1_larry1,1.767870927,3.360516374,GMP
TAGTAACGGACTGCTAGT-1_larry1,3.319885516,-3.859707768,EryP
GCTCAATGAAGTCCAGTG-1_larry1,4.027590537,-6.431943114,EryP
TAACATTGGGATGTTACA-1_larry1,-3.549370026,0.494554346,GMP
CTTACATGCGCACGCATT-1_larry1,-2.384708142,2.62529165,GMP
TCCGGAGCTTAGCAGAGT-1_larry1,3.798717284,-3.62053674,EryP
ATCTCGAACAGAAGTAAC-1_larry1,2.57413199,-3.278799946,MEP
CCGTCCACTGACGCCGTA-1_larry1,-1.293748474,5.253694837,GMP
GCTCCTAGCCAACGCACA-1_larry1,3.305804277,-3.798345501,EryP
TAGAGACTAGCACTGGAT-1_larry1,-2.496007895,-0.297200768,MPP4
GTGGATAAGTGAGGTCTC-1_larry1,-1.149410939,6.123696153,GMP
ATAATCGAGCATAATTGG-1_larry1,-7.307477212,-3.155353005,pre/pro-B
ACGAGAGCAACGCACACT-1_larry1,-4.868690705,-1.754074986,pre/pro-B
GAACTGCAACGGAATGCA-1_larry1,5.264781261,3.049442117,GMP
CACCAGAAGGAACTATGG-1_larry1,-0.760005569,2.175105636,GMP
ATTCGAAGACCATAAGTA-1_larry1,-5.891784882,4.617019479,MPP4
GCATACTCCAAGCATTGC-1_larry1,2.93022039,-7.701390917,EryP
ACAGGTATCAATACCTTG-1_larry1,-2.776527619,3.890028303,GMP
AGCCTCTAGTGCCATCTC-1_larry1,-6.26974175,-4.148257668,pre/pro-B
TGACCAAGTTGTTACTGA-1_larry1,0.095543528,-2.70010608,MPP3
AAGCATTGCCATATGCGA-1_larry1,-2.661231732,3.081576173,GMP
TGTAGATCGCGTCGTCAA-1_larry1,-6.308305478,-1.209577615,pre/pro-B
TGTTGTCGACTGAGTAGC-1_larry1,6.152464175,-2.799885209,EryP
CATTCCGAGGGATAGTCA-1_larry1,2.831348443,-2.445995266,EryP
AACTAACTGGCACTGGAT-1_larry1,-5.703433251,1.237506931,MPP4
AAGCCAAGTAGCATTGTT-1_larry1,1.736157799,3.646330421,GMP
CGTGCCTATTAAGGTCCG-1_larry1,-2.515033698,1.483974879,GMP
CTATCCATCTCGACGTTG-1_larry1,-0.895667648,-6.312323744,EryP
GGATGCGAAATACAACCG-1_larry1,-1.897639251,4.944829767,GMP
TTGATGAGTTCAGCGACC-1_larry1,-1.814668155,1.353934114,GMP
AGTGTTCTGTCGCTGTAA-1_larry1,-1.768799758,-2.289960201,MPP3
ACACTAACGACCATACTT-1_larry1,3.364983344,-3.284583266,EryP
CTCTTCAGCACCGTCCTA-1_larry1,-1.105178928,-1.937539155,MPP3
TCCGTATACTGGTGGTAA-1_larry1,4.315029168,-0.204590971,EryP
GACGGACTAGCGAACTCG-1_larry1,-1.988091206,1.279825752,GMP
TACGAGTGATGCTTACGG-1_larry1,1.748036051,-4.48337477,EryP
GGTAGCATCACAATTCGG-1_larry1,3.261986756,-3.768953021,EryP
CAACCTGGTCAACGTCTT-1_larry1,-3.279215073,-5.970488245,GMP
CGTGGTACCCTCCAGCGT-1_larry1,-6.129739976,-1.26133054,pre/pro-B
GAACTATGGCTCCACGTC-1_larry1,5.574631,3.119725769,GMP
GTAGGACGCCTGAGGTTA-1_larry1,5.490213657,3.395666187,GMP
AACGAGAATTGTAGCAAG-1_larry1,5.907542968,0.878387635,MEP
CAGCTGGAGGATACTGTG-1_larry1,2.371562147,-2.786122019,MEP
TAGTCAGACTGGTGGATC-1_larry1,-2.111350512,-0.186343211,MPP4
TTCATTCGCACCTGCAGA-1_larry1,-2.785821414,-6.079350169,GMP
ACCGATCGATGAGCAGAT-1_larry1,-3.60276339,0.339369004,GMP
CATTGCAGAGTGGATAAG-1_larry1,-5.120129323,2.301291292,GMP
GATAAGCTGTCACTACGT-1_larry1,-0.711311436,-3.063892538,HSC/MPP1
CCACGTTCTTGCCTTCAG-1_larry1,0.175989622,-2.167220766,MPP3
CCTCCAATCGTCTACCAA-1_larry1,-0.736021018,3.714345758,GMP
TGCCGACTACGCACTGAA-1_larry1,6.251602435,0.162800406,EryP
GGAAGTATGGAGCCGTTA-1_larry1,2.20539012,1.763126915,GMP
GACAGGTTAATGGTTCGA-1_larry1,-0.710453605,-6.457011397,EryP
AATTAGAGGGCTTAGAAC-1_larry1,1.705649162,-4.601070578,EryP
AAGCTTGCACCATAATCG-1_larry1,2.853493714,-5.380643542,EryP
CGACCTAGCGAGATACAC-1_larry1,-4.969081616,1.964365785,GMP
GGAGACACACAGATCATT-1_larry1,-5.873897767,4.761874979,MPP4
ACTCGTCTAATTAGCACA-1_larry1,-1.2068573,6.384783094,GMP
GTAACAGTCACTTCAGTA-1_larry1,5.332831645,2.418573682,MPP4
CACTCACTAGCACTGGAT-1_larry1,-4.995511269,-1.792553122,pre/pro-B
GCACATGTTACGTAGTAT-1_larry1,4.079984212,-3.273213561,EryP
TCGTAGGAATATTACAGC-1_larry1,-2.961917853,3.917778318,GMP
TTCCTAAGGCTGGTACAT-1_larry1,-2.234766459,1.646848266,GMP
TCACAGGTAATCAAGAGA-1_larry1,-2.38864634,1.441758697,GMP
TGATACCGTGCCATCGCT-1_larry1,3.026410604,-5.468268568,EryP
CGAGCCGTTTGCACGATG-1_larry1,-2.780004954,-5.865774329,GMP
AGGATCTCACCACGCCAT-1_larry1,6.012525344,-2.364602501,MEP
AGCGTAGAAACAGCGTAT-1_larry1,5.962731624,1.051666324,MEP
GCGACACAGCAGCACGTG-1_larry1,-0.710022545,5.850413625,GMP
ATTCCTACGGAGCCGTTA-1_larry1,-3.252178407,1.068398779,GMP
GCATTGATCTCACGACAA-1_larry1,-6.098724103,-2.068598325,pre/pro-B
GTGCTGACTAGGTATTCC-1_larry1,-5.285783505,2.23508436,GMP
GCCATTAAGAGAAGAGTC-1_larry1,0.250951523,-0.490481968,GMP
AGAGCGGAGTGCATACAT-1_larry1,6.194134975,-2.848428423,EryP
ACACATCTGCTTGCACAA-1_larry1,6.265855098,-2.945634301,EryP
AGATCTGACACGATGACC-1_larry1,-5.64938519,-2.342655594,pre/pro-B
GATTAGTGTGACCGTAGT-1_larry1,-7.325111604,-2.833977635,pre/pro-B
GAGTCTTCGCGACCTAGC-1_larry1,-1.999910569,1.086325233,GMP
CGTGACCAGGCGTAACAA-1_larry1,6.096380973,0.016869371,EryP
TCTTAGCGAGTTAGAGAC-1_larry1,0.457469487,-2.929820712,MPP3
GTCGCAGGTTGTTAAGCC-1_larry1,2.800570274,-5.342624361,EryP
CCGACTGTTGCCTGGAAT-1_larry1,-1.944401002,0.869394486,GMP
CAATCTCCGACTGGTCAG-1_larry1,5.127224231,3.337776725,GMP
AGTCGCGACTTGAGCTCT-1_larry1,0.433459738,-3.074455912,MEP
AAGGAACAGACGGTGCCT-1_larry1,1.426153505,3.352987354,GMP
TCAGGTGCAACAGCGGTC-1_larry1,3.705558562,-6.366704161,MEP
TCACAGGTATTGTCAACC-1_larry1,-2.844723439,4.067273443,GMP
GACTCTCACGTCAAGATC-1_larry1,-3.160524821,-6.040624793,GMP
CTATTAAGGTCACAGGTA-1_larry1,-1.579591727,4.744143312,GMP
AGAAGCTGCTCAGGTGCA-1_larry1,6.19738605,-2.73211139,EryP
CAGTAATGTTGCAGTCGG-1_larry1,-1.871649718,-0.585941101,GMP
AACAGATCGTGAGCAGAT-1_larry1,-2.010380721,-2.32577532,HSC/MPP1
CCATGCGTCGCTCAATGA-1_larry1,2.262279773,-2.845782454,MEP
ATATGTCCATTGATGAGT-1_larry1,-5.831467843,1.103526537,MPP3
ATTAGCACATCAGGTGCA-1_larry1,1.818040753,3.911971872,GMP
CTCTGCGGTCTTAGGACT-1_larry1,-2.807800269,1.563906019,GMP
GCCTTCCATGGTTGCTAT-1_larry1,-2.297119832,1.519312446,GMP
ACGACGATTTAGTCGCAT-1_larry1,-3.568946099,2.885803764,GMP
TCAGCGACCAATATCAGC-1_larry1,-2.808861232,1.923816507,GMP
CATATGCGATAAGTGTAG-1_larry1,-2.485273337,0.89374346,GMP
GCTTCTGAATTCGGAGTC-1_larry1,-0.364611482,6.501875703,MPP3
AGTCCGTGTGTCGTTGCG-1_larry1,-5.784511304,4.661851709,GMP
CCACTGAAGCTACGTTGG-1_larry1,-1.674398398,4.729875867,GMP
CGCCTGCAAAACGCTCAA-1_larry1,5.194697642,3.449366634,GMP
GGTGTGACCAGTTCGATA-1_larry1,6.024423862,0.975370114,MEP
CGGAGACTTCATTGACAA-1_larry1,3.763347411,-3.379111226,EryP
GTCTCTTCAAGCTCTCCG-1_larry1,5.250483298,3.647112434,GMP
CGCTTCACGCTCCAGCGT-1_larry1,-2.461496806,2.676046436,GMP
TCGAATAGACGGTTGCGA-1_larry1,-7.540204263,-2.845991785,pre/pro-B
CTGGTACATCACTTGGAT-1_larry1,0.444337064,-1.214831169,MPP4
GTAGCATACGCAGATCCG-1_larry1,4.442044282,-3.321905549,EryP
CATGGTCGAATTCTCTGG-1_larry1,1.064393455,-3.269652779,MEP
TAGAGACTACCGATGTTC-1_larry1,-6.068257546,-1.810706193,pre/pro-B
CATCCTCTCGCGCTCTAT-1_larry1,3.244490171,-3.863286669,EryP
AGCGGAACATAAGGTCCG-1_larry1,-1.803185677,0.8186639,GMP
AATTGGTGAAACTTCTGC-1_larry1,-6.197673535,-4.354652102,pre/pro-B
AGGTATTCCCCTCGGTCA-1_larry1,-1.836482501,3.65739352,GMP
CAGCAGTACGGAAGTATG-1_larry1,-2.250664925,-0.305174456,MPP4
AGCCAGGACATACGAGGT-1_larry1,-3.854924893,-2.254217441,GMP
ATGAGCAGGCGCGAGTGT-1_larry1,0.527177358,-1.184159036,GMP
ACGACTGCGACGGACCAT-1_larry1,-1.786383128,2.806280677,GMP
CCGCTATCCCCTCTCTAG-1_larry1,-5.261244035,2.407339876,GMP
GATGCTCCTTTAGCGTCT-1_larry1,4.40491941,-2.587801869,EryP
GATAGTTCTGTCACAGAG-1_larry1,-0.106486773,3.975122755,GMP
CTTGGTCATCTATGGATG-1_larry1,-3.223844743,-6.190215285,GMP
ATCAAGAGATAGGATTAG-1_larry1,-6.033292508,-2.492427285,pre/pro-B
ATTGACACGATGCGTGGA-1_larry1,-2.333383536,-0.174707825,MPP4
CCTCGGTCAACTCGCTGT-1_larry1,-1.75772593,1.740337913,GMP
GCCGTCTTCTATACGGAT-1_larry1,1.488131786,-2.06180733,MEP
TTGTTAGAGCTTAGAAGG-1_larry1,-0.38779602,6.623657529,MPP4
AACGAGGTGGTTGCATGG-1_larry1,-1.378959155,6.317848985,GMP
GAACATGACGTCACAGAG-1_larry1,-7.200169301,-3.054459269,pre/pro-B
GAGTCGTACCTCTAGTAA-1_larry1,-0.775102591,-6.462505991,EryP
GAGACATTGTGTCGTGAG-1_larry1,-1.06367681,5.39169914,GMP
GTTCAGAAGCAGTGCCAT-1_larry1,-1.332376695,5.645437067,GMP
AGCCGTTCTTATGACCGA-1_larry1,-3.302496886,2.874261205,GMP
CACATTCTGCACAATAAC-1_larry1,-5.183685517,2.333410804,GMP
GTCGTGTTATGAGAATCC-1_larry1,-2.478000378,2.736016338,GMP
CAACTAATCTCGGATGTT-1_larry1,-3.094090915,3.663607185,GMP
CCGACTTGGCGGTAGCTT-1_larry1,2.823224092,-7.648185904,EryP
GCAGCGATACTGAGGTTA-1_larry1,4.919115329,3.632356947,GMP
CATTGTTCACGACAGGAA-1_larry1,-2.231493449,2.594241207,GMP
GTCACTATGCCAGCCAAT-1_larry1,-1.480326867,5.472414796,GMP
AACGGTAGCCGACGTACG-1_larry1,-1.235165572,5.88344795,GMP
AATGAGTCGTCCAGCTAT-1_larry1,2.083978677,-5.557250674,MEP
CACAATAACACCAGCGTT-1_larry1,1.332571769,-3.211118395,MEP
ACCGACGGTCACTACAGG-1_larry1,0.23809045,-3.046321328,MEP
CCGACTTGGGACTTGATT-1_larry1,6.391673827,-2.813850338,EryP
CGGACAAGTCCTGTCGAC-1_larry1,-2.415219521,0.552995865,GMP
GATCTTCGCGTTAGAGAC-1_larry1,3.271317744,-3.549874241,EryP
ATTGACACGTGAACCAAT-1_larry1,-1.700551486,3.182478254,GMP
GAATTCAGTTGTCTACAC-1_larry1,6.00466373,-0.046143914,EryP
AGTCGATCATCCGATCTG-1_larry1,-2.140878177,2.970215623,GMP
GCCGTTGTTCATCGCTGG-1_larry1,5.831348205,0.762198989,MEP
GATACACTAACACAGAAC-1_larry1,4.407658839,-3.088998015,EryP
CTTACCTAGGTTAGATTG-1_larry1,-3.014026618,-6.338639433,GMP
CAAGCCTCGTGATACCGT-1_larry1,-0.122145569,6.53804857,MPP3
GATTGGAAGCTCGTCTTG-1_larry1,3.553214574,-2.415824826,EryP
TCCAGCAGCTCATCAGAG-1_larry1,5.667929435,2.145074909,MPP3
ATGTGACGAAGACTTCGT-1_larry1,-5.555497384,4.713294809,MPP4
TCTGAGATACTGGTACAT-1_larry1,0.754993612,-1.170651312,GMP
CTACGAGAACATAATTGG-1_larry1,5.33212831,3.085080926,GMP
CTTGATCTATTCGCTGAG-1_larry1,6.436856532,-2.813627417,EryP
GTGAACCACGTAACTCAT-1_larry1,3.400143886,-3.360555823,EryP
CACGTCATATGCCTTCAG-1_larry1,-2.016816115,-2.638363058,HSC/MPP1
ACTGGTCAGGCGTGATAC-1_larry1,-5.302276826,2.083979433,GMP
CAAGTCACTCCATTCTGC-1_larry1,-6.476168847,-1.617252166,pre/pro-B
CAATCTCCGACACCACAT-1_larry1,-3.753858781,-2.220193918,GMP
CTCCTGACGCCACTGAAG-1_larry1,-2.261198497,2.322550123,GMP
TGCATACATGCATTGATC-1_larry1,-1.180666661,5.70133764,GMP
ACGTATGTCGCGCATTAC-1_larry1,5.506767535,3.242163484,GMP
ACACATCTGACTGCTAGT-1_larry1,-1.965448594,0.535042648,MPP4
ACCTCCTAGAAGCACAAC-1_larry1,-2.496254897,-5.972733195,MPP4
TCTCATCGGGCCTAACGG-1_larry1,-2.346719241,0.297805672,GMP
AGTCGTCCGTTGAGCTCT-1_larry1,-6.184313035,-4.026630099,pre/pro-B
TGAGCAGATCAACGCACA-1_larry1,-3.160018658,0.694250946,MPP4
TTCCAGGAGTCGGACAGT-1_larry1,2.676895642,-5.359635527,EryP
TTCCTTGACGAGTCACCA-1_larry1,-0.576432085,-3.461501772,MPP3
CCGATACCGGGTAACTAC-1_larry1,-3.348321175,-6.044049437,GMP
GTGCTGACTCCACGCCAT-1_larry1,-2.51658318,3.994850938,GMP
GGATCGTTCGCTTGTCCT-1_larry1,-2.906297183,3.405779426,GMP
AGTCCAGTGGCTTGGTTC-1_larry1,-1.484956717,3.257196252,MPP4
GGTCTTGCACGTGCTTGA-1_larry1,-2.661682343,1.723999326,GMP
GTGCCATGAGAACCAGTT-1_larry1,2.60984602,-3.176343138,EryP
TTACTTACGACGTCTATG-1_larry1,0.492914373,3.405247753,GMP
GAAGGATCATGTAGATCG-1_larry1,-2.18817637,-0.88496464,GMP
CTACTGTCACGCTGTAGT-1_larry1,2.917171979,-5.458985979,EryP
TGCCAGACGAGACGCTAT-1_larry1,0.107154095,-1.02797025,GMP
CGCGCACATGATTAGTGT-1_larry1,2.805569196,-2.872311528,EryP
TCTACGCAACTTGCGACC-1_larry1,-2.928083157,-6.203900511,GMP
TAGACCTACGATATGGAC-1_larry1,2.249443674,-2.714450056,MEP
CCACGAAGGTTACAGTGT-1_larry1,-2.304367995,0.250038092,GMP
TATGAAGACCTCGTCTTG-1_larry1,0.692576071,-0.028423901,GMP
CTTCCGGTATCCAGCTAT-1_larry1,-2.464628434,2.471970861,GMP
CCTAAGAAGCAGCTGGAG-1_larry1,5.068280959,3.76281101,GMP
ATTCGAAGAGCGGTAAGT-1_larry1,-7.326420045,-2.917727644,pre/pro-B
CCTGACCTCGTCCACAAC-1_larry1,-0.77183578,5.716652696,GMP
CAACTCCAGATTAGCCAC-1_larry1,-3.256354546,1.596201127,GMP
TCTCATCGGCAACGATCG-1_larry1,-6.502560353,-0.973416383,pre/pro-B
ATGTCCTCCGACTCAGTG-1_larry1,-6.617216801,-0.695054288,pre/pro-B
GATCCGCACATACTTGCT-1_larry1,-6.03090117,-4.22794574,pre/pro-B
CGTTAATGGGGATACAAT-1_larry1,6.596538806,-2.607987816,MEP
CATTCAGTTAGCGACACC-1_larry1,-2.78561852,-5.858215983,GMP
TATTACTCGTCTATGACA-1_larry1,-3.172885871,0.958368604,GMP
ACGCAAGATTCTAGCTGG-1_larry1,-5.035493111,2.54658634,GMP
GAGTTAACTCGTATTCCT-1_larry1,-3.553131318,2.800361936,GMP
GGACTATTCTGAAGACCA-1_larry1,-2.307959533,-0.2816357,MPP3
GGTACGAGCCTGCTGCTT-1_larry1,-0.925509071,6.110235994,GMP
TTGTAATGCATCTGCGTA-1_larry1,-1.785521245,1.934961145,GMP
CCTCTGCATTGGTGCCTG-1_larry1,5.081234241,2.581128423,GMP
CAAGAGAGTTGGTAACCA-1_larry1,-3.105559325,-6.415315802,GMP
ACGATGGAACTGTACGAC-1_larry1,-3.066833472,3.835248296,GMP
GTAGAGAGCCACCTTCCT-1_larry1,-2.214511609,-0.17612687,MPP4
ACGTATGTCAACGCATTG-1_larry1,-2.2530689,1.162962978,GMP
AATAACTCCTCATCATCT-1_larry1,-6.586109376,-0.876032228,pre/pro-B
TGATACCGTTTCCATACC-1_larry1,-2.831192231,1.511950796,GMP
CCTTGCTTGGACAGGTTA-1_larry1,5.859947467,1.242223685,MEP
GGAGACACATTCATCCAA-1_larry1,-3.074352002,3.802432363,MPP4
CGATTGAACAAGTTCTCT-1_larry1,-3.038712239,3.836855714,GMP
CATTGCAGAGCCGAGTCT-1_larry1,-5.355543828,2.309161489,GMP
GCGGTAGTCCGTGCAAGG-1_larry1,5.218419337,3.02622134,GMP
GCTCCTAGCTGTCGTACA-1_larry1,5.547953868,-2.024534876,MEP
ATGTCGCCTTGCCTGGTT-1_larry1,2.402888084,-3.67522567,MEP
TGAACGTCAAGCGGTCTA-1_larry1,-2.475466943,-0.003284897,GMP
CTGGTGACAATGCCTTCA-1_larry1,-1.52016232,5.312703912,GMP
AGGTGTACATATGAGACC-1_larry1,-1.535354352,5.584488695,GMP
TTATGAGGATACGTTGGA-1_larry1,-2.129175877,2.970176761,GMP
ATAAGACAGAAGCTGGTC-1_larry1,1.988300944,-2.913868124,MEP
ATCACCGCATTGGTAACT-1_larry1,-3.120608306,-6.166554148,GMP
TGATTATCGAAGCACAAC-1_larry1,-3.036629414,2.879004781,GMP
GCCACATGGGGATAATAC-1_larry1,-2.02719686,2.97393996,GMP
ATACCGCTTTCGTGCCAC-1_larry1,-7.174432969,-3.28695267,pre/pro-B
CGGTTCTATTACGGTCGT-1_larry1,5.094436431,3.466437643,GMP
GAGAACAGGGTCTTCTCG-1_larry1,5.794998431,2.995164459,GMP
GTAACAGTCTTCATCCAA-1_larry1,-2.148256278,2.709005659,GMP
GCCACATGGACTCGAGTC-1_larry1,6.571105266,-1.942951257,MEP
TGCTTACGGATGGACGTT-1_larry1,5.81374147,-0.313625901,EryP
AAGTACAGAACAAGAATG-1_larry1,-4.437430596,1.331056302,GMP
GACCACTCGTTGAGCTCT-1_larry1,-3.570650315,0.573573296,GMP
GAGGTGAGCCTGCGATTC-1_larry1,4.889250541,3.34228379,GMP
CGTTAATGGCGATTCGAG-1_larry1,-2.749499297,1.911696498,GMP
ATGAGTGTGTTCCGCCAG-1_larry1,-5.024177289,2.544046228,GMP
TCATCATCTGCTTAGAAC-1_larry1,-1.814579463,1.325718825,GMP
TTCACCTTGTTGCCAGAT-1_larry1,-5.243048882,-1.807764943,pre/pro-B
ACTTCTTGGCCAGCCAAT-1_larry1,-2.30321095,-0.098616655,MPP4
GCCTTGTGAGATCTAGAG-1_larry1,-2.852505183,-2.972381051,GMP
CTTGCACAATACTTACCA-1_larry1,-2.855252242,-0.541820745,MPP4
CACTGCTTATGTAGGTTA-1_larry1,4.111659789,-1.863969262,EryP
TCCAATCATAGTGAACGG-1_larry1,-3.739007687,-2.366533215,GMP
CCTTGACGGTGATTGCTG-1_larry1,5.93576982,-0.387016061,EryP
GTATGTATCCTGGTGACA-1_larry1,-3.071500516,-6.056781466,GMP
CGGTTCGTACCATATGCC-1_larry1,-3.238379454,0.558718209,GMP
CAGTCTAACGCTAGTGGA-1_larry1,-2.967021441,-2.485041315,GMP
ATGACACAATTGATGAGT-1_larry1,0.532782392,-1.668475444,MPP3
CTTCCGTGGAATCTGACC-1_larry1,4.028663182,-6.479442294,EryP
ACGCACACTACAGCGGTC-1_larry1,-3.19333694,-2.612303908,MPP4
CTCGCAAGAGCGACCTGT-1_larry1,-2.14948771,-0.754472251,MPP4
ATCGGTGGTACAGTATTG-1_larry1,-0.721213317,-6.385188754,EryP
GAGGTCACGTTACGGACC-1_larry1,-2.504754996,2.371276443,GMP
TCACTCGCTGACAGGTTA-1_larry1,0.445031056,-3.074308331,MEP
ACATTCCACTTCATTCGC-1_larry1,5.904882217,-2.17350095,MEP
CATGCCAGTTGGTAGCAG-1_larry1,-5.913373208,4.567431276,MPP4
CAATGCATTGCCTTATCT-1_larry1,-1.022113657,6.549497907,MPP4
GACGTCAATGACGGTGCT-1_larry1,-6.124258256,-4.225205119,pre/pro-B
GCAGGAGAAAGTACTACA-1_larry1,-3.14366672,-5.799078638,GMP
ACTTCAGTAGTACAATGC-1_larry1,-5.920463776,-2.350309308,pre/pro-B
TCATCATCTTCACACTGC-1_larry1,6.562762523,-2.165049012,MEP
ACTGGTCAGGATCCGCAC-1_larry1,-6.050987935,-4.037548478,pre/pro-B
TTGAGCTCTAGATGAAGA-1_larry1,0.613210322,-0.045125077,GMP
TGACGATGACAACACTCC-1_larry1,2.981568599,-3.698580439,EryP
AACAGATCGTGGATTAGC-1_larry1,-2.894495463,-0.327085669,MPP3
CAGGTATCGATGCGTGGA-1_larry1,5.561146999,2.268697565,MPP4
GCCTTCCATAGCCGTTCT-1_larry1,-1.552796101,2.837188547,GMP
GATCCGCACTCATGCTCA-1_larry1,-2.939231372,-5.84111088,GMP
GATGCGGTTCCAACGGAA-1_larry1,-1.807378983,2.024425809,GMP
GACTCTCACGATCTGAAT-1_larry1,2.33726635,-2.885743792,MEP
AATACCTTGGGTGAGTTC-1_larry1,-2.516299939,1.744743173,MEP
GCTCAGCCAATATTCGCA-1_larry1,-1.779222464,2.923899238,GMP
AGCTCTCCGGGTGCGTAG-1_larry1,1.578451479,3.831017797,GMP
GCGACACAGTATAATCGC-1_larry1,5.615087295,2.548481052,MPP4
ATAACGACAGACACGCAA-1_larry1,-1.859312749,3.249703949,GMP
GTATTACTGTCTACATCC-1_larry1,6.260660911,-2.646318371,EryP
TAGTCGCATATCTGGTAG-1_larry1,0.403484696,-0.709102298,GMP
CTTGGATCACACTGGTCC-1_larry1,-1.299265957,6.48344404,GMP
AGAGAGTGGTATGAGACC-1_larry1,0.247838342,-0.668162341,GMP
GCTACAATGCCGGTTGAG-1_larry1,-2.994978881,3.851704423,GMP
CTGGTAATCGTCTCTTCA-1_larry1,-2.476587987,2.904115026,GMP
GACTGCCTGCATCCAGGA-1_larry1,-6.236858105,-4.400234396,pre/pro-B
AGCTATATGCTTGGTCAT-1_larry1,-1.610533452,6.204982107,GMP
ATCCTCCGACCGCTATCC-1_larry1,-2.294534182,1.106842821,GMP
TATTACTCGCGAATCCTG-1_larry1,-6.339083886,-2.654936488,pre/pro-B
AGTCGTCCGCTCATTAGT-1_larry1,5.518301749,1.796625917,MPP3
CTACCTGCGTGGAGAACC-1_larry1,-0.621475792,-3.426896985,MPP3
TCGATTCAGATAGCTTGC-1_larry1,-4.409288621,2.890347545,GMP
AATTGGTGAAGTTGTGTA-1_larry1,5.609894061,3.236108368,GMP
AACGATGACTTATGAGGA-1_larry1,2.904902244,-3.482878621,MEP
TTATCGCACTTAAGTGGT-1_larry1,-0.178409076,-1.713834102,MEP
GTATCCTGCCGTGACCAG-1_larry1,5.719332481,-2.766490395,EryP
GGTAGTGTTGATCGCACT-1_larry1,-5.84942553,4.590444391,MPP3
GCAGCGATATGGAGAACC-1_larry1,-2.60785625,-5.868199522,GMP
ATGAGCAGGTGGAGAGTG-1_larry1,-2.775202966,2.078895395,GMP
AGTACTACAGCTTCTGAA-1_larry1,0.724250661,3.121731584,GMP
GTCACAGAGTAACACATC-1_larry1,-3.324603534,1.38943929,GMP
AACGGTAGCTCAGCTCAG-1_larry1,-2.601376033,1.060557907,GMP
ACGATGACCCAACACTCC-1_larry1,-1.799162602,3.210167472,GMP
ACGACGATTTCAGCGACC-1_larry1,0.880289579,0.013791745,GMP
GACATAACGGCGCTTCTC-1_larry1,-1.371141171,-2.678191121,HSC/MPP1
TACTTCCAGTCCAGCAGC-1_larry1,6.202360416,0.113563632,EryP
AACCGTGAGCGAGCCGTT-1_larry1,-3.579343057,0.416821306,GMP
CAGGATCAATCTCGTATC-1_larry1,-2.057140088,2.597036188,GMP
TCGGACAGTTCTCGATGC-1_larry1,-2.8716223,-5.71779793,GMP
TAGCGAGAATTCATTCGC-1_larry1,-2.616990781,2.09465534,GMP
CACTTGGATAGTTGTGTA-1_larry1,-1.309222555,6.340346162,GMP
GCAACACCTATACTTGCT-1_larry1,-1.877081609,2.885444706,GMP
TGATAGAGGCACCTACGC-1_larry1,-4.036414361,2.718550985,GMP
TCGCTGTAAGCATGTGGT-1_larry1,3.88544395,-6.437516863,MEP
TGTAGGTTAAGATGAAGA-1_larry1,-5.70776484,-2.054719741,pre/pro-B
TAGATCTGTTAGAGCCAG-1_larry1,-4.686302399,2.706854408,GMP
CAGGATCAAGTCCGTAAG-1_larry1,1.384876752,3.959463899,GMP
GTCTACCAAATTGATCAC-1_larry1,-5.463170743,1.729924266,MPP4
GTGGTACGGCACACTGCC-1_larry1,4.486421371,-3.102932389,EryP
GACTCAGTGGTCATTCTA-1_larry1,3.834452892,-2.768291886,EryP
GCGTGATACACCGTCCTA-1_larry1,2.291978026,-5.747932608,MEP
GCGATGGTGTAAGGTGAT-1_larry1,-6.516810632,-0.919825609,pre/pro-B
CGTATCGAATCAATGGAC-1_larry1,-5.704596734,4.809867208,MPP4
AATGCACTTCCGGTTGAG-1_larry1,0.974727029,-1.545116479,MEP
CGTGCCTATGATACACTA-1_larry1,-6.055955148,-4.143263752,pre/pro-B
CTGACGATGTATACCACT-1_larry1,-1.508400893,5.914601152,GMP
GATGTAAGGCTAGGTACT-1_larry1,-2.806672788,-5.784806902,GMP
ATAGCACGGACTCCGTCG-1_larry1,3.952283645,-6.457143958,EryP
ATCGATCCTAGGATCTCA-1_larry1,3.665757203,-2.671625311,EryP
CGTCTGTCCCGTCTGCTG-1_larry1,5.348398948,3.515266483,GMP
GAGCACATTCAGTATGAT-1_larry1,-2.21943376,2.922069852,GMP
TAGACCATGTCATGCAGG-1_larry1,-1.411112761,3.615691249,GMP
GGAGCTCAATACCTCACT-1_larry1,-2.185545182,3.153623884,GMP
AAGCTGGTCGCGCTAGAA-1_larry1,-6.192805028,-4.308252509,pre/pro-B
CTACCTGCGAAGCAACTA-1_larry1,-2.944451785,3.757560556,GMP
ACATGACTACTAGTTCCA-1_larry1,-3.167388177,0.745125954,GMP
ACGAGAGCAGTGAATGCC-1_larry1,6.074338699,-2.562517817,EryP
TGTAGCAAGGGTGATAGG-1_larry1,-3.446817136,2.920849865,GMP
ATCATAGACGGTAGACAT-1_larry1,-1.004048562,6.030577009,GMP
GTATCCTGCCAAGGTGTG-1_larry1,0.503613824,2.664949243,GMP
AAGCCAAGTACTTCGCAG-1_larry1,-2.628149247,-0.982135827,GMP
GGTTCAGACTCCATCATT-1_larry1,0.817216867,-4.163783247,MEP
GACCAGAGAGTAGTGGAG-1_larry1,0.101532245,-2.317119772,MEP
ATTCTCTGGCCTTGCTTG-1_larry1,-5.353617883,-2.226020629,pre/pro-B
TGGTGGTAACCGAATATG-1_larry1,4.932555938,3.565750902,GMP
AATGCTGATAACGGAGAT-1_larry1,-1.501923299,5.473378484,GMP
ACACATCTGAGTGAACGG-1_larry1,-2.821601128,0.917611902,GMP
TACTACTGTAGTTGCCTT-1_larry1,-1.21689794,5.124422376,GMP
CCAGTCTCACTGATGCAC-1_larry1,2.590811038,-5.60784405,MEP
AGTTACAAGTCCTATTCC-1_larry1,-5.311152673,2.330349271,GMP
CACCTCAACATGGATATC-1_larry1,3.430795217,-6.270210917,MEP
GATCGCGAAGCCTTAGAG-1_larry1,-0.082315779,-3.090095217,MPP3
GCCTGGAATCACAACCAG-1_larry1,-2.925511813,-4.018575842,MkP 2
TGTCGTACATGGTCCTAG-1_larry1,-5.105848527,2.444917028,GMP
TCGCTTAACGTACCTAAC-1_larry1,-2.423190808,-0.306984263,MPP4
GGTAAGGATATCCGACCA-1_larry1,5.845534587,-0.224068063,EryP
CGCTTATGAATCAGTCGA-1_larry1,-1.045765138,5.671425169,GMP
GACAGGTTACACTGTATC-1_larry1,-2.238097644,2.796461885,GMP
ATTGATCACAAGACGAAG-1_larry1,-6.745772576,-0.640531446,pre/pro-B
GAAGTGTGAACTCTCACA-1_larry1,-1.947164273,3.153610771,GMP
GCTTACTAGAGGTCCGTC-1_larry1,5.896001601,-0.285004404,EryP
GCGCTAGAATGGACTGCC-1_larry1,5.596462989,2.202379053,MPP4
ACTTCGCAGAGGTCCGTC-1_larry1,-3.511355138,2.813619678,GMP
GGTGATAGGAGGTCACGT-1_larry1,-0.966065144,6.470283334,MPP4
GCGATATGATGGTCCTAG-1_larry1,-0.669435954,6.315306013,MPP3
ACGACATCTTTACTAGTC-1_larry1,-2.67706964,-5.721165831,MPP4
AACGTCGAGTGAGCAGAT-1_larry1,3.629906917,-3.817664082,EryP
TCATCAGAGGGTGAGCGT-1_larry1,-5.79090569,-2.158499415,pre/pro-B
GGATAGTCACCATACGAT-1_larry1,-2.041015839,3.335391347,GMP
ACAACCGGATGGAGAACC-1_larry1,4.339623475,0.059390699,EryP
GTAACGCGATTGGAGAAC-1_larry1,-6.001467442,-1.796254928,pre/pro-B
AGCAAGTCCAACGAGGTG-1_larry1,-2.42771194,0.935877507,GMP
GAGGTCACGCGCGATGTA-1_larry1,-6.580526566,-1.811190541,pre/pro-B
GATACACTATTACACCTT-1_larry1,-3.050352549,0.047333007,MPP3
GTCCTTCATGGATGCGAA-1_larry1,0.489734599,-0.243198304,GMP
TTCAGTGCCCTCGAACTG-1_larry1,4.483452344,-2.013282592,EryP
CAGGATCAATATAATCGC-1_larry1,-2.65199635,2.688158338,GMP
AACGGAGATACTCCTGAG-1_larry1,-2.487863517,-0.564306344,MPP4
TATCTAGGTTTCCGAGCG-1_larry1,5.758816505,-2.439303811,MEP
GTGGATAAGGAGAATCAG-1_larry1,6.643558288,-2.076584632,MEP
TCACAGGTAGCATGTAAG-1_larry1,-5.314927792,-1.943412359,pre/pro-B
ATTCGAAGATGCTCCTCC-1_larry1,-2.921188807,-6.023019011,GMP
GCCGAACCAATATGCAGC-1_larry1,4.088672424,-3.303082402,EryP
GTCTCCAGGTAGGATGCC-1_larry1,6.346488261,-3.031433995,EryP
CGCATCTACTTGACCTGA-1_larry1,-2.896007991,4.064349477,GMP
TCAAGCGTACCTTCGAGC-1_larry1,0.585934842,-0.711490418,GMP
GATAACGTCAGCATTGTT-1_larry1,-1.710172868,-1.425343926,MEP
TATCACCTGAGTTCAACC-1_larry1,2.633961821,-2.119740541,MEP
CCACGTTCTGTATTACTG-1_larry1,-3.507538533,-2.425411637,MPP4
GCGATATGAGCTCTGTGT-1_larry1,2.104827786,-5.620390589,MEP
GACAATGTTTGATACCGT-1_larry1,4.354286218,0.129012709,EryP
GCACAGTAACTCGACTGC-1_larry1,0.44244335,-1.207219059,MPP4
CCATTCTGCTCTGAGATA-1_larry1,4.817237163,3.217916553,GMP
TGCCGCTACTAGCACACG-1_larry1,-1.77610538,2.000084226,GMP
CCGATACCGACGACAGTC-1_larry1,6.49294641,-2.104842837,MEP
TATTACAGCAGTCTAAGC-1_larry1,1.736800933,-4.493696387,EryP
CCTCGAGAGCAGTACATC-1_larry1,-2.756080127,2.202596729,GMP
AACCGCTGATGCTTACGG-1_larry1,-0.596558189,3.104762857,GMP
TGGTTATACTCGTACCTT-1_larry1,3.11694386,-5.323365862,EryP
ATACGAGGTAAGCTGGTC-1_larry1,0.565098116,-1.768929417,MPP3
CATTATGTCAGCACCGTG-1_larry1,-0.240720129,6.568211382,MPP3
GAGTCCAATTATTGACTG-1_larry1,-2.314923501,1.881260698,GMP
CTCGAACTGTTCATTCGC-1_larry1,-2.566955066,-5.521969016,MPP4
GTCTACCAACGTACATCT-1_larry1,0.932448143,-3.218100007,MEP
TTGCGAACACTCTAAGAG-1_larry1,-0.522520876,6.017649,MPP4
GAGTCGTACATCAGAAGC-1_larry1,-1.160526132,5.945692365,GMP
GTGCCATGAACAGCATCA-1_larry1,-1.50788567,3.230735128,GMP
CTGTGCTCATATCGAGCC-1_larry1,-2.161377406,2.148744409,GMP
AGCGGAACACTGAGGTTA-1_larry1,-0.074374056,-0.642611916,MPP4
ATAGACCGAGAGATTCCT-1_larry1,6.069375301,-2.742934163,EryP
TACCTCCTCGTTAATTCG-1_larry1,5.755759502,2.976822441,GMP
CGCGATGTAGGTACTTCC-1_larry1,-6.483771062,-1.960272486,pre/pro-B
CTTATTGAGACAACCGGA-1_larry1,-2.322391248,0.952401583,GMP
TAGGAGCTACACTACAGG-1_larry1,-3.253124451,-2.516425068,MPP4
TGTCATAGCGTGACGTAA-1_larry1,-3.34812758,2.916149919,GMP
ACTGGACCAGGAAGAAGC-1_larry1,-3.193972802,0.644452279,GMP
CTGTAGAAGACCTAGCAC-1_larry1,5.318053031,3.343027895,GMP
GAATCACATCTATTCCGT-1_larry1,-0.297005331,6.593367403,MPP3
TATTGACTGTGATTGTGC-1_larry1,5.938400531,0.910753911,MEP
TCACACTGCAACCATGGT-1_larry1,-5.919906354,-1.882098491,pre/pro-B
TAACTCCGAGCATTGATC-1_larry1,1.637992704,3.275758331,MPP4
ATCCGGTCCGTGCACGAG-1_larry1,-1.87530539,-0.426014344,MPP4
GTTCAGAAGTCCTTCGTA-1_larry1,0.322866672,-1.017671997,GMP
AGTTGTGTAGCAGCTCTT-1_larry1,5.929184222,-3.353970463,EryP
TGTACACGAGTCTTCTCG-1_larry1,-2.102414822,3.439979379,GMP
GATGCGACGCTGCTGCTT-1_larry1,-2.239627576,2.293085401,GMP
ATCATGTTCGGAGTACAG-1_larry1,-2.597486949,-5.75880831,MPP4
CTTCACTGTGAGAATCAG-1_larry1,4.056733632,-6.478485758,EryP
GATCGATACATTAAGACC-1_larry1,-1.51120255,5.363454645,GMP
GACTTCACCTCAGACAAG-1_larry1,-1.756178593,4.822528665,GMP
TCAGCGACCGTACCACAA-1_larry1,-5.7969558,4.711377447,GMP
ACTGTGTCAGGATACAAT-1_larry1,-3.081254458,1.021200483,GMP
GTGGTACGGCGTGCCTAT-1_larry1,-2.558189607,-1.152759488,GMP
CAAGTCGAACCATACGAT-1_larry1,-5.380724168,1.219432776,MPP4
GCATGTGGTCTCTCGATA-1_larry1,-5.601599431,4.909254377,GMP
TCTCATCGGTGATACCGT-1_larry1,-5.636702275,-2.045445735,pre/pro-B
GATCGTTGAGCGGAGATT-1_larry1,-3.698064065,0.254731064,GMP
TACTCGACCTGCAGTTCA-1_larry1,2.835262084,-3.634074147,EryP
ATATAGCGTCTAACCGGT-1_larry1,2.444451237,-5.501789744,MEP
TTCGCATCCTCAGCTCAG-1_larry1,-1.964447951,2.774346893,GMP
GCCGCCTAACCGATCTCT-1_larry1,-6.551565385,-0.770141954,pre/pro-B
ATCCGGTCCCCACTACCA-1_larry1,-2.614969706,2.478807514,GMP
CCAGTTACGTGGAAGATT-1_larry1,-2.924394584,3.814517324,GMP
TAGTAGTCTAAGTAGGAC-1_larry1,-0.805190301,5.784221952,GMP
CCACCATGCAAGGAAGTC-1_larry1,2.523295784,-5.559855158,MEP
ATGTGAGACGTTAGATTG-1_larry1,6.071827674,0.576297169,EryP
TCCAACGTGCATATGCGA-1_larry1,-5.083708978,-1.760423238,pre/pro-B
CTACCTGCGCCATATCTT-1_larry1,6.041807914,-0.314276886,EryP
TGGTCGCTAGCGACAACC-1_larry1,-2.284946418,2.848548715,GMP
CATTATGTCCCAGTACTC-1_larry1,-1.411571956,5.192998235,GMP
TGAACGTCACTTAGGACT-1_larry1,3.807935262,-3.398527081,EryP
CACAACGCTACGTGTAGT-1_larry1,-1.868149257,2.166320388,GMP
AGCTTGGTGCGGTTGCGA-1_larry1,-2.10336945,0.977149074,GMP
ACCGATCGAGCCGCTATC-1_larry1,-2.531743502,-2.30858701,GMP
AGTTGTGTAGTGCGAGTA-1_larry1,-1.726104474,1.931675975,MPP4
CACTCACTACCAATATAC-1_larry1,-3.104013657,1.771377866,GMP
TGCATACATGGAAGTATG-1_larry1,-3.10987494,-6.166620905,GMP
TCCTCTAGTCTTGGTCAT-1_larry1,2.881018424,-3.814974482,EryP
CTTCTCATCCCGAGTACT-1_larry1,-3.129848695,1.667614644,GMP
GTTGATGCACTTGCACAA-1_larry1,5.50935247,3.606404846,GMP
TTGGTAACTCAGCGACGT-1_larry1,-1.66077683,4.728689973,GMP
TCAGACAAGCGGAATGCA-1_larry1,5.416426444,-2.867168124,EryP
TGTGGTCCTCAACTCCAG-1_larry1,-0.9712008,2.345601385,GMP
CTTATCTCACAGTCTAAC-1_larry1,-2.714295363,2.329969947,GMP
TCTCGTATCCACACCTGT-1_larry1,-1.477828717,-1.543047244,MPP3
GTAAGTGAGCATCGCTGG-1_larry1,2.263130808,-5.533080752,MEP
TCAGCTCAGACCTGCAGA-1_larry1,-3.317154145,0.776752298,GMP
TATAATCGCATAACGACA-1_larry1,2.693949962,-7.806589301,MEP
CATAGTATGTACTAGTAG-1_larry1,-3.387967801,-5.935918505,GMP
CCAGATCACCTCAGGTAC-1_larry1,3.896202588,-6.407808001,EryP
CTTCGTGCAAATAGACGC-1_larry1,-1.822917914,-0.66322502,MPP3
TGAGAGGACGGTCCTAAG-1_larry1,-2.739073253,-5.670878107,GMP
GAATCACATATTAAGACC-1_larry1,-5.207707143,2.514156883,GMP
AGAAGCTGCCACCTACGC-1_larry1,-1.904020524,-0.975594873,MPP4
TAACACGAGCGAGCCGTT-1_larry1,-2.295949912,-0.890578086,MPP4
CCTGTCGACACAATAGGT-1_larry1,-2.940925574,-5.753538783,GMP
GTCAGACCGAGCTGCACT-1_larry1,-1.246881819,3.530491655,GMP
TGCTCAGCGAACGAGGTG-1_larry1,-2.625185942,2.429967229,GMP
TGCTGCGTCAGTGATGCG-1_larry1,-1.123468017,-3.26664942,HSC/MPP1
TCGATTCAGCGCATAACT-1_larry1,2.792356038,-3.564679797,MEP
CCATAATCGATGTGACGA-1_larry1,2.510428214,-2.82634681,EryP
TAATCTGGAGAGCCGTTA-1_larry1,-5.953190541,-2.433784182,pre/pro-B
AGTGGAATGTAGGAGCTA-1_larry1,-5.451214051,-2.080310399,pre/pro-B
TACCTCACTCTCTGCGGT-1_larry1,-3.0442662,3.453342025,GMP
ATCAAGCATATAGTGGTT-1_larry1,-5.162928796,4.773913686,GMP
CGAGTAGCAGAGGTCCTT-1_larry1,-5.697197175,1.121440475,MPP3
TGAGAATCCGACCGTAGT-1_larry1,-1.915743089,-0.213680233,MPP4
CTCTGCGGTAACTTCTGC-1_larry1,-1.944441056,1.737408702,GMP
TGATGACAGATGCAGTTC-1_larry1,2.100409532,-5.641665156,MEP
CGTGCAAGGCACAACGCT-1_larry1,6.393729949,-3.005740101,EryP
TGGTAACCACCTTATCCG-1_larry1,2.853508258,-7.788151438,EryP
TAGACACGTGTAACGCGA-1_larry1,5.686594749,2.513725107,MEP
CCACGTTCTATCGTAGTG-1_larry1,0.699776159,-1.257567103,MPP3
GACCGTAGTACCTAGTTA-1_larry1,-1.637306428,2.548541849,GMP
TAGATAGCCTGTAGATCG-1_larry1,0.757529618,-0.126328359,GMP
CCATAAGTACAGTATGAT-1_larry1,5.776699805,1.356806223,MEP
TTATCCAAGACTACTCAT-1_larry1,-5.902473664,4.594935243,MPP3
CATGACGTTACTTGATCT-1_larry1,-1.996416068,2.569930618,GMP
CTCTAGTAAGAGTCACCA-1_larry1,-0.680763221,-3.488344605,MPP3
GATATGGACCATCCACCG-1_larry1,2.082942152,-2.005761559,MPP3
GAGCGACTCTCTATGACA-1_larry1,1.238244498,3.982532804,GMP
CTCTCGATATGAGCAGAT-1_larry1,3.000366473,-3.166573222,EryP
CCTCTCTAGTACGTTACC-1_larry1,-6.974570489,-2.468098576,pre/pro-B
ATGTCCTCCAACTAACTG-1_larry1,-2.945103621,-0.0321463,MPP3
TATCTGTCACAAGGTGTG-1_larry1,2.085138345,1.811630313,GMP
TGCCAATGGCAACTAATC-1_larry1,-5.186859822,2.522733514,GMP
ACCGCTGTGACCGTCACG-1_larry1,-5.571244454,1.844667499,GMP
TGGTAGCAGCACACCTGT-1_larry1,4.380203748,-3.800797875,EryP
TTGGAGAACAGCAGACAA-1_larry1,-5.184583878,-2.218866403,pre/pro-B
GAAGGATCAGTATGATCT-1_larry1,-2.274172044,-0.191847886,GMP
AATCTCCTAAGACCACGC-1_larry1,-5.627994275,4.810952966,GMP
GATATGGACTCGCGTCAT-1_larry1,-6.032512879,-3.790270026,pre/pro-B
TAGAGCGTCCTAACACTG-1_larry1,-1.220022893,5.682775323,GMP
ACTCGTAGGAGGTCCGTC-1_larry1,-2.592941022,2.075309579,GMP
CCTCTGCATTTCCTGCTA-1_larry1,-3.317336535,-5.908619101,GMP
AAGGAACAGTCCTGAGAC-1_larry1,-2.132912373,2.32593972,GMP
AGTTCGATACCGACTGTT-1_larry1,5.475438857,3.229970043,GMP
GAGCAGGAACGCGTGAGA-1_larry1,0.798923323,-0.381515967,GMP
GAGCATACAGAACATGAC-1_larry1,-2.428221202,2.611628597,GMP
CCGTACGGAACATGACTA-1_larry1,-1.581979489,0.702010934,GMP
CCTCGGTCAAGACTAGTA-1_larry1,0.326259399,3.187042539,GMP
GCGAAGACAGTCTTCATA-1_larry1,6.627087379,-2.044579441,MEP
TATAGTGCGGTGTACCGT-1_larry1,-5.591478562,-2.494955475,pre/pro-B
TGTCGTACACGATAGGTG-1_larry1,-3.191842532,1.11223871,GMP
GGAGCATCTTCAGACAAG-1_larry1,-3.152669167,-5.8415119,GMP
GGAGCATCTTCTAGGATG-1_larry1,-2.450594401,2.303597753,GMP
AGCACACCTCTCGACTGC-1_larry1,1.74802413,-3.585783179,EryP
AGACATCCATATGCCTTC-1_larry1,-1.647760367,4.86982805,MPP4
CAGAAGTGAGGTGAGTTC-1_larry1,2.11096921,-2.26833504,MEP
TATCAGTGCACTTCGCAG-1_larry1,-5.163716531,2.37231714,GMP
GCTACCTTATGATCGGAA-1_larry1,1.822927141,3.457592552,MPP4
CGTACACACCGTCTGTCC-1_larry1,-1.229044533,6.370157545,GMP
GGACAGATTCAACCTGGT-1_larry1,-2.120761609,0.725354974,GMP
CCAATATACATCAGTCGA-1_larry1,0.550515236,-0.892501886,GMP
CGGTGTTACGTCTGAGCC-1_larry1,6.236200118,-3.067289765,EryP
GACGTTCAGAAGACTACC-1_larry1,-6.02718184,-4.300379927,pre/pro-B
GAGATGTATTAGTACGTA-1_larry1,-1.96936295,3.057013815,GMP
GTCCACAACTGCCATCTC-1_larry1,-2.98713181,3.692550247,GMP
TCGCCAAGCGCGACAACC-1_larry1,3.359677816,-3.546065743,EryP
TCGCATTCGGCCACATGG-1_larry1,2.786692405,-7.813028033,MEP
AACTCCATGCACTGTATC-1_larry1,-3.838103032,-2.150755341,GMP
GTCGTGTTACTGTGCTCA-1_larry1,-5.840138173,4.688116853,MPP4
GCTACCGAGTGACGGTTG-1_larry1,-2.050145364,-1.817838724,MPP3
ATCCAGCTGTACCGCGTT-1_larry1,0.992271835,-3.194966013,MEP
AGTCAGTTGTACAACACC-1_larry1,-6.356604314,-1.029610808,pre/pro-B
GGAGACACACCGCAACAC-1_larry1,-1.190710997,5.522070711,GMP
TCGCATTCGGCTAGCTCC-1_larry1,-7.533712601,-2.917571003,pre/pro-B
TGAACGGTTTTATCGCAC-1_larry1,-1.750963664,2.259829586,GMP
ATTGCGCTAGCGTTCAGA-1_larry1,-5.698117947,1.400085514,MPP4
CGTGGTACCCGCGATGTA-1_larry1,-2.530174947,0.024157261,MPP4
GTTCAGAAGCGGTGAGTC-1_larry1,-0.384417987,3.309672659,GMP
GGTCGGTCTGAGGTCCTT-1_larry1,-1.259656644,6.370767419,GMP
ATAATGTGGCACCTCAAC-1_larry1,4.055264259,-2.758464034,EryP
ACACATCTGTCCACGTGC-1_larry1,0.61701837,3.280014341,GMP
ATCATAGACCTTGCGACC-1_larry1,0.135588968,-0.880807812,GMP
GATGCGACGAGCAACATT-1_larry1,5.42741611,3.655867403,GMP
GAGTGCATATGATGGACA-1_larry1,-2.844015813,-5.855969603,GMP
CATCCGACAGCCAACAAT-1_larry1,2.04085722,3.495544975,MPP4
AGCTCGTCTAGAAGCTGC-1_larry1,6.255049491,-2.461772854,EryP
GTGGAGGTCTTCGCATCC-1_larry1,-2.971401429,1.683525865,GMP
CGTATTCCTTATCAGTGC-1_larry1,-2.947722888,-0.212172258,MPP3
ACCACGCTAGTGGATAAG-1_larry1,-4.647362447,2.76152951,GMP
TAGGTCAACATCTCTGCT-1_larry1,-6.227645612,-4.340544398,pre/pro-B
GACGCCGTAACGTTCAAT-1_larry1,-2.613723254,-5.662963087,MPP4
AACGATGACTTCGGAGTC-1_larry1,-1.475893712,-1.709723051,MEP
GTCAAGATCAGATGTTGG-1_larry1,-2.801792598,3.879068677,GMP
TTATCGCACATCAAGCAT-1_larry1,5.850377822,2.942951267,GMP
GTCTTATGCAGATGTTGG-1_larry1,4.776954913,-3.204850609,EryP
CTTGCGACCTGCCGAACT-1_larry1,-2.513511157,-3.195379193,MkP 1
CATACAACCCCTCATAAC-1_larry1,-2.310508227,2.668495958,GMP
GCTGACAGATGACCTATG-1_larry1,2.704602981,-3.752108271,EryP
CTGTTACCAATAGTCTCC-1_larry1,-1.433518624,6.505920236,GMP
TAGCGAGAATCGTACCTT-1_larry1,0.572758199,-1.228077288,GMP
ATCTCGTGAGAAGAGCAC-1_larry1,-2.793730235,2.342628782,GMP
CAATCATACCTTGCGACC-1_larry1,-2.303789592,1.916471784,GMP
GTCTACCAATGTGGACAA-1_larry1,4.533033872,-2.14134937,EryP
CAGATCATTGGTTGCTAT-1_larry1,-1.991574025,3.002283876,GMP
CGCTGTAGTATCCAATGA-1_larry1,3.369173074,0.172713136,EryP
TATGTACCTTAACACATC-1_larry1,-5.572480893,1.8425296,GMP
GTCTTATGCGAACCAGTT-1_larry1,-6.095012402,-4.271963532,pre/pro-B
CACGACTCAGCAGATCCG-1_larry1,-3.562967515,0.5190872,GMP
CCATGATGTGACACCGAT-1_larry1,-5.610406613,4.864446466,GMP
GTAACAGTCGTCTACCAA-1_larry1,-5.007569527,2.642324989,GMP
AGACTAGTACTTGGATCA-1_larry1,5.712835574,-2.836805518,EryP
TCCTATTCCAATAACTCC-1_larry1,-2.889095282,-0.446264024,GMP
AGATCGAGTAATCGTGTT-1_larry1,-3.140158152,1.142030542,GMP
TCCGATAACTAGGAGCTA-1_larry1,-5.702662682,1.322850292,MPP4
GCACAGTAAAATGCAGCG-1_larry1,-5.353531575,-2.002633746,pre/pro-B
TTGTAATGCACTGGTGCT-1_larry1,3.660723472,-2.996106083,EryP
GGACAGATTCATCCAGGA-1_larry1,5.90107038,-0.216379079,EryP
TCACTCGCTCCACTACCA-1_larry1,-3.014335608,2.798067396,GMP
AGTGATGCGGAACCAGTT-1_larry1,-0.490092373,6.096245592,MPP4
ATAAGACAGTCAGGTGCA-1_larry1,0.441685939,-1.945204313,HSC/MPP1
TTAAGTGGTACTGGTGCT-1_larry1,-1.407160497,5.097249334,GMP
GTGGATAAGGTCACTATG-1_larry1,4.69253614,3.717722242,GMP
CTACGTTGGTTCGCATCC-1_larry1,1.154736275,-3.284408982,MEP
AGTAGAGGAAACGCATTG-1_larry1,-5.144152379,2.297107046,GMP
CCTAGTCTCCGAACAATC-1_larry1,2.047729635,2.021856849,GMP
ACCATACTTTGTAGGTTA-1_larry1,0.332698846,-1.327106888,MPP4
GTATACAGAAGCACACCT-1_larry1,-6.071750378,-4.309504683,pre/pro-B
CTAACCGGTGTGCGTTCC-1_larry1,-3.562247491,0.364019339,GMP
GTGTATCTGTTCTGCCGA-1_larry1,-1.754004693,1.494707053,GMP
CAGTATGATTAATGTAGC-1_larry1,4.07368424,-3.664770539,EryP
CATAATTGGGTCGTTGCG-1_larry1,-1.369835114,2.029244726,GMP
AATTAGAGGATCTCGAAC-1_larry1,-3.035923219,3.579142397,GMP
GAGCACATTGTTCACTCC-1_larry1,5.443763042,0.119463449,MEP
TATGGTTGGGAGCACATT-1_larry1,-2.189712024,0.738181417,GMP
CTCGTGTCCCTCTGTCAA-1_larry1,5.836354041,2.716473644,GMP
GAGGTCACGTAGTAACGG-1_larry1,0.185500795,-1.124677594,MPP4
CTGTCACTTTCTAGCTGG-1_larry1,2.378280544,-5.588267977,MEP
ACCTTGAAGTCGTGACGT-1_larry1,-3.702111935,0.168608939,GMP
GACTATTGAACGTCGCTC-1_larry1,5.549782062,-0.229092176,EryP
CTCGCAAGAACCTTGAAG-1_larry1,-1.625396466,3.161040609,GMP
GTTAGAGACAGCTCTCCG-1_larry1,-1.566152072,-1.303288991,MPP4
TCTGTGAAGCCGTTAGAC-1_larry1,5.174080634,3.580390041,GMP
AAGTTCTCTGAACTGCAA-1_larry1,-4.339609837,2.332014148,GMP
GGTCCTAAGTCATATCGC-1_larry1,-5.836769795,-1.641356642,pre/pro-B
TGTAGATCGCACGTCATA-1_larry1,-1.347843146,-2.92547744,HSC/MPP1
TCCAGCAGCACATTCCAC-1_larry1,-6.519730782,-0.789443071,pre/pro-B
AATAGACGCGTAGAGAGC-1_larry1,-0.677764869,1.453370397,GMP
ACTACTCATTTGAGACGG-1_larry1,-4.952269769,-1.622566397,pre/pro-B
ATATTCGCAAACGCTCAA-1_larry2,-4.780256486,2.680613582,GMP
AGTAATCAGGTCCGCTCA-1_larry2,-2.039583182,0.96310467,GMP
GTGTTGGAAGACCAACAG-1_larry2,-2.582811332,0.972570007,GMP
TACTAGTAGCCTGTCGAC-1_larry2,-3.693199372,-2.164988453,GMP
TTCTCCACAATGCGCCGT-1_larry2,-2.946189618,1.229508941,GMP
CGAACAGAGGCTCTCCAA-1_larry2,-3.469825005,-6.113536532,GMP
GTCATTCTAAGCATTGTT-1_larry2,-3.607909417,-2.390447791,GMP
TTCTGAATGCTTGATCTA-1_larry2,-3.071657634,-5.921537573,GMP
GATTAGTGTTCGTACCTT-1_larry2,-6.302871442,-2.31654423,pre/pro-B
GAGTCTTCGCTGAGATAG-1_larry2,-5.609770989,4.971164529,GMP
GCCGAGTCTCCTGCGTTA-1_larry2,-3.548163152,0.256261234,GMP
ATGCGGATTATGACACAA-1_larry2,1.408798242,-4.412870104,MEP
TTCCTCGGTAGGTCACGT-1_larry2,-5.782779908,1.231023376,MPP4
GACGTCAATCTCAGCTGG-1_larry2,-0.73843131,2.128151958,GMP
CATCGCTGGAGGATCTCA-1_larry2,3.403625989,-3.605334217,EryP
TACAGTTAGTCTGCAACA-1_larry2,6.578165794,-1.886152441,MEP
TGCGTATCTGGACACTGG-1_larry2,4.595280671,-1.84009927,EryP
ATATTCGCACGTGAGACT-1_larry2,-5.020992493,2.356081789,GMP
ATAACGACAGACAATGTT-1_larry2,-5.035963273,2.665479724,GMP
CGTGGTACCTGTAGGTTA-1_larry2,-1.537482476,5.931539838,GMP
ACGCTCTTAGCCGAACCA-1_larry2,-5.760064339,-2.951776917,pre/pro-B
ATGATAGCTACTTAGCTT-1_larry2,-3.787376141,-2.329757388,GMP
GCTTCTGAACAAGTACGA-1_larry2,-0.610456085,1.786270921,GMP
GTAGCATACGCCGTTGTT-1_larry2,-2.909299588,3.798974817,GMP
CACTTCCTTTCTCCGCGT-1_larry2,-0.850594973,6.369026964,GMP
GCCGTGAACAACGCTCAA-1_larry2,-3.535306668,-5.978734667,GMP
CCTCGACCTCCGTTAGAC-1_larry2,-4.737794137,2.56895644,GMP
AGAGCGGAGAAGCTTGCA-1_larry2,5.654966617,-2.977391894,EryP
AATCAGGAGTGACCAAGT-1_larry2,-4.582687592,2.841244047,GMP
GTCAACTGAGCTGGTAAC-1_larry2,4.263889337,-2.87354439,EryP
ACACATCTGATTCGCTTA-1_larry2,-4.796339249,2.435581272,GMP
AGGATTACTTTCCTTGAC-1_larry2,-0.65686748,5.89489681,GMP
GGAATTGGACAGTCTAAC-1_larry2,-2.786318517,4.102137868,GMP
CTTCCGTGGCCGTTCCAA-1_larry2,-0.705096221,-6.496708567,EryP
AGTCGTCCGAGCATATGG-1_larry2,-6.324733949,-2.643308337,pre/pro-B
TAAGCACTACCTATTCAA-1_larry2,-2.809901929,-5.82979315,GMP
TGGTGCCTGACGTATGTC-1_larry2,-1.565225577,-2.621446783,MPP3
GATGCAGAAGAAGAGCAC-1_larry2,-0.523648953,-2.975308831,MPP2
CCACGCCATGTTCCAACA-1_larry2,-3.423323846,2.936756198,GMP
CGGTTCTATTCGGAACGA-1_larry2,-6.060476994,-1.0378316,pre/pro-B
GTCCTAGTTAGTGTCTCT-1_larry2,-7.590788102,-2.973989184,pre/pro-B
GGACACTGGCCGGTTGAG-1_larry2,4.006071353,-6.416222269,EryP
TAACACATCACGGTGTAC-1_larry2,-5.753164506,1.296408837,MPP4
TGAGGTCTCCCATCACGA-1_larry2,-1.404623961,5.985883539,GMP
ATCCACAGTGCGCATTAC-1_larry2,5.987956309,-0.310417843,EryP
TGGAGAACCTGGATAGGT-1_larry2,-1.519285893,6.057257478,GMP
TTCGGAGTCCTTCACTGT-1_larry2,2.144412303,-2.894383128,MEP
CTATTAAGGGTGGACTGG-1_larry2,-5.200910783,4.972160642,GMP
GTGGACTGGTGCCAGACG-1_larry2,-0.931508517,2.603148286,GMP
AAGAGAGAGGTCTACCAA-1_larry2,5.030416274,3.14799053,GMP
AATCTCCTATGCCATCTC-1_larry2,5.80550077,-0.378374073,EryP
AGGATGCGTATGCTCACC-1_larry2,-7.414390778,-2.922432358,pre/pro-B
GCCTGCATCCCAAGCGAG-1_larry2,-0.669277406,2.135998313,GMP
ATCACTTCCGCCGTCTTC-1_larry2,-2.992061114,0.259495502,MPP4
CATACGCAGCAGCTTCGA-1_larry2,3.100357557,-5.300981696,EryP
TCCTGAGACACTGGACCA-1_larry2,-1.268491959,5.93299896,GMP
GCGTGATACCATGGTTAC-1_larry2,2.454806352,-0.79799449,MEP
GTTGACCATCTTGTAACG-1_larry2,-3.795663571,-2.257814939,GMP
TATCACCTGGCTAGTGGA-1_larry2,-1.264903164,6.236999815,GMP
GTGCCATGATGGAGAACC-1_larry2,3.988477492,-6.483370001,EryP
GTGCACGAGTTACACCTT-1_larry2,-6.115840649,-4.265863831,pre/pro-B
CAGCAGTACTCTATGACA-1_larry2,-0.593752837,-2.784718449,MPP3
CTGCGATTCTGCCTGGTT-1_larry2,0.738552989,-0.347379195,GMP
GTGACTCTCTCTGCAACA-1_larry2,3.005872989,-1.196280117,MEP
TATGACCGAAGATGTTGG-1_larry2,-0.249020493,1.502726142,GMP
TGCCAGACGAACAGCAGT-1_larry2,3.736711764,-3.485192234,EryP
CCACATTAGGCTTACTAG-1_larry2,-3.381889081,-6.093512709,GMP
TCGTGACGTTAGTACGTA-1_larry2,3.587151313,-3.084636862,EryP
CTCTACGCAGAATCAACC-1_larry2,0.49504205,-0.287659889,GMP
TAGACCGCATCTAGCTGG-1_larry2,2.203321958,-2.360410387,MEP
ACAGAAGAGTGATGACAG-1_larry2,5.11132505,3.233093326,GMP
ACCAGCGTTTCGGATGTT-1_larry2,-0.182091868,6.207037752,MPP3
TCGGAACGAACTTCAGTA-1_larry2,5.555975223,2.752426689,GMP
GTAGAAGTTCCACCATGC-1_larry2,3.508749509,0.012691413,EryP
GACCAGAGACCTTAATTC-1_larry2,-1.236872172,6.246726816,GMP
TACCAGCCAATTGGTTCC-1_larry2,-3.816491341,-2.322256977,GMP
GTAGCCTTGTCGTGCCAC-1_larry2,-2.970498299,-6.199836428,GMP
AAGCTGAGGTGGATAGGT-1_larry2,-0.820152736,2.657971685,GMP
CAATCAAGTAGCACACCT-1_larry2,-3.543860173,0.394393509,GMP
ACTATTGTCAGTCGCCGA-1_larry2,4.222875619,0.344573801,EryP
CCGCAGAATAGTAGAGGA-1_larry2,-3.572913861,0.147716765,MPP4
CGATACTCTCATTATGTC-1_larry2,-0.786942577,-1.364677722,MPP3
ATGGAGAGTGAGAACAGG-1_larry2,-6.117811894,-4.29128855,pre/pro-B
AGTTCGATACTAGGTACT-1_larry2,-3.083268142,1.439184015,GMP
CACCTAGCGCGCCATTAC-1_larry2,-1.822094893,3.065994566,GMP
GAACGCTGTACGAATCGC-1_larry2,-3.220532155,-2.684600289,MEP
GGTAGCATCATCATGTTC-1_larry2,6.170565391,-2.810923273,EryP
ATATGTCCAATTCCTACG-1_larry2,4.148587489,-6.585318263,EryP
GACCTTGTGCCGCAACAC-1_larry2,1.431715214,3.924171274,GMP
CGATCCAGATTCTGCCGA-1_larry2,0.638948777,-0.06531025,GMP
GGAGTTAGCATCAGAAGC-1_larry2,-5.799459195,-3.019280608,pre/pro-B
CCGAATATGATCGATCCT-1_larry2,2.789188886,-5.308622057,EryP
GTTAGTCAAATAGCCTAA-1_larry2,1.652996683,-3.46002167,EryP
CGGAACGAGGATCTGAAT-1_larry2,2.934765363,-3.751406605,EryP
CATCCAGGATGGATAGGT-1_larry2,2.856562162,-2.910126622,EryP
TCGAACGCTATGCGGATT-1_larry2,-0.785622454,-2.571636374,MEP
ACCTAGTTAGCGGACGAA-1_larry2,-0.309147274,6.487600629,MPP3
CCTCTTGTATCATCATCT-1_larry2,-0.781205153,-6.350539381,EryP
AGAGCGGAGGGTACGAGC-1_larry2,0.589384416,-1.678039725,MPP3
TTCATCCAACATTCGAAT-1_larry2,5.810033107,0.213935201,EryP
CGGATTCTCACTTCGCAG-1_larry2,5.516611362,-0.334395147,EryP
GGATTCGTCAGCTACTCA-1_larry2,-3.253243422,1.001146619,GMP
GTCTCTTCAAGGTGCGAG-1_larry2,-5.827635026,4.773686235,MPP4
ATCCGACCACCAACGGAA-1_larry2,0.794184992,-0.667141015,GMP
CAACACTCCATCTCTGCT-1_larry2,2.426794315,-5.528111155,MEP
GATATATCCCCACGTTCT-1_larry2,-1.084209657,5.800746744,GMP
ATCATAGACAACGAGGTG-1_larry2,5.809590602,-0.224876921,EryP
CACCAGAAGAACGCTCAA-1_larry2,5.701512599,1.868089264,MEP
GAGCGACTCCTGCATGTT-1_larry2,-1.292320347,-2.256269987,MPP3
CAGCTTACCACGTGTAGT-1_larry2,-2.647181487,2.811780517,GMP
ATGTGACGACCAGTCTCA-1_larry2,-0.801073885,5.985987012,GMP
TCGTCATTCAATAACTCC-1_larry2,-0.540399647,2.848482912,GMP
CATAATTGGAGGTCAGCA-1_larry2,-2.839788651,1.721659725,GMP
TACATGCACAGGATTGAG-1_larry2,1.456831837,4.023423021,GMP
GCTTAGAACAGTCCAGTG-1_larry2,-5.220129227,2.239955967,GMP
GTGTCTGGAGCGTTCAGA-1_larry2,0.931433851,-4.155276472,MEP
TATCGAGCCTACGGTCGT-1_larry2,-3.102842545,-5.892466719,GMP
GTCTCCAGGTAATTCGTG-1_larry2,-0.177107012,6.32910425,MPP3
CGCTTGTAGTTCGCTGAG-1_larry2,-5.8479707,-2.321135933,pre/pro-B
TAGAGACTATACCAGCCA-1_larry2,-0.602540588,1.897130554,GMP
GCAGCTCTTGAGTGTGCC-1_larry2,1.519817078,4.050496404,GMP
GCGCTACCTCGTGCTTGA-1_larry2,6.368995452,-2.910543854,EryP
CTGTACGACTGAACGGTT-1_larry2,-2.051281667,1.79165179,GMP
AGGATTACTTCAGCGACC-1_larry2,-5.500878548,-1.794251974,MPP4
GGTTGCTATATAGTCAGT-1_larry2,-2.163630223,1.262949174,MEP
AGACTTCGTGAGCATACA-1_larry2,2.069627071,-5.599918063,MEP
CTATAGCTCCAATACCAC-1_larry2,-0.863355374,3.430217331,GMP
CGCCATTACCTACCTGCG-1_larry2,-6.660215592,-1.752689536,pre/pro-B
CATACAACCAGCTGCACT-1_larry2,5.303423667,2.858792608,GMP
CTTCTGAGTCACTGTATC-1_larry2,3.692642236,-3.749257977,EryP
TGCTCAGCGTGCCATCTC-1_larry2,-5.317295766,2.246838157,GMP
TTGTTAGAGTTCACTCCT-1_larry2,-6.489980435,-0.59024405,pre/pro-B
CCTATTGGTTATCCTCAG-1_larry2,-2.52347157,2.481912677,GMP
GCGTATAGGAAGCTGAGG-1_larry2,-5.30672667,2.073956792,GMP
CGCATCTACTCTCGATGC-1_larry2,-2.012195802,0.450193946,GMP
TTAGATCGGCCAATATAC-1_larry2,1.462693179,-1.345165427,MPP3
CTGATCCGAGATCGATAC-1_larry2,2.837700391,-5.633743937,EryP
AGGTACCAAACGTCGCTC-1_larry2,-2.360659337,1.898446148,GMP
CTTAGAAGGGAGCCGTTA-1_larry2,5.625286842,3.070477312,GMP
CAAGCTGCATGCTATGAA-1_larry2,-6.052708363,-4.482875998,pre/pro-B
AGACGGAGGTTACGCTCG-1_larry2,-2.147080397,2.62198097,GMP
CTAGACATGATAGTCTCC-1_larry2,2.952467227,-7.693156893,EryP
TGAGTGACTAGCACACCT-1_larry2,-6.04796431,-2.178643877,pre/pro-B
CTTCACTGTCGACAGGAA-1_larry2,-5.576127267,-2.308745081,pre/pro-B
ACGAATCGCTATGCCTTC-1_larry2,4.204154992,-1.348366315,EryP
CAGCCGCAACCAGCCAAT-1_larry2,-4.763054585,2.676889246,GMP
TCGTCCGATAGTCGTCCG-1_larry2,-1.998471951,2.765440052,GMP
TTACCTCTCAGTCCAGTG-1_larry2,5.299363876,-2.190586622,EryP
TACGACTTGTGCAACTCT-1_larry2,2.344333315,-3.651777441,MEP
GCGACACAGTGCTGCGTC-1_larry2,1.217749143,-3.174562628,MEP
TACCTCCTCTAGTAGTCT-1_larry2,-5.8152282,-2.313194687,pre/pro-B
AATACCTTGAATAGACGC-1_larry2,5.915512824,1.138241236,MEP
AATCGCCATCTTATCTCA-1_larry2,-1.407998299,3.110789125,GMP
TGCCGCTACATCTCGAAC-1_larry2,-2.973180032,4.153658693,GMP
GAGATTCCTCTCGACGAT-1_larry2,-1.46723125,2.388431852,GMP
AATCCTCGTTGTGTCTAC-1_larry2,-2.626826501,2.182772939,GMP
GGATAGTCAATCCGGTCC-1_larry2,-6.551829076,-0.635534341,pre/pro-B
TAGTAACGGTCCACGTGC-1_larry2,-1.41396091,6.027292078,GMP
ATATAGCGTGAGGTCACG-1_larry2,-1.437168336,-0.786818023,MPP4
TATTACTCGACTTGATCT-1_larry2,-1.670884347,5.111196821,GMP
GATCCGCACTTCACTGGA-1_larry2,5.430070663,3.21986181,GMP
CTTATTGAGAATTCGGAA-1_larry2,-6.394119,-0.282560999,MPP4
AATACCTTGCCGCAGAAT-1_larry2,2.525214458,-3.689625914,MEP
GTCAGACCGACGTAGTAT-1_larry2,-5.43014214,4.910036867,GMP
CTTCACTGTTCAATCTAG-1_larry2,2.304530287,-3.17413419,MEP
ATGGAGAGTTTCACTCCT-1_larry2,6.597594524,-2.002050931,MEP
ATGTGAGACTACGGTCGT-1_larry2,6.051207328,0.595600133,MEP
CCTAGCAATCCGCAGCTA-1_larry2,5.129369044,3.260841672,GMP
TCCACCGGTAGAGGTGAA-1_larry2,-0.613322711,-2.585952933,MPP3
CACCTCGGAATGAGGTAT-1_larry2,1.897311711,1.879833763,GMP
AGCCGGATCCAATCTCCG-1_larry2,-5.912974095,-4.338387663,pre/pro-B
AGAAGTCCTATCACTTCC-1_larry2,5.085054183,3.571795051,GMP
CCACATTAGGCCGTGAAC-1_larry2,-0.434626794,4.097728555,GMP
ACATGACTATCGTAATAG-1_larry2,-2.818615889,3.822567766,MEP
CCGCATCCTCTTCCGTGG-1_larry2,-2.111406779,2.415140693,GMP
AAGAGAACTAACGTTCTT-1_larry2,1.465549374,3.938287561,GMP
ATAACGACAGATGCAGAA-1_larry2,-1.432027316,2.759351556,GMP
TTACGGACCGTCAGCGTC-1_larry2,-1.239483332,-0.127469788,MPP4
TACACGGTCAGTCCGTGT-1_larry2,0.996994907,3.963981931,GMP
GATAGTTCTCTTAACAGC-1_larry2,5.919273639,1.469710295,MEP
TGCCATCTCTGTACACGA-1_larry2,-1.295079803,5.174068277,GMP
CAAGAGGAGATATTCGCA-1_larry2,-2.680108285,-1.238936479,MPP4
TCTTAAGTGAATTGGTGA-1_larry2,5.594312453,-1.993140991,GMP
CTCTTCAGCGTCGTGTTA-1_larry2,2.893913531,-5.4361183,EryP
TCAAGCGTATATCTGTCA-1_larry2,-2.757691121,-2.417059357,GMP
AGCGACACCACTGCTAGT-1_larry2,-1.168883419,5.139022653,GMP
TGTAGGTTACTAGTTCCA-1_larry2,-2.648929095,2.166966026,GMP
GTCAATACATCGATTCAG-1_larry2,-1.823391652,-0.554588879,GMP
AAGCTTGCAGTACAATGC-1_larry2,-2.006969905,2.33259589,GMP
CCATTACAGGTCGCAGGT-1_larry2,4.207666421,-3.317498619,EryP
AGTAATGGTTGTGCCATG-1_larry2,0.811859468,-0.084935288,GMP
TTCCTCGGTTACGGTCGT-1_larry2,5.033975387,3.717904394,GMP
TCGCCAAGCGTGCACGAG-1_larry2,5.533110404,1.788080757,MPP3
TTATGAGGACTAGAGTCG-1_larry2,6.036633277,0.629634445,MEP
GATGCGACGTTGGACTTC-1_larry2,2.23021009,-5.626847918,MEP
TCCACCTCAGCTCCTAGC-1_larry2,-0.615431285,-6.44895571,EryP
CGGAACGAGTCGTCATTC-1_larry2,-2.496593213,3.857053106,GMP
TAGTTGACGATCCGGTCC-1_larry2,-0.562665677,-6.39345711,EryP
AATCTCCTACGTATTCCT-1_larry2,5.156063342,3.467028444,GMP
AGTCGCCGACTGTACGAC-1_larry2,2.865218902,-7.786748583,EryP
AGCGCATGAACTCTCACA-1_larry2,-2.417757487,-6.098691161,MPP3
CACAATAACACGTAGTAT-1_larry2,-2.242802596,-5.814174826,MPP3
GAGATGTATTGTAGCAAG-1_larry2,2.983782077,-5.354396517,EryP
AACTGCGACCGAGTAGCA-1_larry2,3.787625098,-3.75164717,EryP
CGACCTGTAAATGCTGAT-1_larry2,-5.868073201,-1.675115759,pre/pro-B
CGTGAGACTTTAGCGTCT-1_larry2,-6.21097157,-4.167608912,pre/pro-B
CCATGATGTTGAGTGACT-1_larry2,3.552836442,-2.234552915,EryP
ACTTCAGTAGCAGATCCG-1_larry2,-2.865057921,4.067490881,GMP
TAGCACACGTAGACCATG-1_larry2,-1.34562633,5.047495191,GMP
CATATGTCGCGGTAGCTT-1_larry2,0.421194637,-0.179296444,GMP
CTCAGCTGGAATTAGAGG-1_larry2,-5.701202607,1.421591108,MPP4
GAGGACTTAAACACACTC-1_larry2,1.609455788,-0.812949712,MPP3
CTGGACTAAGTAGTGGAG-1_larry2,0.82445077,-1.626782234,MPP3
ATCTACATCAGGTCCGTC-1_larry2,-1.327267742,2.356237238,GMP
AGTCGCGACTGATCGGAA-1_larry2,-2.2092695,2.815532749,GMP
ATCGATCCTGGAACTGCT-1_larry2,5.366690898,-0.617309804,EryP
CAACCGGTCGGATCGTTC-1_larry2,5.721184516,-3.117849524,EryP
TATAATCGCGGTTGCTAT-1_larry2,4.811915183,3.403765981,GMP
GACGCCGTAGACACGCAA-1_larry2,-6.063388562,-4.352172549,pre/pro-B
AGACATCCAACAGCGGTC-1_larry2,-1.019246435,-3.328400309,HSC/MPP1
CTAGACATGCTTAATCGT-1_larry2,6.376481795,-3.064418013,EryP
GCCTAACGGGCTCTGTGT-1_larry2,3.007555747,-5.326148684,EryP
GAACTGCAATCCTTCGTA-1_larry2,-0.847287988,2.795186107,GMP
ACTCACGAACCGTTAGAC-1_larry2,0.022475624,2.932288234,GMP
ATCTGCGTACCTTAATTC-1_larry2,-2.994921422,-5.898603136,GMP
TATTCAACGGGAGTTAGC-1_larry2,5.30311563,3.668371742,GMP
TGGAACTAATCGTCATTC-1_larry2,-2.682337975,1.210658853,GMP
AGGTCCGTCGGTGATAGG-1_larry2,6.157084727,-2.813511546,EryP
GACATATGTGCTATGTAA-1_larry2,5.871909881,-0.337267372,EryP
TTGTCAACCGGAAGAAGC-1_larry2,-3.134386277,1.473409836,GMP
ACTCTAGGATCATATCGC-1_larry2,-5.772756314,1.399424379,MPP3
TAGGTCAACGGAGCATCT-1_larry2,5.726227069,0.403921132,MEP
CAGATCATTCGCGATGTA-1_larry2,2.676355624,-5.484906371,MEP
GTGACGTAAAAGCAACTA-1_larry2,-5.884244656,1.12718219,MPP3
GCCGCTATCAGATACGTT-1_larry2,-2.90941832,-6.267654116,GMP
CCAATGCCTTTCACTGGA-1_larry2,-1.191226339,6.149121111,GMP
GCCGCTATCGTCAGCGTC-1_larry2,4.056097293,0.345301991,MEP
GTCTACCAAACTTCGCAG-1_larry2,-6.01680634,-4.31271189,pre/pro-B
GTAGCTACAGGTCCTAAG-1_larry2,5.372716212,3.599508588,GMP
CCTCCAATCGTTAATTCG-1_larry2,-1.341303086,-1.121902699,MEP
GACGCTTGCCTAACACTG-1_larry2,0.668453076,-0.218475262,GMP
GTCTCCAGGACACATCTG-1_larry2,-2.710108733,2.04697377,GMP
AGGTACCAATTATCCAAG-1_larry2,-2.356940007,0.286706035,GMP
GCTAGCTCCCACGATAGA-1_larry2,-2.145332789,-0.051689218,MPP4
ACATCGTCCACTCCAACT-1_larry2,3.376913095,-1.35501426,EryP
CAGGATCAATCAGGTGCA-1_larry2,-0.89953289,2.55554754,GMP
GATTAGACAGGTAAGGAT-1_larry2,-7.597200608,-3.068323548,pre/pro-B
CTGTACGACCACGTAGAC-1_larry2,-5.687155461,-2.359492714,pre/pro-B
GCCTAACGGCAATACCAC-1_larry2,6.036996627,-0.123981098,EryP
TCTTAAGTGCATGACGTT-1_larry2,-0.438974237,-1.62922054,MPP3
TATACGGATCAGATCATT-1_larry2,-0.14127121,-3.108927424,HSC/MPP1
ATCTCTGCTAGGTCCGTC-1_larry2,-0.010375297,3.154592817,GMP
CTCTAAGAGTACAAGAGG-1_larry2,5.459222102,3.106106584,GMP
GATCGCACTTCCTGAGAC-1_larry2,-5.326618886,5.150366132,GMP
TCGGATGTTTAGCGCAGC-1_larry2,-3.6993191,-2.23021024,GMP
ACTCTGCTCCGCTTGTAG-1_larry2,1.35687592,1.635674183,GMP
TAGTCAGACAACTTAGCT-1_larry2,-6.08292315,-2.065860207,MPP4
CCTATTCAATATTCAACG-1_larry2,-0.555563307,-6.473557169,EryP
ATCTCGAACAGACCACGC-1_larry2,-3.443250394,0.42589206,GMP
CGACCTGTATGACCTATG-1_larry2,5.082810188,3.404670541,GMP
GCGAGTCTAGTCTGACGT-1_larry2,-3.517519212,2.926691835,GMP
TACGTTACCTCATCTGTC-1_larry2,-2.263185477,-2.332194264,MPP3
GTGAACCACGGTAACTAC-1_larry2,-5.468148923,1.761982744,GMP
TCCTTAGGTTCAAGGAGT-1_larry2,-1.461363768,-2.895582135,HSC/MPP1
ATCCGTCTCGCATACATG-1_larry2,-5.446202969,-2.218212182,pre/pro-B
AACGCATTGCTGACGATG-1_larry2,4.250266814,-3.492413695,EryP
CAGCGTAAGTAGTACGTA-1_larry2,4.505730653,-1.907226021,EryP
TCCGTATACAGCCAGGAC-1_larry2,3.852098012,-2.823872979,EryP
CGGTGTTACCTCCTATCT-1_larry2,4.950145984,3.411233251,GMP
GTGACGTAATAGTGATCC-1_larry2,5.855346465,1.04372329,MEP
CTTCTCATCTCCGGAGCT-1_larry2,-3.020452952,4.065719907,GMP
TCTGGAGGAGTACGCGAT-1_larry2,-5.404750085,4.982898061,GMP
CGACCATCATTCTGGTGC-1_larry2,-2.769009566,4.147565191,GMP
AGTCTAAGCACAGAGATG-1_larry2,-3.624667382,-2.415501769,GMP
GGATGCTCGTTCACTGGA-1_larry2,-0.145301676,3.121660535,GMP
TGCTTACGGAGTAATCAG-1_larry2,4.514799619,-1.968350346,EryP
CAATCTCCGTCGATTCAG-1_larry2,-5.536879277,-2.144543106,pre/pro-B
TCAGAGCGTCCATAATCG-1_larry2,-2.633893466,4.007804697,GMP
GGAACTGCTACGCTATGT-1_larry2,-6.074510789,-4.367703135,pre/pro-B
CAATACCACTACCTATCC-1_larry2,6.204579139,-3.069433863,EryP
ACCTTGAAGGCGATATGA-1_larry2,-2.118125415,3.054561441,GMP
CCAGCCAATCTCTCGATA-1_larry2,0.945540273,-0.656084205,GMP
CAGCTCTTCGAGCCGTTA-1_larry2,-5.598702645,4.885934656,GMP
AGCGCATGAAGCCAGGAC-1_larry2,0.801958823,-3.092934544,MPP3
TCAGAGTCATGTGAGTAT-1_larry2,-1.392791486,4.637697523,GMP
TCTCGTATCCCGGTTCTA-1_larry2,0.812345678,-0.849676068,GMP
CTCTTCAGCACAACCGGA-1_larry2,-1.170427775,0.790166085,GMP
CCGTTCCAACACACTGCC-1_larry2,-2.138011908,3.364878957,GMP
GCGAGTCTACACCAGAAG-1_larry2,-2.086982226,1.947516506,GMP
AGTTATCGCTACTAGTAG-1_larry2,5.762062812,-0.088730628,EryP
GACCGTAGTACTATCCTG-1_larry2,-3.277232146,-2.544358189,MPP4
GCGTATAGGTCACTACGT-1_larry2,-2.676175809,3.963534658,GMP
GAGCTCTCACGTCTGCTG-1_larry2,0.356677377,-1.711973603,MPP3
CGAAGAGGTCATCCTCTC-1_larry2,-6.056168294,-4.36937588,pre/pro-B
TCCTATTCCTTCCAGATT-1_larry2,-5.462534642,4.995255296,GMP
CTCGTCTTGCAAGCTGCA-1_larry2,0.577522287,3.413731163,GMP
GCAGCGATAATTGGTTCC-1_larry2,-0.359651184,-3.025640185,HSC/MPP1
GTAGTGGAGTGGTTATAC-1_larry2,5.84254911,1.547766154,MEP
CGTGCAAGGCTCGCAAGA-1_larry2,-1.226156092,6.238131349,GMP
TGAAGACCAAGAAGCTGC-1_larry2,-0.579100346,-3.586779053,MPP3
ATGACACAAGACTGCGCA-1_larry2,-6.537407613,-0.556035663,pre/pro-B
AGTCGTCCGTATTGACTG-1_larry2,-1.064617133,0.65000916,GMP
AGCCTCTAGACCATGTCT-1_larry2,-5.445037103,1.8642152,MPP4
GGTCGGATAGCCGAACCA-1_larry2,6.074386382,-2.633627112,EryP
GTTAGAGACCGGAATGCA-1_larry2,-2.288704848,-0.517545442,MPP4
GACGTGGTCATAGTCTCC-1_larry2,5.779493594,0.581697826,MEP
CGTAATGACCCGTCAGGT-1_larry2,6.268316531,-2.940654213,EryP
TCCAATCATGAACCTTCA-1_larry2,1.331822598,-3.375830586,MEP
AGAGGACGTGCCGTGAAC-1_larry2,-2.95003221,3.973109548,GMP
GTTGCTCAGCGTACATCT-1_larry2,5.372513557,2.703138654,GMP
TGAGAGGACTACTGATGA-1_larry2,-2.374308562,-5.875339682,MPP4
AAGACTGGTCTGTTACCA-1_larry2,-2.65982244,1.248954122,GMP
ATCATTACGAACGGTAGC-1_larry2,-4.960595345,2.604980533,GMP
AAGTCATGAAGGAGCAAT-1_larry2,-0.510308719,-3.133257086,HSC/MPP1
AGCATTGTTCAAGGTGTG-1_larry2,-1.680733418,2.201883857,GMP
ACAGAGATGTTATCCAAG-1_larry2,-2.608044839,1.141911929,GMP
CTTAGGACTATTGGTTCC-1_larry2,-2.304417109,0.135794615,MPP4
CTTCACTGTTCCTCGTCG-1_larry2,-6.088701939,-4.182071621,pre/pro-B
CAGTGCTGCCGTTACACC-1_larry2,-1.11701796,5.213449781,GMP
ATTCCGTACCATCCAGGA-1_larry2,-0.612133002,-6.363234694,EryP
ATCTCGAACCCTTCCTCA-1_larry2,6.566492343,-2.080395276,MEP
ACCGAGACACCATCTAGG-1_larry2,-5.26571486,2.184598033,GMP
CCTCTGCATTTGCCAGAT-1_larry2,-0.821044421,5.88903219,GMP
CTGTCTAGTGATGCTCCT-1_larry2,-0.864073849,3.742248838,GMP
ACTCTGCTCGACTCTGGT-1_larry2,5.875829005,-0.07817247,EryP
CGCGAGTGTCGAACAATC-1_larry2,-1.116336083,2.922572677,GMP
GTTGCTCAGGCATGTAAG-1_larry2,-7.454572892,-2.828410323,pre/pro-B
TATGGTTGGATTGATTGG-1_larry2,-6.030993676,-4.493139441,pre/pro-B
TACTTCCAGACCATGTCT-1_larry2,5.91831615,0.930912082,MEP
AATCGCCATTCAGACAAG-1_larry2,-0.510665274,4.045750921,GMP
CTCTAAGAGCTGCGTCAC-1_larry2,-7.238589978,-2.970606263,pre/pro-B
AGCTTGGTGAGAAGCTGC-1_larry2,5.788538718,-0.219984042,EryP
CTACGGTATACGTATGTC-1_larry2,5.451136375,3.10967881,GMP
CCTGTTAGCGCAGCAGTG-1_larry2,-0.678345418,3.153912132,GMP
ACGACGATTCCTAGTCTC-1_larry2,-1.014145946,6.161816423,GMP
AAGCCAAGTATCTAGGTT-1_larry2,2.044161105,-2.318494255,MEP
AGAGCGCGAAATCGTGTT-1_larry2,0.377276474,3.129756754,GMP
GGATAATACGAATTGTTG-1_larry2,-0.519334888,-6.403748209,EryP
CGCTTATGAGGATTACGC-1_larry2,-2.362953877,-3.019856865,MkP 1
TGCAGTTCAAGGTATTCC-1_larry2,0.36471566,-2.889596159,MEP
GCAGCGATATTGCCGTAG-1_larry2,-1.465943074,-0.179086725,MPP4
CTGGTAATCACAATTCGG-1_larry2,-5.38137505,-2.04233032,pre/pro-B
GATACCGGAGGTTAACAG-1_larry2,-6.445482945,-0.964873011,pre/pro-B
ACTCCAACTCTTCCGTGG-1_larry2,-1.446892476,0.041711484,GMP
TAGCACTATCAATGTGCT-1_larry2,-2.925689196,-4.003208334,MkP 2
CACTGCTTATAATTCGTG-1_larry2,1.404124105,-1.315192754,MPP3
GCATACTCCACGTAGTAT-1_larry2,4.090243125,-6.492171462,EryP
TGAGCAGATCGTGTATTC-1_larry2,-5.300850129,5.095895593,GMP
ATGTGACGATGCCGCTAC-1_larry2,4.880049014,3.364082878,GMP
CTAGTCGTCCAGCAGTAC-1_larry2,5.9289253,-0.192185017,EryP
ATGGACGTTTCACGCGAC-1_larry2,4.125704312,-2.654885704,EryP
CTTGGATCATAACCGTGA-1_larry2,-1.341510749,-1.441911633,MPP3
TTACGGACCTCTGCGCTG-1_larry2,-6.288315987,-2.48708504,pre/pro-B
CAGCTCTTCCACGTAGAC-1_larry2,4.044560695,-6.316164668,EryP
CTCTCGATACAAGTCACT-1_larry2,-6.130562043,-4.433173354,pre/pro-B
CCACTGAAGAGGTCACGT-1_larry2,-1.24911592,5.909837072,GMP
TGGACGAGATACACGGTC-1_larry2,2.791468406,-1.583312924,MEP
TTCAGTGCCTTATCCAAG-1_larry2,-1.907863831,3.355896061,GMP
GGAGTACAGCGTGACCAG-1_larry2,-0.919481134,5.839844053,GMP
ATCAGGATGTGTACACGA-1_larry2,-1.183987474,1.188865845,GMP
AAGGAACAGCTTCGTGCA-1_larry2,-1.391367173,0.458771114,GMP
AGTGGAATGAACGTTCTT-1_larry2,3.53101995,-3.2232179,EryP
AGCTTGGTGACGGTGCCT-1_larry2,-5.395161366,1.854347055,GMP
GGTCCTAAGGGTGTTCAT-1_larry2,5.192082191,3.513923709,GMP
ACATCGTCCAGATCTGAC-1_larry2,-1.464604831,5.393151109,GMP
CCGTAGTTGTTAACGTTC-1_larry2,-0.926289534,2.998907869,GMP
CTCGTCTTGTCAAGCGTA-1_larry2,-0.732423043,-6.33631819,EryP
CTGATGCACCTACGGTAT-1_larry2,3.387353444,-3.378419096,EryP
CGTGCCTATTAAGCACTA-1_larry2,-2.451322532,-0.141147728,MPP4
TCGTGACGTCTCGTGTCC-1_larry2,-5.650893426,1.445858781,MPP4
CTGTAGAAGCCGATACCG-1_larry2,1.498927438,3.94855911,GMP
GCGGTAAGTAAGCATTGC-1_larry2,3.566827321,-3.421239312,EryP
GCTACCTTACATGTGAAC-1_larry2,5.993444705,0.895101135,MEP
GTACCTAACACTACTCAT-1_larry2,-3.139355635,-6.01205414,GMP
GAATTCAGTAGCCTCTAG-1_larry2,-0.899973607,3.13778836,GMP
ACGACATCTAATACCTTG-1_larry2,-2.513429856,1.730363433,GMP
ATGCAGTTCCGCTGTAGT-1_larry2,-1.694331622,1.90979511,GMP
GGATAATACCACATTCTG-1_larry2,3.230144763,-5.184436972,EryP
CCTAGCAATATCGATCCT-1_larry2,-1.950318312,3.151713913,GMP
GCACAGTAATATGAAGAC-1_larry2,2.73028853,-2.362374003,EryP
TGATCGGAAAGAGCGCGA-1_larry2,2.819201732,-4.085333283,EryP
TAGTAACGGCAATCATAC-1_larry2,-1.751478648,5.390755956,GMP
CCTTGACGGACTGTAATC-1_larry2,-0.988894558,3.177951162,GMP
CAAGCCTCGATGAACTAG-1_larry2,-2.372854209,2.575877016,GMP
GGAATTGGATCCAGCTAT-1_larry2,6.25185802,0.022970622,EryP
CCACATTAGTCTCAGGAT-1_larry2,2.785308385,-5.485150988,EryP
ATGTGACGAATCTGGTAG-1_larry2,3.976369167,-2.814513142,EryP
GCGAACTCGAGTAATCAG-1_larry2,-5.430881715,-4.593615706,GMP
CTGAGATAGAGAAGCTGC-1_larry2,2.908245111,-7.717839415,EryP
AGTATGACGGGAAGAAGC-1_larry2,3.780873561,-3.750592406,EryP
GAAGGATCATATGTATGC-1_larry2,-2.204022384,-0.176811266,MPP4
CCGCAGAATCACTAGACT-1_larry2,-6.528753972,-0.611517931,pre/pro-B
TCTACATCCTATTCAACG-1_larry2,-5.885027623,4.647267168,MPP4
TCAATGGACATCCATTAG-1_larry2,-1.303328848,0.417743688,GMP
CGCATCTACTGACCTCCT-1_larry2,-0.577060675,2.537407701,GMP
GAAGTGTGAAACGAGGTG-1_larry2,-5.384234643,1.701307719,GMP
TTATGAGGAGACACCGAT-1_larry2,-2.085407948,2.72439081,GMP
TAACTCCGATCACGCGAC-1_larry2,-2.199233746,2.061258857,GMP
GGTCCTAAGGCTCTCCAA-1_larry2,6.109023357,-0.324801544,EryP
AACGCTCAAGCCTTAGAG-1_larry2,-3.297301745,-6.331320937,GMP
TTCATCCAAATCATGTTC-1_larry2,-2.400286174,0.023551529,GMP
AGCTGCACTCTAGAGTCG-1_larry2,-0.387882209,-2.337615426,MPP3
TATGCCTTCGCTCAGCCA-1_larry2,-3.361395097,2.626929109,GMP
GATACCGGACCACCATGC-1_larry2,-6.649688458,-0.744990493,pre/pro-B
GTTATCGATGTGCATCAA-1_larry2,6.189270759,-2.1973682,MEP
GCACCATCGATGAACTAG-1_larry2,3.785994077,-6.324494536,MEP
CCAGTACTCAATATCAGC-1_larry2,-1.032828426,-6.302882845,MEP
AAGTTCTCTCCTTCCTCA-1_larry2,5.11298635,2.802394931,GMP
GGTTAACAGAGGTCACGT-1_larry2,1.324196124,3.802267854,GMP
TCTAGTGACCAATCTCCG-1_larry2,-4.561944699,2.690937584,GMP
TACGTTGGATAGGAGCTA-1_larry2,0.818959692,-0.013237233,GMP
AGTAACGTATCGTCCGAT-1_larry2,-0.421407318,2.975515192,GMP
CGTCATGGAGCACATGTT-1_larry2,-6.313595509,-1.999737556,pre/pro-B
ATCTCGAACACCGATCGA-1_larry2,5.983115935,-2.653923209,EryP
AATACTCCGCCATATCTT-1_larry2,-1.839878297,3.088247125,GMP
TTCCTAAGGGCTTGGTTC-1_larry2,6.271039748,-2.95081013,EryP
AGATACGTTTTCTGAATG-1_larry2,-2.38705275,-5.576392825,MPP4
CTGTCTAGTATGCCTGTC-1_larry2,-2.153487658,1.049139326,GMP
TGTCCATAGCCAACGGAA-1_larry2,-1.922914243,3.364875143,GMP
GAGGACTTATGCTCACAC-1_larry2,-7.577759003,-2.807416375,pre/pro-B
CGCTTGTAGAATGCTATC-1_larry2,-1.022117948,-2.331930573,MPP3
CCGACGTCAAGCCAGGAC-1_larry2,1.651821518,-3.60372966,EryP
TGATCGGAACGTATCGAA-1_larry2,2.439221168,-5.621564562,MEP
TCGGATGTTTCCGTATAC-1_larry2,-0.988130784,6.108104532,GMP
AGCCACTTCCAACGCACA-1_larry2,-1.688627219,0.776455467,GMP
CACTAGACTTAGGTTAGT-1_larry2,-1.629902577,3.08293802,GMP
TCAGCGACCGTGACGTAA-1_larry2,1.337504888,4.132063692,GMP
ATCACTTCCGATAAGCTG-1_larry2,2.046034241,-3.614933426,MEP
ACCATCTAACGATTGAAC-1_larry2,-5.446264958,-2.224618847,pre/pro-B
GTCAAGATCCTCTGCAAG-1_larry2,-5.297239041,-2.177911694,pre/pro-B
AGCAGACAACACAATAAC-1_larry2,-3.17320106,1.122401898,GMP
CGCCTGCAAGACTTGATT-1_larry2,2.971554542,-7.698613818,EryP
TTAGATCGGGAACTCGTA-1_larry2,0.726685377,3.945372884,MPP3
GCTCTCCAATTGATCGTA-1_larry2,-6.208461022,-2.1670348,pre/pro-B
CTGACAGCACAACTCCAG-1_larry2,-2.501799321,-0.893867488,MPP4
AGCGCATGACGGAACGAG-1_larry2,-7.530479646,-3.003503735,pre/pro-B
GGATGCGAACCATGCGTC-1_larry2,-1.424972749,-1.917644913,MPP3
CACATGTGCTCTAGGATG-1_larry2,0.019374156,2.387018745,GMP
TATGACCGAGAACTATGG-1_larry2,3.508107925,0.042963927,EryP
GCGTAACAAAACAGCAGT-1_larry2,-5.893581128,-4.101874287,pre/pro-B
GTAATCAGCTGTCTACAC-1_larry2,2.084483528,1.955140655,GMP
TTCACTGGAAGCTCTCCG-1_larry2,-1.142007208,-0.463505815,GMP
CGTGTATTCACTCGAGTC-1_larry2,0.552615719,-0.668094004,GMP
GGTACGAGCGCCGCCTAA-1_larry2,-5.840653157,4.670607393,MPP4
GGTTAACAGTAGTTGACG-1_larry2,-6.03661797,-4.439851458,pre/pro-B
TCAACACTCCTCCTGACG-1_larry2,-6.248209214,-2.370998795,pre/pro-B
CCTCTTGTATCGTGCCAC-1_larry2,2.155273223,-3.106249983,MEP
GTTAGTCAAACGCGTGAC-1_larry2,-1.147160506,3.351815288,GMP
CACACTGCCGGAGTTAGC-1_larry2,5.818452144,-0.161098565,EryP
TAGCAGAGTTCAAGGAGT-1_larry2,-5.333424306,1.835179632,GMP
CTATTCCGTAGGTACCAA-1_larry2,5.686692023,-0.412986959,EryP
CTGAGTCCACTGCGATTC-1_larry2,5.162338519,2.990791862,GMP
CAGTTGAGTTTCGGAGTC-1_larry2,5.875932479,1.580282514,MEP
AGCAACATTAAGCATTGC-1_larry2,-1.450911021,3.621569221,GMP
CTCCTATCTGTCAATACA-1_larry2,3.036408925,-3.143262322,EryP
ATCTGCGTATCGTCCGAT-1_larry2,-1.306657529,6.366158311,GMP
TAGTCAGACACGTCGCTC-1_larry2,5.760924125,2.804116314,GMP
GTCAGACCGATTCACCTC-1_larry2,-0.5998703,1.957733696,GMP
CTGAGGTTAAGCTACTCA-1_larry2,5.861681724,-2.533465083,EryP
CCGCTATCCAACAACCTA-1_larry2,-2.869371629,1.942630117,GMP
TCCAGCTATGCATTGATC-1_larry2,4.417997861,-2.185425098,EryP
ACAGAGATGCAGCTTCGA-1_larry2,1.326123381,3.857945268,GMP
CTGACGGATTAGATCTGT-1_larry2,1.610518718,-4.465453322,EryP
TCGAATAGACAAGTACGA-1_larry2,-7.511059022,-2.94748276,pre/pro-B
TGATACCGTAATTGGTGA-1_larry2,-0.31661365,1.482523029,GMP
CGCACTGAAGAGTCCAAT-1_larry2,-6.095802998,-4.332704241,pre/pro-B
TACTAGTAGTACTCGACC-1_larry2,-2.252815938,1.427707021,GMP
CCTCGACCTATCCACAGT-1_larry2,-1.007210588,5.852703397,GMP
CCTCTGCATCGTTGATCC-1_larry2,3.598347688,-2.807768757,EryP
TCAGGTGCACCTCTTGTA-1_larry2,5.428882384,2.387590473,MPP4
CCGCACTCAAGTACGAAT-1_larry2,-6.105455136,-4.31659239,pre/pro-B
CTCAGTGATATGCGGATT-1_larry2,4.30516603,-2.214153464,EryP
CCATATCTTTGACGGTTG-1_larry2,-6.603010392,-1.940755303,pre/pro-B
GCTAGTGGAGTAACCATA-1_larry2,-1.393093562,-2.209928687,MEP
CGATAGGTGCATCCACCG-1_larry2,5.862661147,-0.080465282,EryP
ACCTAGCACCGGTGTTAC-1_larry2,-5.45151732,4.975341146,GMP
GAATCACATTCACACTGC-1_larry2,6.072036052,-2.643438513,EryP
GAGTCCAATTGGAACTAA-1_larry2,-5.410554623,2.171445911,GMP
TACGTTACCGTATGATCT-1_larry2,-2.988416409,-3.880543644,MkP 2
CTATTAAGGGGAAGAAGC-1_larry2,-6.554956651,-1.979773695,pre/pro-B
GTGAATGCCACGCACACT-1_larry2,5.658376956,-2.128887827,MEP
TGATGTGTGTTCGTGATG-1_larry2,3.113953614,-3.742277081,EryP
AGTAGAGGATGAGGTCTC-1_larry2,5.274488712,3.234048908,GMP
AGTGACGATGAGTATCGC-1_larry2,-3.00955317,-6.270908053,GMP
CTAGACATGAAGAGAGAG-1_larry2,-2.125843501,-0.730681862,MPP4
TTGCCGTAGACCTAGTTA-1_larry2,-2.104357219,1.934628789,GMP
TTCCAGATTTCAGCGACC-1_larry2,0.581581661,-1.572008545,MPP3
CCTTCGAGCCATTATGTC-1_larry2,-2.986199355,-0.155217166,MPP3
CAACCTGGTCATACGCAG-1_larry2,-5.666460728,-2.337295945,pre/pro-B
GACACGCAAGAGCCATCC-1_larry2,4.93455627,-0.731198574,EryP
CTAACTAAGACGACGATT-1_larry2,-2.133595204,1.931041782,GMP
GAGTATCGCTCCATCATT-1_larry2,-1.257519936,6.27605993,GMP
CTTGTAACGATCCGACCA-1_larry2,2.476244831,-3.964085514,MEP
ATGCTGTCGGTACTCTAC-1_larry2,-0.486823892,-6.362203772,EryP
TGCATACATTTATCCAAG-1_larry2,-4.831019616,2.785378759,GMP
TGCATCGGACGGTTGCGA-1_larry2,-1.166641331,-2.591296608,MPP3
GCGTTCAGAACACACCGT-1_larry2,-3.207278704,-6.142593081,GMP
ACAGAAGAGCAGCTTACC-1_larry2,-5.728711343,-2.029576833,pre/pro-B
ATACAACCGGACGTGGTC-1_larry2,-1.19980762,-3.06476515,HSC/MPP1
GATACCGGAGCTTGTCCT-1_larry2,-2.749954438,2.689756219,GMP
GTGGATAAGGCCATCGCT-1_larry2,-1.358185029,3.092405145,GMP
TCACGCGACAGACCAGCT-1_larry2,2.904710078,-7.749591048,EryP
AATCGTGTTGCTTCTGAA-1_larry2,-3.727540707,-2.350446398,GMP
AGCATATGGCCTAGTCTC-1_larry2,-2.741899943,4.129320924,GMP
GGTCCTGGTTTCGCTGAG-1_larry2,-1.523079848,5.513047521,GMP
GTTAGAGACCTGTTACCA-1_larry2,-5.341830945,5.165442293,GMP
CGACCACTTTAGCCTTGT-1_larry2,-2.811692214,3.01957876,GMP
GTTACTACTCTCATGCCA-1_larry2,4.411590362,0.048783337,EryP
GGAACCTAGTCCAATCAT-1_larry2,-1.243978953,2.253377264,GMP
CGTAATGACATATGTCCA-1_larry2,5.14829185,3.31635577,GMP
AATTGGATCACGACGATT-1_larry2,-1.697634435,2.823585575,GMP
GATAGTTCTTCCTTCGTA-1_larry2,1.88074615,-4.394841368,EryP
GAACAACCATCATATCGC-1_larry2,2.728734279,-2.410111601,EryP
ACGCTCTTAACCACTAGG-1_larry2,5.734446311,2.659064119,GMP
AGCCTCGCACCGGTGGTT-1_larry2,-1.019653654,2.95268256,GMP
TGCTCAGCGGTGGATAAG-1_larry2,-1.159250474,-6.2508828,MEP
AGGATCATGAGTGAGAGA-1_larry2,3.276983762,-3.400221522,MEP
CCGCAACACAGTTGTGTA-1_larry2,1.777857328,-1.920225437,MEP
TACAGTTAGTCTAATACC-1_larry2,-0.825147843,6.517166917,GMP
GTCGTGTTACGGTGAGTC-1_larry2,-1.126611328,3.114327495,GMP
TATCGGAACACAGCGTAT-1_larry2,4.85809257,-3.097716744,EryP
CACAGCGAACCGTTAGAC-1_larry2,-0.452133751,3.312369649,GMP
ATCAAGAGAGTGACTCTC-1_larry2,6.496036315,-2.123138721,MEP
CCGACTTGGCCATAGCCA-1_larry2,-1.949154115,3.20786268,GMP
TCGCTGTAAAGACGCCTG-1_larry2,-6.621823048,-2.741008456,pre/pro-B
GTAGAAGTTATTGATCAC-1_larry2,-2.086619115,-5.792636568,MPP3
TGTGGACAATGCGCACTG-1_larry2,-0.940509415,-1.444672162,MPP3
ACTCCTGAGTGCGTAATC-1_larry2,-1.640853619,-0.354529246,GMP
ATCAAGAGATATCATGCT-1_larry2,3.802914882,-3.298518355,EryP
TCGTAGGAAGCCTTAGAG-1_larry2,-1.274176335,5.351684396,GMP
GCGACAACCTAGACCATG-1_larry2,6.004882121,-0.039106364,EryP
GCCGTTGTTGAATTGTTG-1_larry2,-1.380568003,2.527521436,GMP
CCACATTAGAAGGAAGTC-1_larry2,2.321511173,-2.86448353,MEP
CTTCACTGTATTGCCGAC-1_larry2,-3.142190432,2.50154001,GMP
CGGATTCTCTAGACCTAC-1_larry2,3.064487243,-3.047446425,EryP
TCCACCTCAATCAAGCAT-1_larry2,4.055767799,-2.783900673,EryP
TGCCTTCAGATCCACAGT-1_larry2,-1.176765895,-2.478703911,HSC/MPP1
ATATTCGCAGCGATATGA-1_larry2,-4.93305037,2.649066036,GMP
CTCCTGACGAGAGGACGT-1_larry2,4.391735578,3.279806202,GMP
CAATCATACGAGTCTTCG-1_larry2,3.348170781,-2.134713943,EryP
AACGGTAGCATTCGAAGA-1_larry2,0.087226355,-3.107460911,MPP2
TCTCGTATCACATGACTA-1_larry2,4.168306613,-2.751714642,EryP
ACCTGCAGAACTCCGGTT-1_larry2,-1.015316343,5.016865556,GMP
GTGGTACGGCACATGTGC-1_larry2,1.33400228,-3.289998705,MEP
GTCGAGTACCCGTACGGA-1_larry2,3.497231269,-3.33309787,EryP
ACTCGTAGGTGACGATGA-1_larry2,1.934470201,-2.510744507,MEP
GGTTAGATGTCATCAGAG-1_larry2,2.57681849,-5.561328585,MEP
GAGACGATCCTGTCACTT-1_larry2,-1.47756598,-1.919652517,MEP
ATCCAATGAGCTTCTACG-1_larry2,-1.737391925,2.906412427,GMP
TCGGATGTTGCACGTAGA-1_larry2,-0.408710337,-6.298425848,EryP
ATCAAGCATATTGGTTCC-1_larry2,-2.772772527,-5.906840022,MPP4
GGTGGAGCTGACAGGTTA-1_larry2,-1.243106103,5.79166538,GMP
ATAGTGGTTATGTCCTCC-1_larry2,2.47264185,-5.560785944,MEP
GACTCAGTGGAATTGTTG-1_larry2,-5.637814259,1.605036085,MPP4
TGTGGACAAAGTCCGTGT-1_larry2,-1.242348051,-6.222541983,MEP
GAGACGATCGTTGATGCA-1_larry2,-1.513109898,0.723393147,MEP
CACCTTCCTCAGCGTAAG-1_larry2,-5.772154546,-2.715027029,pre/pro-B
AGTTGAGCGGAACCTTCA-1_larry2,2.075133228,1.805049961,GMP
GATCTTCGCTATTGCTAC-1_larry2,5.621107841,-2.315044339,MEP
TGAACGGTTAGTCTGGAA-1_larry2,-5.745265221,4.909436052,GMP
AAGCAATCGCAAGGTGTG-1_larry2,5.802786613,0.763349955,MEP
TCCTCTAGTCCTTAACAT-1_larry2,-0.84708116,-1.611031945,MEP
GCATTGATCAGACCACGC-1_larry2,2.814029718,-2.61314481,EryP
CCAGATCACTATCACCTG-1_larry2,-6.628638005,-0.727887834,pre/pro-B
ATCAGTCGACACTGCTTA-1_larry2,-1.84059236,4.453643148,GMP
ACCATGTCTTGACCTATG-1_larry2,1.354388261,1.091066663,EryP
TGGTGGATCAGTCGTCCG-1_larry2,2.89940598,2.534014051,MPP3
TCACATACTTATTGCTAC-1_larry2,4.113470578,-6.494807894,EryP
TGCTCCTCCTCGTAATAG-1_larry2,-0.41053257,-6.341241534,EryP
ATCGGTGGTGTACGTCTA-1_larry2,-5.059090352,2.305268114,GMP
GGAAGTATGTATACCACT-1_larry2,-0.699585652,6.071914499,MPP4
ACCGAGACACTGAGTCCA-1_larry2,1.955863142,-2.05800205,MEP
TGCTCAGCGCTCGTCTTG-1_larry2,1.828100944,-3.466408188,EryP
CTTCTGAGTCACGTCATA-1_larry2,5.746521259,2.008794611,MEP
GGAGCATCTATCGCCTCT-1_larry2,2.663506055,-4.060331042,EryP
GATAGTTCTTCCGATCTG-1_larry2,-3.157214618,-5.79047745,GMP
AGTGAGAGACGTGCCTAT-1_larry2,-1.913861251,1.231301611,GMP
CTGGTACATTTCTGCCGA-1_larry2,-1.067682123,5.538059537,GMP
TAGAGCCAGCGTCTGCTG-1_larry2,-1.312910652,3.140185897,GMP
ACGCAAGATTGAGTTAAG-1_larry2,6.078424239,-2.623032267,EryP
GTAACGCGACAAGTACGA-1_larry2,-2.510304665,3.938997095,GMP
GACCAACAGGACCAGAGA-1_larry2,-6.049635625,-4.362798865,pre/pro-B
AGTAGAGGAGATCTGTTC-1_larry2,-1.045467591,5.807092969,GMP
TCGTGCCACCTGACAGCA-1_larry2,1.677596474,-3.203181441,MEP
TTCCTGCTACATAGGTGT-1_larry2,3.993264938,-2.769151623,EryP
TATGAGACCGGTAAGGAT-1_larry2,0.653437819,3.032242839,MPP4
GCGTGATACATCCGGTCC-1_larry2,5.695350433,3.009510105,GMP
AGGTCCGTCCTGAGTCCA-1_larry2,6.095558429,-0.095830451,EryP
CAGCTTACCTTACCTCTC-1_larry2,-2.809790826,0.05600742,MPP4
CGCTGTAGTTCGACGTTG-1_larry2,-1.876504636,1.453076427,GMP
ACCACTAGGCCATGATGT-1_larry2,2.477319861,-0.53259636,MEP
TAGTCGCATTGCGTATCT-1_larry2,-6.366547799,-0.216799329,MPP4
GATTGAGTATCGCTGTAA-1_larry2,5.756895328,2.511576002,GMP
TGACCAAGTCGCAGTGTC-1_larry2,3.36050179,0.114873116,EryP
AGATGAGATGTGGTACGG-1_larry2,-3.105120873,-6.146885092,GMP
CCATATCTTGACCGGTAG-1_larry2,0.396886194,3.206633155,GMP
ATCAGGATGCTGCAAGCC-1_larry2,-1.075386381,0.612131362,GMP
TTCCATACCGCTAGCTCC-1_larry2,-0.811611986,0.903543656,GMP
AATTCGGAATCTAATACC-1_larry2,-2.062050319,2.794979875,GMP
GGTTCGCAACGTGCAAGG-1_larry2,-6.111119008,-2.223639781,pre/pro-B
CGTCTGTCCCTGTCTAGT-1_larry2,4.349637056,0.007236366,EryP
TCCGTATACGGATGCTCG-1_larry2,-7.3332412,-2.700488264,pre/pro-B
TCCGGAGCTCGCGAGTGT-1_larry2,-5.110048985,5.038292711,GMP
TTATTCGACACACATCTG-1_larry2,-1.342959618,1.364751999,GMP
CACTGCTTAGTAGAGAGC-1_larry2,4.291987205,-2.216541226,EryP
GAGCCGTTACTGGACACT-1_larry2,-1.728687262,-0.105616133,MPP4
AACAACCTATTCGGAGTC-1_larry2,-0.855868316,6.587588136,MPP4
CACTTGGATGTGGAGGTC-1_larry2,2.782614255,-7.785443957,EryP
GACATAACGCACATGTGC-1_larry2,-1.06478951,-0.184664416,MPP4
GAACATGACATTGGTTCC-1_larry2,4.296856666,-3.15600961,EryP
CTCAGTGATATAGCCTAA-1_larry2,-2.549573159,1.088383977,GMP
GAGACATTGCACATATCA-1_larry2,-3.176687932,0.828166192,GMP
GTTAGTCAACTGATGCAC-1_larry2,6.666235233,-1.925467546,MEP
TTCTGCCGAGGTTGCTAT-1_larry2,-1.31451807,-1.874548609,MPP3
GGTGCGTAGACGATGGAA-1_larry2,5.354349399,2.155621593,GMP
CCTTATCCGGCCAACAAT-1_larry2,2.513677859,-2.921732123,MEP
ATACGAGGTCTCTACGCA-1_larry2,-4.689032769,2.797363584,GMP
TGATGTGTGGTGTCTGGA-1_larry2,3.162445808,-5.25524729,EryP
TTCTCCACACGTCAGCAC-1_larry2,4.544705892,-2.715213473,EryP
CTGCGTCACTGTGCCATG-1_larry2,-1.741462207,1.533140009,MPP4
TAAGCACTATCAGTGCAA-1_larry2,5.537466788,2.499215429,MPP4
CCGCATCCTAGCGGAACA-1_larry2,-5.690021729,4.891835516,GMP
AGCTCGTCTTCGTCATTC-1_larry2,5.675469184,-2.824319537,EryP
CCGATCTCTGACGTCAAT-1_larry2,-3.875848985,-2.154286797,GMP
ATTGGTTCCATAGTGGTT-1_larry2,-0.15437684,6.582144086,MPP3
CCTTCGAGCCTCGCTACG-1_larry2,-4.827903962,2.694325273,GMP
CACTAGACTTGTGTCTAC-1_larry2,-1.010853863,5.85569412,GMP
GAGCCGTTAAAGTTCTCT-1_larry2,2.868624473,-7.853058035,EryP
TACTCGCTGGTCTTCATA-1_larry2,-3.075512385,-6.08669203,GMP
TCTATGACATAGGAGGAT-1_larry2,0.623204464,-3.986033137,GMP
CCGGTGGTTATTGCGCTA-1_larry2,-2.446830487,3.178933685,GMP
GCTTCACTCTCACCGAGG-1_larry2,6.268467689,-2.834898407,EryP
GTGGATAAGCTCGACGAT-1_larry2,-1.734255051,3.653255527,GMP
GTCTGAGCCAAGTAGGAC-1_larry2,-5.779475903,1.230464046,MPP3
CAGTAATGTACAACCGGA-1_larry2,2.260815168,-2.379888709,MEP
TGGATAGGTACGTGAATC-1_larry2,-0.215592778,2.651871746,GMP
AGGAGGTGAATCATTACG-1_larry2,-1.198840356,5.368083303,GMP
AACCGCTGAACCGTCCTA-1_larry2,1.947186971,-3.431086953,MEP
TAGTCGCATCTGACAGCA-1_larry2,-1.554219937,1.985368078,GMP
TGCATACATGCGACCTGT-1_larry2,-2.395609832,1.655103748,GMP
CTTCTGAGTTGGATAGGT-1_larry2,3.725784087,-3.253311331,EryP
ACCTAGCACCGTACATCT-1_larry2,6.102324748,-2.912795002,EryP
GTAATATCGTCTCGTATC-1_larry2,3.631215596,-2.519740279,EryP
TTGGACTTCGTCGTTAGA-1_larry2,-2.650522685,3.992977922,GMP
ACTTCTTGGAACCGTGAG-1_larry2,5.83767345,-2.183566029,MEP
TCACTCGCTTGATTCACC-1_larry2,-1.217358088,2.920961444,GMP
CTGGTAATCTTCCTAAGG-1_larry2,-0.170610642,2.827777927,GMP
TCGCTTAACACACGTTGC-1_larry2,-5.603120541,-2.094678338,pre/pro-B
CCTCTCTAGGCTTGGTTC-1_larry2,-0.622293448,3.067017143,GMP
CACGTCATAGCGAAGCTC-1_larry2,2.817248607,-7.7660343,MEP
TATACGGATCGCAGTGTC-1_larry2,-6.154557919,-1.13561445,pre/pro-B
GAGTCGTACAAGACTGGT-1_larry2,6.558584953,-2.079207475,MEP
TGCATCGGACAAGAGGAG-1_larry2,-2.412420487,0.20388854,GMP
AGCGCATGAAATTGGTGA-1_larry2,5.911988044,-0.399424578,EryP
GTGAGGACGGTATGCCTT-1_larry2,5.90517261,0.987382834,MEP
AAGCTTGCATAAGGTCCG-1_larry2,2.906265283,-7.770227606,MEP
CATCAATAGTCCATCATT-1_larry2,-5.123131013,-2.164102848,pre/pro-B
AAGTCATGAGATCTGTTC-1_larry2,-1.000734544,3.095907276,GMP
TGCTATGAACGACCTAGC-1_larry2,5.778399253,-0.065835367,EryP
AGACGCTATTACATGCAC-1_larry2,6.480604434,-2.695914681,MEP
TAGAGACTACCACTTCGC-1_larry2,-6.435859418,-0.724357779,pre/pro-B
TCGTAATAGTCGGTATCA-1_larry2,-2.859406686,-6.238636191,GMP
AAGCTGGTCGTGTTCCAG-1_larry2,-1.819921708,-2.472203906,MPP3
CTTCCGTGGCAAGCCTCG-1_larry2,-5.738878465,4.790812795,MPP4
GATCTGAATATGCGGATT-1_larry2,-5.536197877,-2.119695599,pre/pro-B
AGCATATGGCGCGATGTA-1_larry2,-0.342430448,2.375984256,GMP
TCTATGACAAACAACCTA-1_larry2,-0.417165613,6.344907587,MPP3
TGAGCTAGATGTGAGTAT-1_larry2,4.876829887,2.941216056,GMP
ATTCTCTGGTAGTTGACG-1_larry2,-2.062267995,1.291743343,GMP
ATCCGGTCCTTCCTCGGT-1_larry2,-3.769400334,-2.25045162,GMP
TTGCGAACAGTCAGTTGT-1_larry2,-2.550523257,-5.972012217,MPP4
CCGGTTCTAAGTGTTCTG-1_larry2,-0.861782884,5.659724538,GMP
AGTGAACGGGTTGCTCAG-1_larry2,2.411876822,-3.404243882,MEP
CACTTGGATGATGCGACG-1_larry2,6.07871511,-2.985928948,EryP
TGCTCACACCGTCAGCAC-1_larry2,1.307032669,-1.710378582,MEP
AGACCAGCTTACATGCAC-1_larry2,4.900860095,3.147849386,GMP
CGATAGGTGGACCAGAGA-1_larry2,-0.465214467,-2.919686253,MPP2
TCGTAATAGAGTCTGGAA-1_larry2,-1.699180579,0.761153286,GMP
AAGGATACGGAGTGTGCC-1_larry2,-2.455352759,-3.095314677,MkP 1
CTCCACGTCGTGCTCTTG-1_larry2,2.981409097,-7.54510277,EryP
TGGAGAGTGGTCTGACGT-1_larry2,-3.043700671,-6.119398768,GMP
TGCATCGGAGGTAGCATC-1_larry2,3.067670369,-4.714756186,EryP
CATCGCTGGAAGGAACAG-1_larry2,-0.556745982,-6.507979567,EryP
CGTCAGCACATAGTCTCC-1_larry2,-5.416434502,5.12950403,GMP
TCGCTTAACCTGGTGACA-1_larry2,6.408895278,-2.815068419,EryP
GTGCTAAGCTAACACATC-1_larry2,6.26209476,-2.933428461,EryP
GTATGATCTGATCGCGAA-1_larry2,-0.525158024,-6.424335654,EryP
TGCCACCGACTGAGGTTA-1_larry2,5.173426891,3.125239198,GMP
ATCATAGACTGGTGCCTG-1_larry2,-7.635237908,-2.965302403,pre/pro-B
ACCTGTACCTCCAACGTG-1_larry2,-2.809538817,4.106914823,GMP
CACAACGCTGCCGTTGTT-1_larry2,2.898260379,-7.757161791,EryP
CAACTCCAGAGCCTCTAG-1_larry2,-5.982730603,-4.439843829,pre/pro-B
CATGCCAGTCGCACTGAA-1_larry2,3.069239402,-3.002376015,EryP
ATTATGCAGCTGCTTAGG-1_larry2,-1.183290577,5.488084619,GMP
CATTCCGAGTCTACAGTT-1_larry2,5.682729983,2.139729326,MPP4
ACTTCTAACGATTGAGTA-1_larry2,4.419500137,-0.325219107,EryP
GCAGCGATAAGTCGCGAC-1_larry2,-0.563439703,2.556156938,GMP
AAGCATTGCCAGTCCTAA-1_larry2,-5.097220635,2.244737213,GMP
TAGAGACTAAGCCAGGAC-1_larry2,-6.078197217,-1.731201107,pre/pro-B
ATCAGAAGCGTCAAGATC-1_larry2,-5.998529172,-4.387010748,pre/pro-B
AGTGTGCACACACAGAAC-1_larry2,-6.57512114,-0.649710531,pre/pro-B
GCCACGAGTATATCCGAT-1_larry2,-1.510694718,1.985296075,GMP
GCTTCACTCCTGATCCGA-1_larry2,4.869660163,3.409735506,GMP
CTGATCCGATCGCATTCG-1_larry2,-2.708154893,2.370396679,GMP
CCGACTTGGAACGTTCTT-1_larry2,-0.059311008,6.425996606,MPP3
TGATTCACCTAGCACTAT-1_larry2,1.216647768,-3.210493262,MEP
CACACCTGTGAACCTTCA-1_larry2,-3.616162991,2.950070446,GMP
GTGAATGCCTAGATCTGT-1_larry2,5.106155181,2.883393591,MPP4
GAAGAGCACCATGCCAGT-1_larry2,-1.501652694,1.623130744,GMP
AAGACGAAGTCAACACTC-1_larry2,0.283185208,-1.360729272,MPP4
GGAATTGGATGAGATCAT-1_larry2,-1.044201469,5.848951643,GMP
CCTAAGTCTGAACGCTGT-1_larry2,-2.342678761,-6.165753539,MEP
ACACCACATACAAGAATG-1_larry2,3.275577092,-3.152226622,EryP
TTACCTCTCATCACCGCA-1_larry2,6.061136508,-2.678950722,EryP
GTCTACCAATACAGTTAG-1_larry2,6.415778899,-2.668639595,EryP
CCTAAGAAGAGACATCCA-1_larry2,-2.233205056,-0.155212234,GMP
AAGGTGCTGAGACGCCTG-1_larry2,6.111108565,-2.607278759,EryP
AAGCAACTATGACCTATG-1_larry2,6.617663646,-2.298448975,MEP
TCTGATGAATTATTCGAC-1_larry2,-5.729229665,1.457350319,MPP4
GTCAGCGTCCACCTCAAC-1_larry2,-1.25119946,-2.53084224,HSC/MPP1
CCAGTCTCACTCGTTCAC-1_larry2,5.403528953,3.011432474,GMP
ACACACCGTACCAGCGTT-1_larry2,-5.587443566,4.910021131,GMP
ACCGGAAGGTATCCTCAG-1_larry2,1.336369479,4.052276437,GMP
GCGTCGTCTGGAGTACAG-1_larry2,2.283911967,-5.617239649,MEP
CATATGCGACCACACAGA-1_larry2,2.791685605,-7.784455473,MEP
AGATCGAGTAGACGGAGG-1_larry2,-2.516033149,0.140371864,MPP4
GACGCCGTACCATAATCG-1_larry2,1.612058008,-3.540315564,EryP
ACGTTCAATCACGCGTAA-1_larry2,-5.974137521,-1.878358776,pre/pro-B
CAAGGTGTGATTGCCGAC-1_larry2,-2.175561642,-0.675737317,GMP
TGGACTGCCGCCTTATCT-1_larry2,3.196453834,-3.863855297,EryP
CATAGTATGAATATCAGC-1_larry2,-6.300838208,-2.128569181,pre/pro-B
TACAGGACTGACGCCGTA-1_larry2,-0.690903163,2.734978502,GMP
GTGAGGACGAGTCCAGTG-1_larry2,-1.335310197,-1.588252122,MEP
ACGCAAGATGCTACCTTA-1_larry2,2.099264527,-2.401444371,MEP
GGTCCTGGTCTGGACTAA-1_larry2,-3.781211114,-2.282253797,GMP
CCAGATCACTCGCTGATT-1_larry2,-1.66693089,-0.168919648,GMP
CCTGTCGACAGACTTCGT-1_larry2,-1.041213608,5.898367708,GMP
CAGAAGTGATACAGGACT-1_larry2,2.936527515,-2.967907364,EryP
AGGTCAGCAACCATTCAC-1_larry2,-1.058066583,0.752864187,GMP
TAGCCTTGTGCATTGATC-1_larry2,3.247192168,-2.083782132,EryP
CCTTAATTCGTAGGACGC-1_larry2,1.686947608,3.563263004,MPP4
CGTCTGCTGCACGGAAGT-1_larry2,-0.640758133,3.254821365,GMP
CTTAGAAGGACGACAGTC-1_larry2,-5.577942586,1.263231342,MPP4
AAGGATCGTCTCAGGTAC-1_larry2,-0.616349077,-1.530262167,MPP3
GGTCGGATATATTCAACG-1_larry2,2.541792655,-3.653718169,MEP
GCAACTCGCTAACGGATA-1_larry2,5.705907607,-2.934712107,EryP
GTCAAGATCCTGAGTAGC-1_larry2,-0.488015747,-3.214237864,HSC/MPP1
TCAATGGACCGCAACCTC-1_larry2,-3.456633782,-2.476143057,MPP4
TTCCTAAGGACAATTCGG-1_larry2,5.546407485,-3.300157483,EryP
AGCCGTTCTGATGTAAGG-1_larry2,-2.732196784,3.003080194,GMP
GATGCAGAAGATACTGTG-1_larry2,1.716809774,-4.547254736,EryP
CTTGGATCAAGTCGTCCG-1_larry2,-1.000353312,-1.987125571,MPP3
GACGTCAATATCATGTTC-1_larry2,-1.523910498,5.921508138,GMP
GTAATCAGCTCTACGCAA-1_larry2,-2.96353147,4.130997007,GMP
GGTAAGTGAAACGAGGTG-1_larry2,-1.696464038,2.435350006,GMP
TACTCGCTGTACTTACCA-1_larry2,-5.564160561,1.747466152,MPP4
CTCCAGCGTTGCGCACTG-1_larry2,-2.046354747,1.980775659,GMP
GACCAGAGAGCGTAACAA-1_larry2,-2.822317815,4.168720071,GMP
TCCGGAGCTTGGTCTACG-1_larry2,-2.35627625,1.654979293,GMP
GCCACGAGTCAATGTGCT-1_larry2,2.024260664,-2.549305851,MEP
ATGGAGGAATCACATACT-1_larry2,0.643485625,-0.640465612,GMP
TCGGACAGTAATAGACGC-1_larry2,-2.203740573,0.167924409,MPP4
AAGGATCGTTCTATTAGG-1_larry2,-2.752560353,3.867605035,GMP
CATACAACCGTGATGTGC-1_larry2,-1.648964858,3.487079685,GMP
CCTTAATTCCAGCGTAAG-1_larry2,3.173280978,-2.518755372,EryP
AACAATGCATGTAACAGT-1_larry2,1.771000648,-4.435183699,EryP
CAAGCTGCAACTGTGTCA-1_larry2,6.020733142,-2.667408163,EryP
ATAGCACGGCACGACTCA-1_larry2,-7.426089501,-2.832283432,pre/pro-B
GTGTATCTGGACTCTGGT-1_larry2,5.633073592,-0.243767931,EryP
AACGAGAATTTCTCCACA-1_larry2,4.107492948,-6.463678057,EryP
TCGAATAGAGCCGTTGTT-1_larry2,6.609639907,-2.105903919,MEP
CGTTGATCCTCTACAGTT-1_larry2,-0.61822412,-3.42129987,MPP3
TAAGGTGATATGCCTGTC-1_larry2,-2.596489644,0.992113297,GMP
TCCTGTGGAGATATGGAC-1_larry2,2.703090215,-3.236040051,EryP
AGTACTACAACCACTAGG-1_larry2,-2.081593489,1.9783271,GMP
CGTGTATTCCTGGTCGGT-1_larry2,3.923246646,-3.598852808,MEP
CAGCAGTACTTCCGCCAG-1_larry2,-2.034492946,-5.849943812,MPP3
AGTTGCCTTTGTTACTGA-1_larry2,-6.484235978,-0.854625578,pre/pro-B
CACGCGTAAGATAAGCTG-1_larry2,3.320353294,-1.899948294,MEP
CAACGATCGTCGCTTAAC-1_larry2,-5.529462075,1.640320723,MPP4
CTTCACTGTCGAATCCTG-1_larry2,-5.324698186,2.315308874,GMP
GCACAACTCAGAAGCTGC-1_larry2,3.107452655,-5.316381628,EryP
GGACTCCTTTGAACCAAT-1_larry2,3.418076301,-3.222643311,EryP
TCAATGGACGCTACAATG-1_larry2,1.48431977,-0.138245652,MPP4
ATATTCGCAGCTTACGTT-1_larry2,-3.110496497,-6.219684298,GMP
CTCGTCTTGTCCTCGTCG-1_larry2,3.797844911,-3.503617699,EryP
ATACCGAAGGAGACATTG-1_larry2,-5.269249177,-2.04025429,pre/pro-B
CCTCAGGTGCCTTAACAT-1_larry2,-2.573462462,2.551520174,GMP
GCTCAATGATGCATACAT-1_larry2,-6.669236398,-2.705794985,pre/pro-B
CAGTGCTGCGCACCATCG-1_larry2,3.230318809,-3.874472792,EryP
CCATAAGTAATGCTCACC-1_larry2,-2.403457856,-5.860908205,MPP4
TCTCGTATCATAACGACA-1_larry2,-0.405147409,-2.980094845,HSC/MPP1
AGATCTGACTTCCAGATT-1_larry2,-5.205090737,2.226373499,GMP
GACATAACGGAGCCGTTA-1_larry2,-3.16194675,-6.162199671,GMP
ATGCCTTCACCAATGCCT-1_larry2,-2.475694156,-5.492757494,MPP3
CACCAGAAGATAGAGCAG-1_larry2,2.772490287,-5.590748007,MEP
GACAATGTTTACCTCCTC-1_larry2,1.668620372,-4.419656928,EryP
TAGTAGTCTTCCAATCAT-1_larry2,2.585766339,-4.085395749,EryP
CCGAATATGCTTAACAGC-1_larry2,5.031585956,2.947263305,GMP
ACTAAGTTCCATGGTCGA-1_larry2,-6.0846102,-2.094415123,pre/pro-B
TCGTAGGAAGCGACCTGT-1_larry2,4.956130767,2.935412471,GMP
TTCTGCCGAAGACCACGC-1_larry2,-2.855759358,-5.84931534,GMP
GATCTAGAGCATAGAGAT-1_larry2,-2.890213466,-3.91813391,MkP 2
CATTGACAAAGCTCTCCG-1_larry2,6.244481826,-3.051530774,EryP
ACGCGACAGCTGTGCTCA-1_larry2,-6.010781503,-4.143351014,pre/pro-B
GGTTAACAGGCTTAGAAC-1_larry2,-0.365216112,2.193027799,GMP
CTGACGGATATATGCAGC-1_larry2,-5.441785073,2.361878936,GMP
GTGGTACGGATGTGACGA-1_larry2,-2.946701026,4.065835779,GMP
GTCTGAGCCCTTCTGAGT-1_larry2,6.117927814,0.022894864,EryP
TCCACCGGTGTTATCGAT-1_larry2,-6.351101613,-0.571825261,pre/pro-B
TTATTCGACAGCATATGG-1_larry2,5.296689773,3.077438657,GMP
TACTCGACCTTGCTCTGC-1_larry2,-6.551980233,-0.68403172,pre/pro-B
TGATCTCGGGTCTGACGT-1_larry2,-1.35178945,-6.185058768,MEP
CTCTAGTAAAACGCCTAC-1_larry2,-1.502753711,3.587817495,GMP
TGATGTGTGTCGTCATTC-1_larry2,3.867166066,-6.43477648,EryP
CTACTGTCAATCGCCTCT-1_larry2,2.242919111,-5.668564017,MEP
TTCCAATTCCGTCGTCAA-1_larry2,-2.831358647,2.235273426,GMP
ACACAGAACCATGGTCGA-1_larry2,-3.596110558,-2.12460428,GMP
GATACTGTGTAGCAGAGT-1_larry2,3.823005939,-3.249277527,EryP
AACCGTGAGCAGTCGGTA-1_larry2,0.534926565,4.130132501,MPP3
ATGTCGCCTTGAGACAGC-1_larry2,5.648594642,-0.894745166,EryP
GCGTGATACCACTGGTCC-1_larry2,-3.566961026,0.725309794,GMP
ATTCCTACGAACGCATTG-1_larry2,5.398280883,2.943067377,GMP
TGCGATACTAGACCAGCT-1_larry2,-0.654268479,-6.268194373,EryP
ACCACTAGGAACCATGGT-1_larry2,4.261777663,-2.227394755,EryP
GATACACTAGGTGCGTAG-1_larry2,-1.311034655,2.868928735,GMP
CCTTATCCGGTCTGACGT-1_larry2,-2.944056249,3.297925537,GMP
GCGACACAGTAGTAACGG-1_larry2,1.659473801,-3.564571078,EryP
TCGGACAGTGAGTGTGCC-1_larry2,0.828323716,-0.193656693,GMP
AACGTCGAGCTGTTACCA-1_larry2,3.862304473,-1.143003578,EryP
TACTGATGAAAGGAACAG-1_larry2,-5.819328046,4.591015165,MPP4
TAGATCTGTTAACACATC-1_larry2,-1.629438376,2.349572723,GMP
TGATTATCGCATGGTCGA-1_larry2,-0.609865403,2.380340402,GMP
GTCACAGAGAACGGTAGC-1_larry2,5.001513267,3.341538494,GMP
AGTCGCCGACGCGTACTA-1_larry2,-0.61268971,-6.478540118,EryP
AGGTCCGTCTTCACTGGA-1_larry2,4.327137733,-1.938373144,EryP
TACTTACCAACATTGACA-1_larry2,-3.609839654,0.563581233,GMP
CCTCCTTGTAGTTGAGCG-1_larry2,-0.553289509,5.880213564,MPP4
AGGATCTCAGTACGTCTA-1_larry2,6.405660415,-2.633834774,EryP
AATCCTCGTGAAGAGCAC-1_larry2,-6.03568623,-4.322989638,pre/pro-B
TCGTTCTCCGTCAGCGTC-1_larry2,6.26454761,-3.060400422,EryP
TCCTTCAACCCTCCTTGT-1_larry2,5.928706908,-0.202881838,EryP
CCAATGCCTACTTCGCAG-1_larry2,4.347864413,-2.408799107,EryP
GCCACATGGCCGCAATGG-1_larry2,6.557005668,-2.584435399,EryP
CATATGTCGTGTTAAGCC-1_larry2,5.928613925,0.949365919,MEP
AGTAGAGGACTCCTGACG-1_larry2,-3.041898465,-6.410896475,GMP
CCTCGCGTTGGTCGGATA-1_larry2,5.309797073,3.142491167,GMP
CTGACGGATCCTCGCGTT-1_larry2,-4.991365647,-1.631023104,pre/pro-B
ATTATGCAGTAGACCTAC-1_larry2,-0.760439133,5.90570194,GMP
CAAGTCGAACATCCGACA-1_larry2,0.899869362,3.040711944,GMP
GCTAGTGGAATCTACATC-1_larry2,1.670857692,-3.6619119,EryP
CATTATGTCACCTCCTAG-1_larry2,-7.455573296,-2.908778841,pre/pro-B
GAACCAGTTGGATTACGC-1_larry2,-5.353007054,2.241395776,GMP
CGTCTGTCCTCCTTCAAC-1_larry2,1.1816028,-1.807773049,MEP
CCTCGACCTCGATTCGAG-1_larry2,-5.827582574,-1.684991653,pre/pro-B
CAATCATACGAATTCAGT-1_larry2,-2.436022258,-3.217326338,MkP 1
GGTCGGTCTCGCACTCTT-1_larry2,-5.336268163,-1.839893038,pre/pro-B
GCTATGTAAATGACACAA-1_larry2,-3.403919911,-5.946487601,GMP
CTCTGCGGTGGTGTTCAT-1_larry2,-1.113781428,-2.52797025,MPP3
CTAGACATGGGAGAATGA-1_larry2,-0.876887536,6.021401708,GMP
CCGCAATGGCCTCGAGAG-1_larry2,5.187356734,3.205360715,GMP
GTGACGTAATTCACCTTG-1_larry2,-0.368079877,-2.597944672,MPP3
GCTTGGTTCATCAGAAGC-1_larry2,3.341769242,-3.723394568,EryP
ATACTTGCTATTCCTACG-1_larry2,5.715754295,-2.584768946,MEP
CATCCTCTCTAGCCAGTG-1_larry2,4.834681773,3.433081214,GMP
TCAGGTGCATCAATGGAC-1_larry2,-3.194085097,1.219674771,GMP
AAGACGAAGACGAGCTTC-1_larry2,4.553635383,-2.536493952,EryP
TGCCGACTAAAGAGAACT-1_larry2,-3.369349694,-6.188667471,GMP
AACCGTGAGGCTGATGTC-1_larry2,3.417391801,-3.125796969,EryP
CGAGTAGCAATCGTAGTG-1_larry2,-0.050621068,2.971441333,GMP
GAGACATTGGGATCAATG-1_larry2,-1.606130099,2.54664809,GMP
TTGTATCACCAGATCGAC-1_larry2,1.798727775,-3.440263207,MEP
CTTCACTGTCACACTGCC-1_larry2,-5.357741093,-1.869105751,pre/pro-B
GATAACGTCAACGCTCAA-1_larry2,-6.107431626,-2.55847996,pre/pro-B
GAATTGTTGCACTACAGG-1_larry2,-1.092074609,5.073401754,GMP
TACGACCATTGTGGTCCT-1_larry2,3.99567225,-6.464528258,EryP
GTCTTCATAACTCATTCA-1_larry2,2.642423058,-4.021005804,EryP
ATTAGCCACCACCTCGGA-1_larry2,-5.884186482,1.097079341,MPP3
CTCAGCTGGCTATTAAGG-1_larry2,-4.771877503,2.732913559,GMP
CCTTGTTGCCCGACTGTT-1_larry2,5.750916743,-0.291789965,EryP
AACGGTAGCTACTCGCTG-1_larry2,3.396731639,-3.733348544,EryP
CACTTGGATGACCAGAGA-1_larry2,-6.006248212,-2.143235023,pre/pro-B
AACGATGACACTCTAGGA-1_larry2,4.158931279,-2.508704359,EryP
AAGTTGCCAGCGCTAGAA-1_larry2,-3.158941722,-6.275905783,GMP
TTATGAGGAGACCACTCG-1_larry2,0.266037905,-3.109128172,MPP3
GCCAACAATAGGAGCAAT-1_larry2,-2.507305837,-3.302572663,MkP 1
AATCTCCTATATGGTTGG-1_larry2,-2.731704211,-0.233512475,GMP
TATCCTCAGACTCCGTCG-1_larry2,5.767442489,0.883664792,MEP
CCGATACCGGCTTAGAAC-1_larry2,-1.830923533,1.868626659,GMP
TGATTCACCGTGTTCCAG-1_larry2,-2.634620642,2.740858142,GMP
CGACAGACCACAATAGGT-1_larry2,-5.741387582,1.30371887,MPP4
TCGTGCCACTACTAGTAG-1_larry2,-1.439637399,3.191321676,GMP
CTATGGATGGCACGTAGA-1_larry2,-5.631313062,4.853564088,GMP
TGACCTCCTAGAGGTGAA-1_larry2,-2.929866528,3.907985036,GMP
CGGAAGACGTGGTCGCTA-1_larry2,5.042060638,2.756362741,GMP
TATCTAGGTTAGCAGAGT-1_larry2,-1.969449735,2.998930996,GMP
TATGACCGAGTTATCGAT-1_larry2,3.83179977,-2.887131388,EryP
CCACATTAGGCGATATGA-1_larry2,5.242521072,2.398218935,MPP4
GAGCCGTTACTGAGGTTA-1_larry2,0.47654807,-0.398568342,GMP
GGAATTGGAAGCGGAACA-1_larry2,4.987581039,3.509644096,GMP
CTGAGTCCAGGTAGACAT-1_larry2,3.150420213,-5.068334277,EryP
TCGTACCTTTAACTCCGA-1_larry2,-3.0261657,0.637209838,GMP
GCATGTGGTAGAGCGCGA-1_larry2,5.323441768,2.64753825,GMP
CGCATAACTCCGCAACAC-1_larry2,-5.75194428,-2.944940503,pre/pro-B
GCACCATCGAATCGCCAT-1_larry2,2.920425439,-5.286097701,EryP
ATATTCGCACTGAGGTTA-1_larry2,3.154664779,-1.286792571,MEP
GACACGCAATCAACACTC-1_larry2,-3.800892567,-2.181064541,GMP
GGTTACGCAGGTAGCATC-1_larry2,-0.973275757,6.234467332,GMP
CCTGCTCCACACTGGTCC-1_larry2,-2.401999926,-0.386368098,MPP4
GCCTGGAATCATTCAGTT-1_larry2,-5.387670731,5.070512598,GMP
TAGGAGCTACCACGCCAT-1_larry2,-1.753800845,1.729436224,GMP
CTCGTCTTGGGTAGTGTT-1_larry2,5.929620052,-0.208977136,EryP
TCGGAACGAATCGCCTCT-1_larry2,-1.135420775,1.956754034,GMP
AGGATCATGCGGTGTTAC-1_larry2,-0.94674871,-2.030026729,MPP3
GGTTACGCAGATCTGTTC-1_larry2,-0.45558331,-6.32002228,EryP
GACGCCGTAGGTGATAGG-1_larry2,-1.117794609,1.567821448,GMP
GTAGTTGGTAGCACACCT-1_larry2,1.675876284,3.668438499,MPP4
GTGTCTGGATGCCTTCAG-1_larry2,-1.512026286,-2.777090008,HSC/MPP1
CTTCGTGCATAATTCGTG-1_larry2,5.586850429,-0.289836737,EryP
ATCTCGTGAGAGTGCATA-1_larry2,0.525910103,-2.933794672,MEP
GCTCTCCAACAACCGGTC-1_larry2,-2.269568181,-5.718445952,MPP4
AGCAGACAACATTCAGTT-1_larry2,3.895120883,-3.067365344,EryP
CATGACGTTAGAAGAGTC-1_larry2,6.638528609,-2.067297156,MEP
ATAGCCTAAAACGCTCAA-1_larry2,-2.108030057,3.233637159,GMP
GTGAATGCCATGCGCTAC-1_larry2,-0.828229165,0.516005461,GMP
GGTCCTGGTTCCTCTAGT-1_larry2,-2.20974586,1.877824133,GMP
TGCCATCTCACACTAACG-1_larry2,0.184817219,-3.756986315,MPP3
CGTCAGCACCCACTGAAG-1_larry2,-3.151320195,-6.399889643,GMP
AGCCTCTAGCGAAGAGGT-1_larry2,5.995373511,-2.749694998,EryP
AGCTTGGTGCACATTCTG-1_larry2,5.590085769,-0.514636109,EryP
AACGCATTGTATCCTCAG-1_larry2,-1.062388635,5.539420908,GMP
GACATATGTATCATGTTC-1_larry2,-1.996083712,1.066822474,GMP
TACAGGACTCCAGTCTCA-1_larry2,-5.471648907,-2.352180178,pre/pro-B
CAAGGTGTGCTAACTAAG-1_larry2,-2.424921727,-2.999149496,MkP 1
CATGGTTACACGGTGCCT-1_larry2,4.423658633,-2.057174022,EryP
TCATCAGAGCTAGTGCTG-1_larry2,-1.866508937,0.125318741,GMP
GAACCAGTTCATAATTGG-1_larry2,5.73891666,-2.150187905,MEP
GCGGACGAAATCGTAGTG-1_larry2,6.215701366,-2.81737488,EryP
GCAACTCGCTCTACATCC-1_larry2,5.883771205,0.907261555,MEP
GTAAGGTCCAACACACTC-1_larry2,-3.535124993,0.099316393,GMP
AATGCAGCGCCAGATCAC-1_larry2,-5.88556788,-4.549671824,MPP4
TACTCGCTGTATAGTGCG-1_larry2,-2.121544337,2.752913778,GMP
CAACACTCCGAGAACAGG-1_larry2,-3.048492646,1.030740802,GMP
GATCGCACTAAGTTGCCA-1_larry2,-5.669035172,1.341351574,MPP4
CATGTGAACGCCATTAAG-1_larry2,1.888014937,-3.626862461,MEP
CCATAATCGTTCCTCGGT-1_larry2,-3.638081288,-2.409599478,GMP
CCATAATCGGATCTGAAT-1_larry2,-0.612250304,6.494713609,MPP4
GAACTGCAATCGGACAGT-1_larry2,-6.115230775,-2.386849101,pre/pro-B
TACGACTTGAGTATGACG-1_larry2,-1.276579952,5.543969934,GMP
GTCGAGTACACTTCAGTA-1_larry2,-2.883651233,1.413138454,GMP
CCTTAATTCTAGCACACG-1_larry2,-0.213585412,3.078826015,GMP
GTGAGGACGGGAAGGTAT-1_larry2,-3.775311208,-2.288064654,GMP
TAGACCTACAGACTTCGT-1_larry2,-6.369073129,-2.060600336,pre/pro-B
AGTACGAATTCTGTGAAG-1_larry2,2.815688396,-7.89063328,MEP
ACTCTGCTCTCACATACT-1_larry2,-0.4969661,-6.257049735,EryP
TCTAGGATGGCGATGGTG-1_larry2,-0.394525266,6.104330843,MPP4
ACCGGAAGGAATAACTCC-1_larry2,-2.579435563,2.416806762,GMP
AGAGAGTGGCTCTCGATA-1_larry2,6.10837009,-0.137473087,EryP
ACTCCAACTAGTGTGCAC-1_larry2,5.411918903,2.505659645,GMP
GACCGCTTCCCACACAGA-1_larry2,-1.223705506,5.438458746,GMP
CGATTCGAGTCCAGCTAT-1_larry2,6.641201759,-2.018673594,MEP
ACGCTATGTGTATTACTG-1_larry2,-0.336440182,3.12084872,GMP
GATGTCTAGGAGCCGTTA-1_larry2,-5.581778741,4.944758241,GMP
GGACGAGCAAGCACCGTG-1_larry2,-0.703081703,-3.014259512,MPP3
AGTGACGATTGATAGAGG-1_larry2,2.779657865,-5.36350363,EryP
CATACGCAGTTGCTCTGC-1_larry2,-2.321777081,1.231010144,GMP
GATGCGACGAGGTGCGAG-1_larry2,6.647497916,-1.864897664,MEP
TTGGTAACTCACACCACA-1_larry2,0.298265451,2.92738754,GMP
TCGTCCGATTCACATACT-1_larry2,-0.70610795,-6.442487891,EryP
ATAAGACAGCCGCAGCTA-1_larry2,-6.667823529,-0.90620851,pre/pro-B
AGTGTTCTGGTAACGCGA-1_larry2,1.326138044,3.955200021,GMP
GGTGATAGGCATAAGATC-1_larry2,-6.309735036,-2.435817892,pre/pro-B
AGGTACCAACCGTTAGAC-1_larry2,-5.732517457,1.237206881,MPP4
TATGAAGACTTCCATACC-1_larry2,-2.924919581,3.977422063,GMP
AGACCAGCTTGCCGACTA-1_larry2,-2.330843425,-3.028603966,MkP 1
GGTCCTAAGCCATAATCG-1_larry2,-6.145622945,-2.105956609,pre/pro-B
TTGAGCTCTCCATAGCCA-1_larry2,0.270903522,-3.856820757,MPP3
CAATCATACACAATTCGG-1_larry2,0.206568802,-3.022457535,MPP2
GACCTTGTGAACAGATCG-1_larry2,-5.45529387,5.052782838,GMP
CAGCTTACCGAGCATACA-1_larry2,3.177917504,-3.843927796,EryP
AGGATTACTTCATCATCT-1_larry2,-0.481256223,-3.65253299,MPP3
TCACTACGTGGTTAACAG-1_larry2,-1.386888242,3.342375104,GMP
GCTTAGAACATGTGAGAC-1_larry2,-5.764369702,4.636118238,MPP4
CGCAGTGTCACAGAAGAG-1_larry2,-0.566522813,-2.936371739,HSC/MPP1
GGTCCTGGTAGTTGCCTT-1_larry2,6.308458114,-2.741000826,EryP
AGTCCAGTGCTGTTACCA-1_larry2,-3.878152585,2.69846565,GMP
GATTGAGTACGACCACTT-1_larry2,-2.876850343,2.997694795,GMP
CGAATCCTGGTCCTTCAT-1_larry2,3.967281604,-6.423070128,EryP
CACAGCGAAACACGTTGC-1_larry2,-1.207857823,-1.386992629,MPP4
CGGAGACTTTTCAACTAC-1_larry2,-5.853819108,-1.801345284,pre/pro-B
ATAGTCTCCACCACGGAT-1_larry2,-1.589680409,5.763975923,GMP
AACTGATTCGCTCAGCCA-1_larry2,-1.824061608,1.269195621,GMP
GGATCAATGAGTTGTGTA-1_larry2,-1.202890849,-0.382266613,MPP4
GCTTCACTCCTGCAAGCC-1_larry2,-6.208544469,-2.427633221,pre/pro-B
CGTTGATCCAGTACTACA-1_larry2,-2.075166678,-0.63555419,MPP3
ACGCTCTTACGTGTGTGG-1_larry2,5.72068193,2.978779619,GMP
GAACCAGTTGCATACATG-1_larry2,-6.566895223,-0.550957675,pre/pro-B
TTCCGAGCGGAGATGTAT-1_larry2,-6.025174355,-3.907347853,pre/pro-B
TGTTAAGCCTTGATGAGT-1_larry2,-1.085738754,3.193685834,GMP
GATCGCGAAACTACTCAT-1_larry2,-2.852479911,-6.376021559,MPP4
TAGCCTTGTGACTCAGTG-1_larry2,-2.735791421,1.957962816,GMP
GAATCACATCGGTTCTAT-1_larry2,-0.467776394,-6.384902651,EryP
GATTATGCGTGCCAATGG-1_larry2,-5.950972771,-2.400630171,pre/pro-B
ACAGCGTATTCTACAGTT-1_larry2,-2.324851966,-2.977501805,MkP 1
TCATGCTCATACCTATCC-1_larry2,-6.125133252,-4.293248112,pre/pro-B
ATAGCACGGGTCTTATGC-1_larry2,-1.792124963,1.288683598,GMP
TTCACTCCTATTGGTTCC-1_larry2,-2.236217475,-5.65966099,MPP4
ACTCTGCTCAATCAGGAG-1_larry2,2.797714257,-3.686413224,EryP
CGTCATGGAGAGATGTAT-1_larry2,3.179914498,-4.997832949,EryP
GGTTGCTATGCACAGTAA-1_larry2,-6.256809926,-2.33500808,pre/pro-B
AATTGGATCACAGGAACT-1_larry2,2.990817094,-2.551581318,EryP
CTTGGATCACACAATAAC-1_larry2,1.520885015,-3.501352484,EryP
AGCATTCCATTAGGAAGG-1_larry2,2.990309978,0.608332222,MEP
ATACCGCTTACCTGTACC-1_larry2,-3.295124507,-2.602220709,MEP
CCAGATCACACCGGAAGG-1_larry2,3.373954559,-3.460323508,EryP
CATAGAGATATGACACAA-1_larry2,-6.591644978,-1.984156425,pre/pro-B
CCGTTAGACGTCCGTAAG-1_larry2,-4.749098039,2.8021825,GMP
CATGACGTTACACACCGT-1_larry2,3.475120807,-2.056378777,EryP
ACGATGGAACAACACTCC-1_larry2,5.690914893,0.027765875,EryP
GTCATTCTACGTGAGACT-1_larry2,-5.880525327,0.754855936,MPP4
CAGTGAGGAGAGATACAC-1_larry2,5.393956447,3.088693922,GMP
TCCTTAGGTGTACGTCTA-1_larry2,5.76347425,1.631070321,MEP
AGTCTGGAAAGCTGCACT-1_larry2,5.039937282,3.175127571,GMP
GCTCAGCCAATTAGCGGT-1_larry2,3.934628034,-3.05682152,EryP
TGTACACGACATGCCAGT-1_larry2,3.024163985,-3.467158968,EryP
TAACCGTGACGTGCAAGG-1_larry2,0.331922048,-3.883783991,MEP
CTACTGTCAAGTGTCTCT-1_larry2,-1.422689175,-0.854630287,MPP4
CGGAAGACGTGAGAGGAC-1_larry2,-5.640976167,-2.132382448,pre/pro-B
TAAGGTCCGCCTCATAAC-1_larry2,-4.926186299,4.90629894,GMP
CTAACCGGTCGTTACACC-1_larry2,-0.078876948,2.83670408,GMP
GGTCCTGGTTGTCTACAC-1_larry2,-5.989800668,-4.403873141,pre/pro-B
GTACAATGCGCTACAATG-1_larry2,-3.332262492,-2.49789613,MPP4
CCTCAGGTGCCGCTATCC-1_larry2,-5.307322717,5.004443948,GMP
ACTCTGCTCTGCCTGGTT-1_larry2,-3.665323949,0.39759094,GMP
TTCTCCACATTACTTACG-1_larry2,1.656078541,3.75313503,GMP
TAGGTCAACGTCAACTGA-1_larry2,-5.994062638,-4.396733458,pre/pro-B
CACCAAGATATGCTGTCG-1_larry2,0.933819616,-4.180548842,MEP
GACCGGTAGAGCAAGTCC-1_larry2,1.841419482,-3.037105496,MEP
GGATACAATGGTGCGTAG-1_larry2,1.719987416,-3.488409455,EryP
TTCTGAATGCAAGCGCAT-1_larry2,-3.101842618,-6.166367228,GMP
AGGTCCGTCAGACATATC-1_larry2,-6.460735535,-0.564000691,pre/pro-B
CATCTCGATTGTAACAGT-1_larry2,-2.522891736,2.674313371,GMP
CTTACCTAGGTAAGGTCC-1_larry2,5.591100478,-0.342101964,EryP
GATGCGGTTCCACGCCAT-1_larry2,5.900685096,1.032534783,MEP
AAGTCATGAAGGTGTACA-1_larry2,4.867418552,-3.313225682,EryP
TGATTCACCAGCTCTCCG-1_larry2,-4.859191632,2.638799017,GMP
ACTAACCGACGGTGAGTC-1_larry2,1.799205923,-3.59861582,EryP
TTGAGACGGTGATTGTGC-1_larry2,-2.985988116,3.788867776,GMP
ACTATTGTCGCAGCAGTG-1_larry2,4.06025269,-3.157453949,EryP
GACACGCAAGCACTGGAT-1_larry2,-2.512780404,2.483612125,GMP
ACATGGATTAGCGGAACA-1_larry2,-3.792821145,-2.238007719,GMP
GAGCACATTGGATACAAT-1_larry2,-1.596860862,-1.354580696,MPP4
AAGCAATCGCTTAAGTTG-1_larry2,5.39658525,2.850459402,GMP
CAACACCTATAAGGTCCG-1_larry2,-7.463958955,-3.040727074,pre/pro-B
CAGCGTAAGTAGTCAGAC-1_larry2,-7.554496026,-2.896930153,pre/pro-B
GACTTCACCCCTTGCTTG-1_larry2,5.699108386,2.196767633,MPP3
TGGAGAACCGTATGATCT-1_larry2,-3.75729773,-2.257735665,GMP
CACCTCGGACCTTCCTCA-1_larry2,-0.594968772,1.279420798,GMP
ATTGCCGACCCACGGATC-1_larry2,1.729892397,-2.760271246,MEP
GCGACACAGTGTCACATA-1_larry2,1.144334549,3.950547998,GMP
TGCTCACACTCCGATCTG-1_larry2,-2.447383857,0.76858968,GMP
TCGCTTAACGACTATTGA-1_larry2,-3.74343512,-2.289727504,GMP
GATCGTTGACCACTACCA-1_larry2,-0.670547104,5.740989988,GMP
CGGAAGACGTACCTATCC-1_larry2,-1.778170562,3.838085954,GMP
CATGACGTTCCGATACCG-1_larry2,-5.377396798,5.057498281,GMP
CCACGAAGGACACACGTC-1_larry2,0.860944891,-2.622340615,MEP
TACAGTTAGCGATCCAGA-1_larry2,-3.793522572,-2.246955569,GMP
CATTCAGTTAGAAGTAAC-1_larry2,0.809744039,-0.946378465,GMP
ACACCGCCATCAAGGTCG-1_larry2,-1.83461926,3.384768789,GMP
TTAACGGAGGCGATGGTG-1_larry2,-1.460506892,5.881281202,GMP
CATCGAAGCACCATGTCT-1_larry2,4.02924254,-3.538309987,EryP
CAGGTTGTCTTCTCCACA-1_larry2,4.24520185,0.400649195,EryP
TGTATGTAGGGATCAGGT-1_larry2,1.292159403,-3.219032462,MEP
AACAACTGGTGGTGGTAA-1_larry2,-0.875205731,-3.061635668,HSC/MPP1
GTACGCGATAAGTCATGA-1_larry2,4.300746942,-2.04473191,EryP
TACACGGTCTAGTCGCAT-1_larry2,-0.312488174,2.306373899,GMP
CACGTAGACAGGTACCAA-1_larry2,-1.400236344,5.628989046,GMP
CTGGTCGGTCACCTCAAC-1_larry2,-2.036133981,3.133347814,GMP
AAGAGAACTCATATGTCG-1_larry2,6.10747459,0.835096424,MEP
ATTCACCTCCAGCTAGTT-1_larry2,-5.439158654,-2.233699734,pre/pro-B
GTCATTCTAACAAGGTAC-1_larry2,-0.063249266,2.008653944,GMP
AACGAGAATGAGCACATT-1_larry2,-5.433719373,-2.224529679,pre/pro-B
CTTAGGACTCCACTGAAG-1_larry2,4.466255927,-1.925413902,EryP
GCTCAGCCACTCGCTACG-1_larry2,-1.313003278,-6.193685229,MEP
AACGATGACACCTCCTAG-1_larry2,6.413931155,-3.050138171,EryP
TTCCAGATTCAGGATCAA-1_larry2,6.032221103,-2.462282116,EryP
AATTAGAGGTCCAACGTG-1_larry2,1.749143028,-3.569464142,EryP
TTCCTGCTATCGGACAGT-1_larry2,6.731586242,-1.852572496,MEP
TAAGGTCCGATAACGACA-1_larry2,-5.961269116,-2.474139626,pre/pro-B
GGTAGACATCGTGTGTGG-1_larry2,-5.958729482,-1.535441334,pre/pro-B
AGTACTACAGCGAAGCTC-1_larry2,2.066849613,1.879631584,GMP
ATAGTCAGTACGAATCGC-1_larry2,-2.988864159,-6.244938071,GMP
GCCTTAGAGCTGCTGCTT-1_larry2,-0.932166076,-6.327649767,EryP
CACAATAACCAAGTCGAA-1_larry2,2.85776999,-2.622012312,EryP
GGATAATACCAGAAGTGA-1_larry2,-2.261242127,2.137961929,GMP
TTCTCCACAGTCAGCGTC-1_larry2,0.866693074,0.076754366,GMP
ACTGTGTCACGGTGAGTC-1_larry2,5.093806052,3.323784177,GMP
CGCAATCGAGGTAATCTA-1_larry2,6.728419566,-1.812365825,MEP
TTGTCAACCACTAACCGA-1_larry2,-2.511960721,1.35419852,GMP
CTCTCAGTCTGCCAATGG-1_larry2,1.658903146,-3.539307053,EryP
GCGACCTGTCGCCTGCAA-1_larry2,-3.380678391,-6.100726302,GMP
AGTCAGTTGTTACACCTT-1_larry2,4.601594472,-2.994062359,EryP
GTTGCATGGCAAGGTGTG-1_larry2,0.464035952,-2.885394747,MPP3
GCGTTCAGAATCACCGCA-1_larry2,-3.123577809,-4.087556298,MkP 2
CATGTGAACTCTCCGCGT-1_larry2,-4.741801953,2.711489027,GMP
TTGAGACGGAGTACGAAT-1_larry2,-1.630231833,6.231526678,GMP
TACTTACCAGTCGTGTTA-1_larry2,5.658129001,-2.270599539,MEP
ATATCAGCCGATAAGCTG-1_larry2,6.220093036,-2.947959359,EryP
GTGGATAAGCATGGTTAC-1_larry2,-1.82363913,1.773652141,GMP
TAGAGACTACAGGAGCCT-1_larry2,-5.622730946,1.150111144,MPP4
TGTGCTAACTTCACTGGA-1_larry2,-2.069583869,2.841051881,GMP
TCCTTCGTATTCTGCCGA-1_larry2,0.628011048,-1.191549654,MPP4
GTGTCGAGCTGTGAGTAT-1_larry2,-3.192711568,1.17944998,GMP
TTAACGGAGAGAATCAGA-1_larry2,-6.094175076,-4.334225352,pre/pro-B
AGCTTGGTGAATACCTTG-1_larry2,-0.303225672,2.292964284,GMP
ATTCGAAGAAACTTGTCG-1_larry2,-1.361539817,6.310313051,GMP
TGAGCTAGATGCGATACT-1_larry2,4.108172918,-1.395625765,EryP
TGATAGAGGACAATAGGT-1_larry2,-0.973703956,5.286978071,GMP
GTTGCTCAGCTGAGTAGC-1_larry2,-5.108204579,2.531438892,GMP
CCTCGAGAGATGCGCCGT-1_larry2,-5.547482705,-1.981375987,pre/pro-B
GCTCAGCCATGGTCGCTA-1_larry2,5.175123,2.908058946,GMP
TGAACGTCAGCGACAACC-1_larry2,-4.833484387,2.632346456,GMP
GCGCTTCTCTGACTGAGA-1_larry2,-1.996317601,-1.009259815,MPP4
CCTGTTAGCTACCGATTG-1_larry2,1.47499367,-3.507044251,EryP
CCGAGTACTTCGCTGATT-1_larry2,0.439361596,3.08384711,GMP
GGAAGGTATCGCACTGAA-1_larry2,2.971514726,-2.535574372,EryP
CAGTTACTGTCTACGCAA-1_larry2,3.820616269,-6.482211764,MEP
AGATCTGACAGTGATGCG-1_larry2,3.880488658,-6.454981978,EryP
TGCTCAGCGATGAGCAGG-1_larry2,-3.10738585,1.675429289,GMP
AGCACCGTGTGCTTACGG-1_larry2,-6.708539224,-0.770191367,pre/pro-B
GCTCTCCAATACGAGTGA-1_larry2,-5.444015241,2.076549118,GMP
CAATCAAGTCTATCTTGA-1_larry2,-0.927335834,2.938155477,GMP
AACACACTCGCAATCACG-1_larry2,-1.489106631,2.761981313,GMP
ACAAGAATGTAGTAACGG-1_larry2,-5.223962521,2.307777469,GMP
CCTGCTCCACCTGCTCCA-1_larry2,-0.687921381,-3.049001868,HSC/MPP1
TGCCAATGGACGGACCAT-1_larry2,-5.820741868,-1.803657825,pre/pro-B
CTATTAAGGAGCTACTCA-1_larry2,-1.270597315,5.428232973,GMP
TGCGACGTTCCGAAGCGT-1_larry2,-1.875531411,-2.290821965,MPP3
CTGTCACTTTCGTGCCAC-1_larry2,-6.416136479,-0.218314576,MPP4
GACGTGGTCATAATCGAG-1_larry2,-2.357854581,0.120213245,GMP
CAATCTCCGTGCGTCTTA-1_larry2,-0.523603654,5.302484338,GMP
CTAACACTGCACCTCAAC-1_larry2,2.065722013,-2.69317549,MEP
CTCAGTGATGTGTCTGGA-1_larry2,-1.493337607,2.481983011,GMP
CGCCACCATCCATGCGTC-1_larry2,-4.757920003,2.73483402,GMP
ATGCTTCAGGTGTTGGAA-1_larry2,-0.119483864,-3.057345326,MPP2
GTAATATCGTAGTCGCAT-1_larry2,-1.655137276,4.951129739,GMP
GGTGGAGCTCGCGTACTA-1_larry2,-1.200818276,-6.253633673,MEP
GACTGCCTGCGCCATTAC-1_larry2,-2.913503384,1.817864482,GMP
ACTCGCTGTATAGAGCAG-1_larry2,-3.534257626,2.921980207,GMP
GCGTGATACAGAAGTAAC-1_larry2,2.90545466,-5.195708449,EryP
CGATAGGTGATCCAATGA-1_larry2,-1.613219952,-1.319122131,MPP4
GAATTGTTGCCTGCGTTA-1_larry2,-0.925849771,5.622981374,GMP
CAAGTCGAACCGGTTCTA-1_larry2,1.204328203,3.82405359,GMP
AGGATCTCACACTGTATC-1_larry2,-2.824434018,-6.021886523,GMP
TGCTCCTCCGCGTCGTCT-1_larry2,3.121251607,-3.707936938,EryP
GATATGGACACTTCAGTA-1_larry2,-0.854429102,6.586797063,MPP4
AATGCTGATCCTGTCATT-1_larry2,-0.267644501,3.038618391,GMP
ATTGATTGGGATCTACTT-1_larry2,2.763118053,-3.259830649,EryP
GCGTGATACCCATGCGTC-1_larry2,-3.235265708,-5.821066554,GMP
TTGATCGTATCGCATTCG-1_larry2,-1.755454039,1.609858816,GMP
TGCGTAATCCTCCGCATT-1_larry2,-6.007251954,-4.205532486,pre/pro-B
GAAGGATCAAAGCTGAGG-1_larry2,-0.966290808,-3.113394196,HSC/MPP1
TAGAGACTAGGTTCAGAC-1_larry2,-2.460165238,-5.764690573,MPP4
ACCTTGAAGTGTTAAGCC-1_larry2,5.128175521,3.154725139,GMP
ATGTCCTCCTGACTGAGA-1_larry2,-5.947709775,-4.311278517,pre/pro-B
GGATCAATGGTCTCTTCA-1_larry2,0.798712591,-0.467509772,GMP
CGCTTCACGATTCGAAGA-1_larry2,3.179036403,-5.257043059,EryP
ACCATCTAAGAAGGATCA-1_larry2,-2.442314124,4.013645475,GMP
CCGATCAGCTTCAGTGCC-1_larry2,3.607838178,-3.48129266,EryP
CCTTAATTCGAGCATACA-1_larry2,-0.425670719,-3.48912781,MPP3
CATCTCACGACGCTCTTA-1_larry2,-0.854291892,-6.356718714,EryP
ATTCGAAGACTATCTTGA-1_larry2,-5.45509932,5.089834516,GMP
CTGAGTAGCTATGGTTGG-1_larry2,-3.00782845,-6.388222392,GMP
CCTAAGAAGCGGAACGAG-1_larry2,5.940095687,-2.137116249,MEP
GAGTTAACTATCATGTTC-1_larry2,-5.308202004,2.166171138,GMP
CCACTACCAAGTAAGCCA-1_larry2,-0.143253958,6.185633009,MPP3
TAGTAACGGGAATCACAT-1_larry2,-1.635165906,3.085537975,GMP
TGGTTATACAATCGCCAT-1_larry2,-3.094569182,-6.356504137,GMP
TTAGATCGGGCCTGCATC-1_larry2,1.448367262,-3.331594641,MEP
ACCACGGATTGTTGTCGA-1_larry2,-1.684204316,4.903785055,GMP
TAGTAACGGGATCGCACT-1_larry2,-0.294901347,6.442884748,MPP3
AGCGTAGAAGACCAACAG-1_larry2,-5.033593869,2.461214845,GMP
TGGTCCTAGCCGATGTTC-1_larry2,-2.765259242,-6.031618292,GMP
CATAAGATCGCTCTGTGT-1_larry2,-5.581217027,-1.849407847,pre/pro-B
AACAACCTAGTAGGACGC-1_larry2,-5.751135087,-2.302048619,pre/pro-B
AGCTCTCCGCCTGTCGAC-1_larry2,-3.115041947,-6.283295329,GMP
GAGCACATTCCAGTCTCA-1_larry2,-2.110380387,1.097144549,GMP
TCGCTGATTCTCCACGTC-1_larry2,-3.03432343,-6.127762968,GMP
TAGCCTTGTTATGTATGC-1_larry2,-1.027769184,2.645961349,GMP
CACGGATAGTCCACCTCA-1_larry2,-2.718463874,1.593665307,GMP
TATAATCGCCTTCGTGCA-1_larry2,1.559464896,2.165852373,GMP
GGAGCATCTCGACCTGTA-1_larry2,-2.29437325,-0.303138314,MPP4
GGTGCGTAGGTCCGCTCA-1_larry2,1.590341175,-3.614327366,EryP
TCGCAAGCAGATTAGACA-1_larry2,2.494159246,3.072743719,MEP
AACTAACTGACCGGAAGG-1_larry2,-5.257152772,5.052590196,GMP
GTGTCGAGCCTTGGATCA-1_larry2,-3.576826787,0.339016025,GMP
TGAGTTAAGCTAGAGGTA-1_larry2,-1.314155078,6.15538389,GMP
TTAACGGAGATCGTAGTG-1_larry2,0.896355847,-4.05436867,MEP
CTTGTAACGTCTGCAACA-1_larry2,-3.537002301,0.544485335,GMP
TTCGCATCCATGCTTCAG-1_larry2,-5.496699548,5.020928209,GMP
TGTCACATAAGACATATC-1_larry2,-0.135601258,-2.704019005,MPP3
TTCCGAGCGCCACACAGA-1_larry2,-5.429677224,-2.08732229,pre/pro-B
GTCAAGATCTCTAATACC-1_larry2,1.924487615,3.63107497,GMP
GCGACCTGTTCTATTAGG-1_larry2,-1.216784334,5.396748369,GMP
CCGACGTCAGGTAACTAC-1_larry2,-1.772427535,2.315309827,GMP
GCCTAACGGACTGGTGCT-1_larry2,2.633416796,-3.791124756,EryP
GGTAGACATCTTCTATGA-1_larry2,0.226512367,2.128731554,GMP
AGGATTACTCGGTGAGTC-1_larry2,-3.006695485,-6.347932036,GMP
CGTGTGTGGGTGGTACGG-1_larry2,-1.809780812,0.646037166,GMP
TTGCCGTAGTGCGCACTG-1_larry2,5.650042319,2.794908826,GMP
TCAATGGACTATAATCGC-1_larry2,4.078637386,-6.543043787,EryP
TCAAGCGTAGGAGACACA-1_larry2,5.753795886,-0.214176195,EryP
GATACACTATAGCTAAGA-1_larry2,2.689462924,-4.049944813,EryP
AGTAAGCCATATCACCTG-1_larry2,-2.805583215,1.252017086,GMP
TTCCTAAGGGATCTGAAT-1_larry2,-2.875358796,4.176734274,GMP
TAGTGCACTGTGCATCAA-1_larry2,-5.7952039,-1.295276935,pre/pro-B
ATCCATTAGAGCATATGG-1_larry2,-0.605974531,1.786656206,GMP
AATCGTGTTATAGCCTAA-1_larry2,-0.594958639,-6.345901186,EryP
ATGGAGAGTACGTGCTCG-1_larry2,5.542295718,-2.923553879,EryP
CTATCCATCGTCGTTAGA-1_larry2,3.677985454,-3.228168423,EryP
GCTGATGTCTGGTAGCAG-1_larry2,-0.680307245,2.765748565,GMP
ATGCTCACCTGTCACATA-1_larry2,-3.307067609,2.896037405,GMP
TTCTCCACATTCCATACC-1_larry2,5.662883544,2.54143626,MPP4
GACGTAGCACTAGGTACT-1_larry2,-6.456866956,-1.704141791,pre/pro-B
GTATACAGACCACCATGC-1_larry2,-6.046134209,-4.306070979,pre/pro-B
ACCGACGGTCCTCGACCT-1_larry2,-2.481497741,-6.071600611,GMP
GTTGATGCAAGCGGTCTA-1_larry2,-5.5714185,-2.073558147,pre/pro-B
CGTCATGGAGCCATCGCT-1_larry2,-7.494995332,-2.980964358,pre/pro-B
GTCCACAACACGCGACAG-1_larry2,-6.961406922,-2.871856148,pre/pro-B
TTGGACTTCCAAGAACCG-1_larry2,-3.077748275,3.669084137,GMP
GTGCTGACTCAACTAATC-1_larry2,-1.816167807,1.091046279,GMP
ATTAGCACATCGATTCAG-1_larry2,1.76944437,-1.537218506,MPP3
GTCAATACAGTGCGAGTA-1_larry2,0.720078239,-0.464474465,GMP
AACAACCTATCCTGAGAC-1_larry2,-3.030416941,1.741032665,GMP
TGGTGGTAAAGACTAGTA-1_larry2,-2.020350909,0.4355498,GMP
AGTTATCGCATAATCGAG-1_larry2,0.265501613,-3.062118466,MPP3
ATCTCGTGACACCTACGC-1_larry2,5.071642661,2.945520465,GMP
CTTCGTGCAGTGAACCAC-1_larry2,5.174462104,3.479908292,GMP
CTTGGTCATGTGTCGAGC-1_larry2,-5.314493394,4.850126093,GMP
TCTGCAACATAGATAGCC-1_larry2,3.915681625,-1.925016339,EryP
GGTGTGACCCAACTCCAG-1_larry2,1.807367349,-1.584287698,MEP
CGGTGAGTCCTTGGTCAT-1_larry2,-1.425973868,6.469210451,GMP
GATACCGGACATCTCGAT-1_larry2,-1.109068966,5.639585798,GMP
AACTAACTGTACGAGTGA-1_larry2,5.645276332,-0.085767965,EryP
GGTCTCATGACATGACTA-1_larry2,-0.466103649,6.399679964,MPP4
CTAACCGGTCATATGCGA-1_larry2,0.790865952,-0.512741561,GMP
CACTCACTAAGACCACGC-1_larry2,0.457829648,-2.96073025,MPP3
CATAGGTGTACTGACTAC-1_larry2,2.498242402,-5.638610537,MEP
AGACCAGCTGCTTGGTTC-1_larry2,5.568700099,-0.301547877,EryP
CTTCGTGCATGTCTACAC-1_larry2,-0.776260114,-6.346062357,EryP
GTCTTCATAACTCGCTGT-1_larry2,-1.261377072,5.665649717,GMP
GGATACAATACTCATTCA-1_larry2,-5.990352368,-4.184426958,pre/pro-B
TCCTTAGGTGTGATGTGC-1_larry2,-0.995899653,5.879106348,GMP
TGTGGTCCTCTGAGGTTA-1_larry2,0.626116484,-3.853992159,MEP
CCGGATTGCATAGTCAGT-1_larry2,6.575284267,-1.930380876,MEP
AATCAGGAGGAGCGACTC-1_larry2,-1.199331856,1.920351808,GMP
TCTTGGTAGGGTCCTGGT-1_larry2,-5.036144948,-1.795669253,pre/pro-B
ATTCACCTCAGCGGTAAG-1_larry2,5.984030032,0.92476589,MEP
GTCGTTGCGAGACGCTAT-1_larry2,4.860605502,3.243718212,GMP
GCAGCTTGATGAACTTGC-1_larry2,5.96596458,-0.239291022,EryP
CCATCACGAGACATATGT-1_larry2,2.440454507,-2.507193263,EryP
GACTCAGTGTGATTGCTG-1_larry2,3.659805799,-3.70056885,EryP
TACAAGAGGTAACACGAG-1_larry2,-1.955503201,1.590785568,GMP
CCTGCTCCAACGGTGCCT-1_larry2,-1.8270931,1.751795356,GMP
GGAGAATGAACCGTACGC-1_larry2,-5.687300896,1.507734006,MPP4
TACAGGACTACAGGAACT-1_larry2,-3.060506558,3.753462617,GMP
GAACTGCAAAGGTATTCC-1_larry2,5.852811122,-0.337482448,EryP
CACAATAACACACTAACG-1_larry2,2.785460973,-7.797959502,MEP
CTAACCGGTGGACGAGCA-1_larry2,6.357991004,-2.948427851,EryP
TCGTCATTCAACTCCATG-1_larry2,-1.628526902,2.654270952,GMP
CGTGTCCGAACATGACTA-1_larry2,-5.483545995,5.028897588,GMP
GCTGACAGAACAGCGGTC-1_larry2,-1.462271428,-6.118885214,MEP
CTCAGGTACGTACGTCTA-1_larry2,-1.804947352,3.144643848,GMP
TTGAGCTCTACAAGAATG-1_larry2,-5.298440194,5.095702951,GMP
TACCAGCCACGCCACCAT-1_larry2,-1.587234711,0.355003719,MPP4
ATAATCGAGATCTCTGCT-1_larry2,-1.540537095,5.934263532,GMP
GCTATGTAAGCGGAGATT-1_larry2,-5.912212586,4.549533193,MPP4
CAGTGAGGAGTGTCGAGC-1_larry2,5.807315612,1.136599963,MEP
ATCGCCTCTATTAAGACC-1_larry2,-1.729210114,3.388031547,GMP
AAGCTTGCAAACTGATTC-1_larry2,-3.180997586,1.554871385,GMP
ACGCTCTTATAGCGAGAA-1_larry2,-3.33108685,-6.126297648,GMP
AGGATCATGCCACACAGA-1_larry2,-0.316296136,-1.792685802,MPP3
CAATCATACTAAGTACAC-1_larry2,-3.10091207,1.743699853,GMP
TTGCCAGATACGCAAGAT-1_larry2,-3.805384374,-2.305598433,GMP
CTTCCGGTAAATCCGCTG-1_larry2,-3.5156214,-2.003006632,GMP
TATGAAGACATCCACAGT-1_larry2,-6.498426652,-0.714727337,pre/pro-B
CCTAGTCTCTACCGCGTT-1_larry2,-3.472091412,2.850106781,GMP
GGTAAGGATGACCAGAGA-1_larry2,-1.261639452,4.999677007,GMP
CACCAAGATCGAATCCTG-1_larry2,-1.996673322,-5.858874495,MEP
CAAGTCACTTTAACGTTC-1_larry2,-1.138230896,2.56188256,GMP
TACCTCCTCCGCGTACTA-1_larry2,3.22943666,-3.640700514,MEP
ACTCTCACAGATTAGACA-1_larry2,-7.487085557,-2.925328906,pre/pro-B
AAGCATTGCACTACTCAT-1_larry2,-1.110017395,5.40935642,GMP
TCTATGACAGATGCGGTT-1_larry2,-3.031562543,-6.258670027,GMP
CACGTAGACTAGACCATG-1_larry2,1.320036137,-1.769815261,MPP3
CTGAGATAGAGTGAGAGA-1_larry2,-2.49489758,-5.650102312,MPP4
TCGCTTAACTTAGATCGG-1_larry2,-3.16467092,1.162041967,GMP
ACATCGTCCAGCATTGTT-1_larry2,-5.608171677,1.482260888,MPP4
GTGCTCTTGTCATCTGTC-1_larry2,-4.320318436,2.699664419,GMP
CTGTACGACCCGACGTCA-1_larry2,3.16154697,-3.762082274,EryP
GTAGCTACAGTGGTACGG-1_larry2,5.942842269,2.447640007,MPP3
AATGCAGCGGCGCATTAC-1_larry2,0.666277814,-2.648260291,MEP
GGATCAGGTCCTCGACCT-1_larry2,-3.450786328,-1.056670661,MPP4
CTCCTGACGTCTGGAGGA-1_larry2,-0.562724805,1.898947303,GMP
TGAACGTCACCTAGTTAG-1_larry2,1.753050471,-4.480669196,EryP
ATGTGAGACAACGCATTG-1_larry2,-3.538911557,2.776480262,GMP
CACATTCTGAGTAATGGT-1_larry2,-1.20532403,6.198482339,GMP
TTCCTCGGTAGGAGCAAT-1_larry2,0.730220737,-3.15330332,MEP
GTAGTTGGTACTTCGCAG-1_larry2,-5.489720559,-1.99786597,pre/pro-B
TCCGATCTGCAATTGTCT-1_larry2,-0.065579271,2.154590194,GMP
GCGGAGATTATCATTACG-1_larry2,5.131434226,3.320102995,GMP
CTTGTAACGCATCGCTGG-1_larry2,0.459970156,-1.553678329,MPP4
CCGTCAGGTAGAAGAGTC-1_larry2,-5.263332581,-2.017380531,pre/pro-B
GCGCTAGAAAGATATGGA-1_larry2,5.666569495,-2.891514714,EryP
CCGGTTGAGCTTGCGACC-1_larry2,-6.443438744,-0.751128043,pre/pro-B
CTGATCAAGCCACGGATC-1_larry2,2.842958236,-3.707821305,EryP
GTATGCCTTACTTGATCT-1_larry2,4.046284223,-6.285757239,EryP
AATACTCCGAGTAAGCCA-1_larry2,4.137689853,-2.704857523,EryP
GTAAGTGAGATACAACCG-1_larry2,-2.491152263,0.540541534,MPP4
TTACTAGTCGTTCCAACA-1_larry2,5.709309364,-0.227943691,EryP
GTGATGTGCAGCACCGTG-1_larry2,-2.595995164,-3.366538699,MkP 1
TGTCGTGAGAAGCATTGC-1_larry2,-2.510155415,-5.925279791,MPP4
ATAATGTGGTTCTGGTGC-1_larry2,-3.012938475,-6.009012873,GMP
GCATTGATCAATCAGGAG-1_larry2,2.287804866,-2.596618588,MEP
ACTATCCTGCACAGCGAA-1_larry2,6.409910464,-2.882853444,EryP
AGCCAGGACGAGAATCAG-1_larry2,5.752998614,-0.18877736,EryP
CAGTCTAACTTCCATACC-1_larry2,-5.483341908,5.085135286,GMP
CCTCAGGTGCCGATGTTC-1_larry2,-1.797817206,-0.264000957,GMP
TCCTGTCCGATCCAATGA-1_larry2,-5.969739175,-4.098063404,pre/pro-B
AATTAGAGGGCCTTAGAG-1_larry2,-5.813014722,1.045289462,MPP3
TTATGAGGATGGTGCCTG-1_larry2,-5.462609982,1.731309955,GMP
CATGGACTCGTTGACCAT-1_larry2,-2.413442349,-3.06355303,MkP 1
ACGTGTAGTCTCTAAGAG-1_larry2,-5.66984961,4.866113489,GMP
GTGCTCGGAGGAAGAAGC-1_larry2,-2.076541161,2.387724702,GMP
ATGCTGTCGACTCGTCTA-1_larry2,-0.963877773,5.447974508,GMP
TTATGAGGACACCTACGC-1_larry2,-0.693923807,1.071985428,GMP
TGAGGTCTCCTTCCGGTA-1_larry2,-0.916076398,3.221837823,GMP
TTCCAGGAGATCTGGTAG-1_larry2,5.698375487,2.192983453,MPP4
CGGAAGACGTCGCTGATT-1_larry2,5.715692783,2.878476446,GMP
ATCCATTAGCCTCTGCAT-1_larry2,-2.089532828,1.00938112,GMP
GCTCTGTGTCTGAGTCCA-1_larry2,-2.025936341,0.392936056,MPP4
CCGACTTGGCTTCTCATC-1_larry2,1.61771884,-3.519481118,EryP
CGCGTGAGATCACAGGTA-1_larry2,-0.683059311,6.691769903,MEP
TTCGTGATGCGACCTAGC-1_larry2,0.986149186,-1.679437811,MPP4
AATTGGTGAACTGTGTCA-1_larry2,-3.397066808,-6.108799632,GMP
ATGAGGTATGGAATTGGA-1_larry2,-0.247285402,3.205761974,GMP
TTGATCGTAACTCCAACT-1_larry2,-5.709966874,-2.942123587,pre/pro-B
CGGTTCGTATGTGCAGTA-1_larry2,-2.53668592,-0.074397276,MPP4
GCTTACTAGCAGCTAGTT-1_larry2,4.219397807,-2.075895603,EryP
TGGTTATACGTGATGTGC-1_larry2,1.080363953,-2.279277141,MEP
TAGACCATGGTTAGATTG-1_larry2,2.452485824,-1.638981278,MEP
CTACGAGAAACTCATTCA-1_larry2,-5.409972882,2.088120048,GMP
ATATTCGCAACCGCTGTG-1_larry2,-0.342511928,2.325483387,GMP
GAGTCGTACTCGCCAAGC-1_larry2,-0.73168025,6.330572908,MPP4
TCCGATCTGCTAATACGC-1_larry2,5.899965072,0.955753152,MEP
GAACTATGGTGCAGCCTT-1_larry2,6.055314803,-2.874924595,EryP
TGTGTCTACAGCAACATT-1_larry2,5.236078525,3.099022214,GMP
CCTCCTTGTGCGCTTCTC-1_larry2,-1.215438223,5.415167635,GMP
ACAGAGATGTCGGATGTT-1_larry2,-2.806159711,4.032884424,GMP
CAGTATGATCTGATGCAC-1_larry2,5.389939094,3.323297327,GMP
GCTACCGAGTGCCTTCAG-1_larry2,-1.842294431,1.448003357,GMP
ACACCACATGCCTTGTGA-1_larry2,-6.020383572,-4.279098923,pre/pro-B
AGCTTCGATTACCGCGTT-1_larry2,5.64659574,-0.265482531,EryP
TGCATCGGATTACGGACC-1_larry2,5.526276851,3.197687213,GMP
TAGTACGTACTTCCTGAT-1_larry2,4.144471431,-2.900746281,EryP
ACGACATCTATATTCGCA-1_larry2,0.498051503,-1.580237324,MPP3
AACAACTGGGTGGAGGTC-1_larry2,-5.079626775,2.567708557,GMP
GACGTCAATCACATTCTG-1_larry2,-5.756564355,1.202247088,MPP3
TTACTTACGTGTGGTCCT-1_larry2,5.893402839,-2.839471037,EryP
CGCTTATGACGCGATGTA-1_larry2,-0.853496647,-0.367499913,MPP4
AAGCCAAGTATCTCTGCT-1_larry2,2.801501537,-3.179079468,EryP
AAGTTCTCTGCTCTCCAA-1_larry2,6.205859447,-3.059825594,EryP
CGGTTCTATTCATGCAGG-1_larry2,1.11197626,2.280920332,GMP
GAGACGATCGCTACAATG-1_larry2,-3.226693606,-6.140459711,GMP
TCTACAGTTTTCCTCGGT-1_larry2,-1.894917226,4.829480474,MPP3
GAACCAGTTCGTCATGGA-1_larry2,2.018529082,-2.033734376,MEP
CGTCTGCTGGGACACTGG-1_larry2,-2.236276364,2.543443267,GMP
TATGACCGACTTATCTCA-1_larry2,-5.783562875,1.170444434,MPP3
GGACTCCTTACTACTCAT-1_larry2,0.600010598,-0.695151205,GMP
AGATCTTCAGGTAGCATC-1_larry2,2.092827821,-3.578609402,MEP
GTCTTCTCGAGTACTCTC-1_larry2,0.495993802,-0.294960252,GMP
CCGCAGCTAGTCTACCAA-1_larry2,3.119973445,-5.332404787,EryP
TAGCGCAGCGTGCTCTTG-1_larry2,-0.980972624,-0.043563272,GMP
TGAACGGTTTGGAGAACC-1_larry2,-1.143645143,5.883011644,GMP
GCACCATCGTTATCGCAC-1_larry2,3.094164157,-5.379308875,EryP
CCATCACGAAGACATCCA-1_larry2,-1.583028531,-1.661696727,MPP3
ATACCGAAGAACTCCATG-1_larry2,4.050214791,-6.491048033,EryP
CTGAGATAGACATCGTCC-1_larry2,-1.770276046,0.372099285,MPP4
CCTCCTTGTCGACCTAGC-1_larry2,1.495066309,3.831946676,GMP
GAGCCGTTAGCGTTCAGA-1_larry2,3.377270246,-3.715640242,EryP
ATACAACCGAGACCACGC-1_larry2,-6.572668767,-2.128805692,MPP4
TCGTGCCACAGTGTTCTG-1_larry2,-0.516169762,-6.377187426,EryP
CTCGTGTCCATAGAGCAG-1_larry2,-1.330384826,5.105844324,GMP
CTGTACGACCGATTCGAG-1_larry2,0.915069932,-2.851434166,MEP
ACAGCGTATTACTGATGA-1_larry2,-0.474802708,-1.124254699,MPP4
GCCTTCCATCAAGAGAGT-1_larry2,-1.160680151,2.160251443,GMP
GGACAGATTAAGCCACAC-1_larry2,-3.145101762,0.900130217,MEP
TAACGGATACAGCCGCAA-1_larry2,0.905813196,-4.083275254,MEP
GTATCCTGCTAATCACGC-1_larry2,1.708811426,-2.984480317,MEP
TTATCCAAGGACCAACAG-1_larry2,-2.282063937,-2.518527682,pre/pro-B
ACACCGCCATCGCCAAGC-1_larry2,-5.537853455,1.840088909,GMP
CACAGCGAACGGATTCTC-1_larry2,1.515278363,4.004493063,GMP
TAACACGAGTCTCGTATC-1_larry2,-1.237123704,3.447262828,GMP
ATCGCCTCTTCGCCAAGC-1_larry2,-6.499711251,-0.761832948,pre/pro-B
ATCAAGAGATACAACACC-1_larry2,-1.852253175,2.886144703,GMP
TCCACGTGCCCTACTAGA-1_larry2,-1.407546973,5.57228071,GMP
ATGGAGGAAATGGATATC-1_larry2,-1.188233471,6.002461259,GMP
GCCTTGTGATCTCGATGC-1_larry2,4.000618243,-6.459630663,EryP
CTATCCATCTGGTCCTAG-1_larry2,1.224055195,3.03632695,GMP
CTATAGCTCGTCGAGTAC-1_larry2,-5.608848309,4.916184251,GMP
GCAGCTCTTGTAGAGAGC-1_larry2,-5.428835606,2.380818431,GMP
GTGGATAAGAGTACTCTC-1_larry2,3.94560101,-2.818817789,EryP
CGTGCAAGGAACGAGGTG-1_larry2,-6.636279797,-0.687217857,pre/pro-B
CGCGTGAGAAGCATATGG-1_larry2,-0.891360974,5.634516065,GMP
CCTTCCTCATAATCACGC-1_larry2,3.121904397,-5.408738787,EryP
TGTCCATAGCTCCTGACG-1_larry2,-5.504449582,5.020999734,GMP
ATAGTGGTTCGCCATTAC-1_larry2,-2.139635777,1.731677597,GMP
TCCTTCGTAACTCTCACA-1_larry2,1.201476062,1.951104705,GMP
CTGTCACTTATATTCGCA-1_larry2,2.146456385,-2.742720778,MEP
TTAAGTGGTATCTACATC-1_larry2,-3.264491296,-2.603091652,MPP4
CTCGACGATAGGAGCAAT-1_larry2,6.374870086,-3.053187306,EryP
CATGGTTACTCTGATGAA-1_larry2,-2.353793835,3.144752567,GMP
AGTAATGGTACGCAAGAT-1_larry2,4.214918399,-1.780693228,EryP
TTACAGTGTGAAGAGCAC-1_larry2,-0.869913912,1.650822108,MPP4
AGCAGACAATCAATCTAG-1_larry2,-1.022220468,-2.250762517,MPP3
GTACCACAATTGGACTTC-1_larry2,-2.199111199,-0.260604872,MPP4
AGCGACACCCATCCTCTC-1_larry2,5.487507606,3.015968864,GMP
TAGCAGAGTTGTAGATCG-1_larry2,-5.69613812,1.511604731,MPP4
TAGACCGCAATGATAGCT-1_larry2,-0.539566493,6.676576917,MPP3
TATGAAGACGGTCCTGGT-1_larry2,-6.19914124,-4.236027415,pre/pro-B
ATAGTGGTTTCTTAAGTG-1_larry2,4.486119294,-1.858151848,EryP
GTAGCATACAACAGATCG-1_larry2,3.420641446,-3.464826758,EryP
GTGTACCGTGGATCAATG-1_larry2,5.50149324,3.030505722,GMP
TAATTCGTGGGATCAATG-1_larry2,-1.892394519,2.115536039,GMP
AGTGACGATCACGTCATA-1_larry2,4.121306205,-2.92679208,EryP
GATGTAAGGGACGGTGCT-1_larry2,-0.428906059,-6.465301211,EryP
GGAATTGGATCGCTGATT-1_larry2,4.080562854,-6.50833338,EryP
CTATCCATCTAGCCAGTG-1_larry2,-1.875914073,2.758859222,GMP
GTGGATAAGGAGTCAAGG-1_larry2,-4.699372029,2.729849403,GMP
GACATAACGCAGTAATGT-1_larry2,-1.868306851,3.17152602,GMP
ATTGATCACTACCTCCTC-1_larry2,4.408833766,-2.06094032,EryP
ATCGAATCGACTTCTTGG-1_larry2,-1.371039128,1.508408253,GMP
CGGAGACTTCACACCTGT-1_larry2,3.308981443,-3.777719195,MEP
TTACTTACGATCTTACAG-1_larry2,-5.173107838,-1.975598628,pre/pro-B
CGTGCCTATGCCGCCTAA-1_larry2,-4.634576058,2.708274429,GMP
AATTAGAGGTATGTACCT-1_larry2,-2.962618089,-5.771649058,GMP
ATGTCGCCTGGTTCGCAA-1_larry2,5.889263415,-0.359967428,EryP
CGTGTATTCGTCGAGTAC-1_larry2,-1.574200129,-2.334982331,MPP3
TATCGGAACGTCCACAAC-1_larry2,3.963686252,-2.802856619,EryP
AGGATTACTCTGCGTCAC-1_larry2,-3.132845855,1.782891815,GMP
GGTTCTATCCGTCAGCAC-1_larry2,-6.503195023,-0.455549489,pre/pro-B
AAGTAGGACAGACTTCGT-1_larry2,-2.842889285,4.10242111,GMP
GTCACAGAGTGTAACAGT-1_larry2,-5.40989182,4.943616693,GMP
TGATGTGTGAATTGGTGA-1_larry2,3.210399652,-5.101131136,EryP
TGCCGACTAGATAAGCTG-1_larry2,-1.27006886,-2.166702206,MPP3
TACGTTGGATCCTTAGGT-1_larry2,1.685812378,-2.630210097,MEP
CACTTCCTTTAGGATGCC-1_larry2,4.72374084,-3.065880473,EryP
GAGTATCGCGACGTAGCA-1_larry2,-5.067747331,-1.468707259,pre/pro-B
AGAGGTGAAACTTAGCTT-1_larry2,5.2112396,3.474928682,GMP
CGCACTCTTTCCAGCTAT-1_larry2,5.510154033,2.973307674,GMP
TATCACCTGGTATACAGA-1_larry2,0.765039446,-0.079382802,GMP
AACCATGGTAACGAGAAT-1_larry2,5.744688773,-0.343982956,EryP
TCAGGTGCAGGAGATGAG-1_larry2,-6.194622731,-1.594261582,pre/pro-B
CTAGACATGGTGCATCAA-1_larry2,-1.556290364,1.303665941,MEP
AGTCTGGAATATGGTTGG-1_larry2,2.049140835,-2.436160023,MEP
ACTTCTTGGTGTGTCTAC-1_larry2,-0.95720551,5.184853857,GMP
AGTAATGGTATAGTCAGT-1_larry2,-1.098544454,6.09027559,GMP
TCCAACGTGGTACGAACG-1_larry2,0.475139716,-3.071125681,MEP
AAGCACAACTTGAGCTCT-1_larry2,-0.851499891,6.373937433,MPP4
ACGTAGTATATCATGTTC-1_larry2,-1.989142632,0.052318399,GMP
CATGACGTTTTCTGAATG-1_larry2,-6.493547654,-0.732561017,pre/pro-B
TGCCTGGTTCAATCATAC-1_larry2,-0.404592252,6.101724927,MPP4
AGTCGTCCGCTGCGTCAC-1_larry2,6.037702823,0.993576353,MEP
CTGGTCGGTTTGATCGTA-1_larry2,3.973117852,-6.345696623,EryP
TGACCAAGTCCGCAACAC-1_larry2,-0.58809886,1.124456828,MPP4
TCCTTCGTAGTCAGACCG-1_larry2,-1.145950651,3.244298284,GMP
CCGCAGAATCACTGGTCC-1_larry2,2.937352681,-7.701469595,EryP
CCTCTTGTAGCTGATGTC-1_larry2,-1.071388936,6.324976747,MPP4
CCGCAGAATAATCGTGTT-1_larry2,4.008142257,-6.511984045,EryP
AGTGTGCACATGCGCCGT-1_larry2,-2.871144509,-5.97364157,GMP
TGACCTCCTTGACGGTTG-1_larry2,-2.295753932,0.218021159,GMP
TGCGACGTTCGACAGGAA-1_larry2,1.635073924,-3.55325454,EryP
CCAAGCGAGCAGTATGAT-1_larry2,-0.648976302,0.892019813,GMP
AAGCTTGCAAGAGAGTGG-1_larry2,-2.221909022,1.961120431,GMP
TTCTCCACAATCGTAGTG-1_larry2,-4.507449841,2.763890092,GMP
ACTAACCGATAGCTAAGA-1_larry2,2.872862601,-7.826214011,EryP
CCGCAGCTAAGGAGCAAT-1_larry2,2.92344358,-7.72696274,EryP
AGGTCAGCACAGCGACGT-1_larry2,-0.574063277,-6.403814013,EryP
AGTAGAGGATGTACACGA-1_larry2,2.787756467,-5.633419688,MEP
TGTGCAGTAGCACAACTC-1_larry2,1.806211615,-3.439822848,EryP
GCTATGTAAAGATGAGAT-1_larry2,-4.853806233,2.648660486,GMP
TAAGGTCCGGGACTATTC-1_larry2,4.344236636,0.058133965,EryP
CCGTCAGGTTAGTAACGG-1_larry2,-1.004209375,1.969918077,GMP
CTTCCGGTAACGATGGAA-1_larry2,-1.791369176,-1.202171976,GMP
TTCCATACCAGACGCTAT-1_larry2,0.610711729,-1.6763609,MPP3
TTCATCCAATCACAGGTA-1_larry2,-1.833048796,2.947007244,GMP
GATTCCTCTAATCAGGAG-1_larry2,-3.602267957,0.313713555,GMP
TTCTCCACATACCAGCCA-1_larry2,5.706037307,3.09943897,GMP
CCAATATACCTACGTTGG-1_larry2,0.720823796,3.029101913,GMP
GGAACCTAGTGTTAAGCC-1_larry2,-2.464465356,-6.033881361,GMP
TATCTGTCAATCTTACAG-1_larry2,-5.483816838,2.057636325,GMP
TTGCGAACAGGACAGATT-1_larry2,-4.815234399,-1.609228666,GMP
TCTTGGTAGGATCTTCGC-1_larry2,-2.345562672,2.73193795,GMP
CGAATGAGTCGATAGGTG-1_larry2,-6.022158837,-4.11993974,pre/pro-B
TATGTACCTACCACGGAT-1_larry2,-5.133136964,2.403105085,GMP
GCCTTATCTGATACTGTG-1_larry2,6.016506934,0.770014947,MEP
CCATATGCCATGCTTCAG-1_larry2,-5.924330449,-2.42059129,pre/pro-B
TGCCAATGGGCCGTTGTT-1_larry2,-6.108918404,-2.530888731,pre/pro-B
AGACGGAGGACACAGAAC-1_larry2,0.501585388,-1.501182849,MPP3
ATGCTGTCGGTACGAACG-1_larry2,-0.930438971,-3.391885693,HSC/MPP1
GCAGCTTGAAGTTACAAG-1_larry2,5.98077991,-0.133242632,EryP
GTCAATACAATGTCCTCC-1_larry2,-2.216765141,-3.012059624,MkP 1
ATTCGAAGAGTGCTGACT-1_larry2,4.013485694,-2.561246808,EryP
GATGTAAGGCGATTGAAC-1_larry2,-3.527375913,0.611105924,GMP
AGCTACTCACAGCGTAAG-1_larry2,-2.146054005,2.915476625,GMP
GGTAAGGATGTTACTACT-1_larry2,-5.723772263,1.153349464,MPP3
CACGATAGATGTCAACCT-1_larry2,5.283844733,2.979562109,GMP
CTCTAAGAGTGAGTTAAG-1_larry2,3.262589479,-5.09765547,EryP
ACCAGCGTTATGCGTGGA-1_larry2,-2.977552867,1.69689316,GMP
TCGTAATAGATCTCGAAC-1_larry2,5.013801837,3.018168752,GMP
CTAGTATAGGTCGCAGGT-1_larry2,-1.346276259,-0.631108786,MPP4
TGCACGATGGTGTTGGAA-1_larry2,1.15307107,-4.284592802,MEP
TTACTAGTCATTCACCTC-1_larry2,-7.418483949,-2.9743244,pre/pro-B
GCACTGGATTTCCGCCAG-1_larry2,2.965272927,-5.410651858,EryP
TGAGCAGATTTGCTCTGC-1_larry2,5.106653476,3.173797195,GMP
ATAGCACGGAAGCAATCG-1_larry2,2.964229608,-2.980217869,MEP
GCACCATCGTGTCAACCT-1_larry2,0.387746924,-0.260207231,GMP
CACATGTGCTCTATGACA-1_larry2,1.926324153,-4.364502127,EryP
TAGTGCACTGTGTCTGGA-1_larry2,-1.360436177,-1.547058995,MPP4
ACACAGAACTTGTCAACC-1_larry2,4.40662911,-1.961326654,EryP
GTTAGTCAAGAACTATGG-1_larry2,-2.484201884,1.323744004,GMP
CAGCTGGAGTGCAGTCGG-1_larry2,5.80250814,1.382350509,MEP
TTGATGAGTACACCGCCA-1_larry2,4.182256007,-6.454831774,EryP
TAGCAGAGTTGATACCGT-1_larry2,-2.876709676,-3.991747792,MkP 2
GGTCTCATGTAAGTACAC-1_larry2,-2.032560325,2.409178083,GMP
CTGAGTCCAGCTACCTTA-1_larry2,-1.872499204,-0.831014092,MPP4
CGACGTACGTGAGCAGAT-1_larry2,-0.514359093,2.728996341,GMP
ATTAGCCACATGCGGATT-1_larry2,-0.406222796,6.487716501,MPP4
CATGTGAACCCAGCCAAT-1_larry2,2.704681659,-0.692795808,MEP
CCTGCTCCACATTGTTCA-1_larry2,-1.071319437,6.175956552,GMP
CCTTATCCGAGTGAACGG-1_larry2,2.942897105,-3.982464487,EryP
GATCGTTGATACCATGTA-1_larry2,5.967173362,1.057629292,MEP
GGTCTCATGGTGCGTTCC-1_larry2,4.025484348,-6.289714987,EryP
GTCTTCTCGTGACCTATG-1_larry2,5.618443275,-0.378463673,EryP
CACTTCCTTCACTACAGG-1_larry2,-2.744564032,0.939549868,GMP
GTCTACCAAATGTGAGAC-1_larry2,2.92207005,-7.724512274,EryP
TCCTCTAGTGATGCGGTT-1_larry2,3.752188945,-3.722013886,EryP
GTTGATGCATCCTTCGTA-1_larry2,3.138603711,-3.05989259,EryP
ACAAGTACATGCGTCTTA-1_larry2,4.320298696,-2.018710549,EryP
GTCAAGATCTACTCGCTG-1_larry2,-2.251409983,-0.252359527,MPP4
ACCACGCTATTGCAGTCA-1_larry2,-2.173406339,-0.531097318,GMP
CTAGACATGACAGTATTG-1_larry2,-5.199618554,2.328541105,GMP
CATCCACCGTCAGGTGCA-1_larry2,0.609633172,-0.102093632,GMP
CGGTTGCGAAGTGTTCTG-1_larry2,-0.710877275,6.560186212,MPP4
TACCGCGTTATTGACACG-1_larry2,4.352751756,-2.380123551,EryP
GTAACGCGAATAATCGAG-1_larry2,-1.599764323,2.876896446,GMP
ACCTTGAAGCGCTTATGA-1_larry2,-6.168744302,-1.386555011,pre/pro-B
GAGTATCGCCGATACTCT-1_larry2,0.743263745,-1.212377782,MPP4
TCACTACGTTGACTGAGA-1_larry2,-1.23381803,-1.455320651,MEP
GGAACCTAGGTCATTCTA-1_larry2,0.510182807,-2.967246706,MPP3
TAGAGCCAGCTTACCTAG-1_larry2,-0.92682383,1.900170868,GMP
ACCTTGAAGGTCATTCTA-1_larry2,1.763897443,-4.490753348,EryP
GTGCCATGACGGTAGCTT-1_larry2,-5.301398492,2.255524461,GMP
ATCCTCCGAGCAACTCGC-1_larry2,-5.003077245,2.842120235,GMP
AACCGCTGAGTGTACCGT-1_larry2,5.022579456,3.8144787,GMP
CATTCAGTTCAGGTATCG-1_larry2,0.574436279,-1.270704265,MPP4
ATCCAGCTGGAGCCGTTA-1_larry2,-5.421857095,1.967117136,GMP
GGTAGTGTTATGAGGTAT-1_larry2,-1.287188387,5.928936307,GMP
GTGTTGGAAAACTGCGAC-1_larry2,5.044265056,3.539936845,GMP
CCAACGGAAATTGGTTCC-1_larry2,-1.025088167,6.257933443,GMP
ATTCGAAGAGTCAACTGA-1_larry2,5.46791246,-2.249452884,EryP
CACAATAACGATATGGAC-1_larry2,4.027969146,-3.681194241,EryP
AACTTGTCGCTCGCTACG-1_larry2,1.223794604,3.950407331,GMP
AGTGTTCTGTGCAACTCT-1_larry2,0.562590392,-0.185397389,GMP
TGTTACTGACCTCCTTGT-1_larry2,-0.605440473,5.93680269,MPP4
CATGGTCGAGTGCATCAA-1_larry2,-2.092107749,1.8142677,GMP
GCCGTGAACGCTCTCCAA-1_larry2,-5.372056222,1.724136894,GMP
CCACATTAGGGTAGACAT-1_larry2,-1.790273642,4.990307157,GMP
CCATATCTTCCTAGTTAG-1_larry2,2.01795795,-3.126208479,MEP
GCGACCTGTTATTACAGC-1_larry2,-2.560381389,4.049536531,GMP
ATGGAGGAAACACACCGT-1_larry2,-1.04208014,1.51320297,GMP
GCGAGTCTATAAGCACTA-1_larry2,5.144600177,2.809810464,GMP
TAGGATTAGCTGTGCTCA-1_larry2,4.1834481,-3.297495539,MEP
GACCTTGTGTCTCCGCGT-1_larry2,5.416806483,2.413078611,MPP4
TCGTCCGATGGTGATAGG-1_larry2,4.028108382,-6.399250681,EryP
CTTATCTCACTTAACAGC-1_larry2,5.189155841,3.561576192,GMP
CCTCTGCATTGGATTAGC-1_larry2,1.196124995,-0.354487791,GMP
GAGTGCATAACAAGGTAC-1_larry2,3.588445687,-3.648546393,EryP
AATGCACTTTGCAACTCT-1_larry2,-5.96936152,-2.447971995,pre/pro-B
TAAGGTCCGTGTAGATCG-1_larry2,5.812011027,0.565719431,MEP
GACCACTCGGGAGACACA-1_larry2,-6.131883359,-4.249078209,pre/pro-B
CATCTCGATGGAACCTAG-1_larry2,-5.961420274,-4.332770045,pre/pro-B
TCATCTGTCTGGAGAGTG-1_larry2,-2.397414422,1.124343579,GMP
GCGTGAGCTCACCAGAAG-1_larry2,5.196846748,2.765237157,GMP
CTATCTTGAAACCGCTGA-1_larry2,-2.243197179,-0.089923556,MPP4
TACCGATTGAGAAGTCCT-1_larry2,-6.511469102,-0.50476792,pre/pro-B
TATGACCGACGTTCCATT-1_larry2,-1.634811377,-1.868861492,MPP3
GGTCCTGGTTCGCTGATT-1_larry2,-1.481109118,6.445665662,GMP
ACCGGAGTACTCGTCTTG-1_larry2,2.640921021,-1.486268337,MEP
CCTCCAATCTGACTGAGA-1_larry2,-1.170387006,-6.228694136,MEP
GTAGTTGGTCCGTAGTTG-1_larry2,5.525227809,3.286258762,GMP
GCTTAGAACTGTGAGTAT-1_larry2,5.903113151,0.794359629,MEP
CCGGTTGAGCCTAGTCTC-1_larry2,1.94945302,-3.27917331,EryP
TCACGCGACTCGCCAAGC-1_larry2,-1.392510629,4.670372789,GMP
AACTGCGACGAGATTCCT-1_larry2,-1.648105836,4.737945383,GMP
TCAGCGACCTGAGAGGAC-1_larry2,-2.791115022,2.965794628,GMP
ACTCGCTGTTACCTCACT-1_larry2,-1.84472487,-1.856317694,MPP4
ACAGCGTATCATTCCGAG-1_larry2,-0.907062507,6.036131208,GMP
GACCTTGTGACGTGCTCG-1_larry2,-0.990503049,5.439386194,GMP
CATCCTCTCCCAACGGAA-1_larry2,-5.76842854,1.132288282,MPP3
ATCCAATGACCGCTCATG-1_larry2,-7.531584,-2.933201725,pre/pro-B
GCAATGAGATGTAGATCG-1_larry2,5.890308166,1.014272516,MEP
TGGAGTGGACTGTGGTGG-1_larry2,-1.527354216,1.564996545,GMP
CTGGACTAACGACGTGAT-1_larry2,-1.425707316,5.127573793,GMP
TGCAGCCTTGACTGCGCA-1_larry2,2.42627039,-5.692370589,MEP
AGAGGTGAAATGCGTGGA-1_larry2,0.601136086,-0.782293583,GMP
GGAAGGTATACCTGCAGA-1_larry2,-2.517163253,3.972636526,GMP
AAGAGAGAGAATGCACTT-1_larry2,-3.237754559,-6.213278944,GMP
AAGGATACGTCCTCTAGT-1_larry2,2.425698781,-2.156847651,EryP
AGCTCGTCTTAAGTGTAG-1_larry2,-5.545420861,4.8663047,GMP
GTGGTTACCCGCGATGTA-1_larry2,-0.274929619,6.480337446,MPP3
GCGCTCTATAGCGACACC-1_larry2,-2.529255366,2.101539199,GMP
ACGATGACCTTATTCGAC-1_larry2,-2.976484513,1.879392212,GMP
GCAGCGATAAATATCAGC-1_larry2,-2.074901318,2.029806917,GMP
GTCCACAACTATCGGAAC-1_larry2,-2.934863543,-6.261566336,GMP
CATCCACCGCCGAAGCGT-1_larry2,5.838394427,-2.994668658,EryP
GCAGCAGTGTTAGCGTCT-1_larry2,4.580485368,3.128923004,GMP
ACGCACACTCATTATGTC-1_larry2,-5.503824925,1.349044983,MPP3
GTATTACTGACAGGTATC-1_larry2,-1.00890193,-6.315182383,EryP
TCGCAAGCAGATATATCC-1_larry2,-2.055675959,1.113426035,GMP
TGTTGTCGATGTGTCTAC-1_larry2,-5.706802106,1.350451057,MPP4
AGAAGAGTCTCGCCAAGC-1_larry2,2.592704797,-5.543214018,MEP
TACGGTCGTAATTGGTGA-1_larry2,-5.469112134,1.777108972,GMP
TGGTAACCAATCCAGCTG-1_larry2,4.883667255,3.210074966,GMP
GGTTCTATCTAGTCAGAC-1_larry2,2.325436616,-5.611684496,MEP
GGATTACGCATAGCACGG-1_larry2,-1.145390606,1.678473418,GMP
CCTGACCTCGTGCACGAG-1_larry2,5.242581153,3.180664842,GMP
ACAATAGGTGGTGATAGG-1_larry2,-3.067244506,0.131911372,MPP3
AGAAGAGTCCATTCCGAG-1_larry2,-2.997947669,-6.298224623,GMP
TAGCGAGAACTATTAAGG-1_larry2,5.8262532,0.920554106,MEP
TTGCGAACAGTCGTGTTA-1_larry2,-3.675677991,-2.386656697,GMP
ATTGGTTCCTTGAGACGG-1_larry2,1.844579005,-4.431640322,EryP
ACGCGTGACAGCCACTTC-1_larry2,-0.590279913,-6.404194529,EryP
TACTGATGAACGTATGTC-1_larry2,-3.339536881,2.736035411,GMP
CATGTCCTGCATCCAGGA-1_larry2,-3.114379859,0.802372878,GMP
AATCAGGAGATGTGAGAC-1_larry2,-1.687245345,1.530142968,GMP
GATACACTAAACGCATTG-1_larry2,-1.905776715,2.883950536,GMP
CCTCTTGTACCGCTCATG-1_larry2,-4.816717362,2.744312351,GMP
TCCGTATACCCATAAGTA-1_larry2,6.095637584,-0.20885628,EryP
ATGTGACGAAATTGGTGA-1_larry2,-0.458173013,-6.384493525,EryP
ACTTGATCTACACTAACG-1_larry2,-5.713887429,4.801808183,GMP
CGTTAATGGCCGATACCG-1_larry2,-7.542178368,-2.895182307,pre/pro-B
CCAGATCACGGATCAGGT-1_larry2,-1.798714375,3.034827058,GMP
GAGTCGTACCAGCGTAAG-1_larry2,-0.560287213,-6.325665648,EryP
TTCAACTACAGACGCCTG-1_larry2,-6.552115655,-0.726903821,pre/pro-B
CTTAGAAGGAGTCGCCGA-1_larry2,-0.771590447,3.057579582,GMP
AAGCTGAGGTTCTGAATG-1_larry2,-0.402091718,6.61951143,MEP
CTAGTTCCACGACAGGAA-1_larry2,-3.429351067,0.515962725,GMP
ACACACCGTGATCTGTTC-1_larry2,-1.402844405,-0.847946162,MPP4
AGTCGATCATGGAACTAA-1_larry2,5.527685905,-2.301117833,MEP
TGAGGTCTCTTAAGTGGT-1_larry2,0.209277177,-3.051822836,MPP3
GCCGAACCATACGAACTC-1_larry2,-6.538692689,-0.822295482,pre/pro-B
GTCAACTGAAGTCATACT-1_larry2,6.419947887,-2.979126866,EryP
TGGATAGGTTGTGCAGTA-1_larry2,-1.800914025,1.520853584,GMP
TGAGATCATTGCGCTGCA-1_larry2,-0.52726016,2.973586862,GMP
CATAAGATCATCGAATCG-1_larry2,0.911054695,-0.873054857,GMP
GCCGTCTTCGAGCAGGAA-1_larry2,-6.056116319,-4.348667796,pre/pro-B
AACACACTCAGCACACCT-1_larry2,0.214074129,-3.1728422,MPP3
GATACACTAATGGAGAGT-1_larry2,0.685058139,-0.112023066,GMP
TATCTGTCAAGCGCATGA-1_larry2,-3.379049516,2.792481964,GMP
ATCGATCCTGTGTCCGTG-1_larry2,-3.077764726,0.163907235,MPP4
CAATACCACGACGTTCAG-1_larry2,-0.892267203,6.046655481,GMP
TCATCATCTTGGATTAGC-1_larry2,-1.879771447,0.090259914,GMP
GTAGAGAGCGGTCCTGGT-1_larry2,5.601655269,1.998181169,MPP3
TCGTCATTCATGCTTCAG-1_larry2,-1.897075629,2.352169817,GMP
TGTTACTGACTAGAGTCG-1_larry2,-1.760758376,1.426970427,GMP
TTACCTCTCTGATGTGTG-1_larry2,-1.117395496,5.385011976,GMP
CTGCAGAGCAAGGTCTGA-1_larry2,-2.534893727,-5.601771529,MPP4
AAGCCAAGTACTTCTAAC-1_larry2,4.498613382,-2.645693476,EryP
TAGCAGAGTAACAATGCA-1_larry2,-0.472105956,-3.046699698,MPP2
ACACCACATATGTGAGAC-1_larry2,-5.629649377,-2.141008313,pre/pro-B
GTTGATGCAGATCTGAAT-1_larry2,2.385040069,-3.927308257,EryP
ACCTTGAAGAACTAACTG-1_larry2,-1.651447511,2.907114332,GMP
GCTTCACTCCGCGTACTA-1_larry2,5.182558322,2.985490148,GMP
TGGAACTAATGCCGAACT-1_larry2,-2.297669387,2.15138418,GMP
TTCCTTGACAACTGCGAC-1_larry2,-2.200318789,0.79500169,GMP
ATGCCTTCAGTAATCAGC-1_larry2,4.134028936,-2.671703036,EryP
GATCGCACTCAGCAGTAC-1_larry2,2.842560077,-7.759304697,MEP
TGACGATGAGACCAGAGA-1_larry2,-5.197242951,2.287811582,GMP
GAGAATCAGCCTCTTGTA-1_larry2,-1.032247996,5.716769521,GMP
AGTCGATCACTCGTCTTG-1_larry2,-6.500265336,-2.626127179,pre/pro-B
CCTTGTTGCTATAGTGCG-1_larry2,-3.747240281,-2.322803671,GMP
ACGCAAGATTAATCACGC-1_larry2,-2.973987794,3.99124891,GMP
ACGGTGTACCATCGAAGC-1_larry2,0.174257034,3.471258943,GMP
TACTCGACCCGAACAGAG-1_larry2,-1.529310441,1.921645229,GMP
GCACGTAGAATTCTCTGG-1_larry2,-1.383302665,-6.185693915,MEP
GGATGCTCGCGTGTCCGA-1_larry2,2.416572833,-5.551974947,MEP
AGCCTCTAGCTCCTATCT-1_larry2,4.09749558,-6.557859595,EryP
TATGTATGCCATGCCAGT-1_larry2,-1.460376954,5.772991483,GMP
GTGTACCGTGGACGAGCA-1_larry2,2.030965114,-3.688355381,EryP
AATCCTCGTCCAGTCTCA-1_larry2,4.243131423,-2.403227742,EryP
CGTACATCTTCTTAAGTG-1_larry2,3.417124772,-3.556233342,EryP
AAGCAATCGAATTAGAGG-1_larry2,3.981225991,-3.05579942,EryP
TCGATTCAGGCGCTACCT-1_larry2,0.622756446,-3.059786017,MEP
GGATAATACCTGTTACCA-1_larry2,-2.830851531,4.090525453,GMP
GTGCACGAGAGACCACGC-1_larry2,4.907501006,3.328996008,GMP
GTGTTGGAATTCACTGGA-1_larry2,-5.421979642,5.11281759,GMP
TGGAAGATTCAGTTACTG-1_larry2,-2.717677569,-5.897098715,GMP
GGAAGAAGCTCACTCGCT-1_larry2,-0.493192768,6.493103807,MPP4
TCCAGCTATAACTTGTCG-1_larry2,5.58523252,-2.490265543,EryP
AGGTACCAATACATGCAC-1_larry2,-5.547220921,4.86818773,GMP
ACCGACGGTCGGAATGCA-1_larry2,0.863764802,-2.319831068,MPP4
TTGTTAGAGCATTATGTC-1_larry2,-1.760633445,2.650663202,GMP
TGTGTAGAGGTGTCACAC-1_larry2,-1.858835673,1.035553162,GMP
AGCTCTCCGTGCAGTTCA-1_larry2,6.3025563,-2.523106034,EryP
TACAGTTAGCGTGCTTGA-1_larry2,5.460958743,2.438219612,MPP4
CCGTCAGGTCCAAGCGAG-1_larry2,3.931427264,-6.598254378,EryP
ACCGGAAGGTCCGATAAC-1_larry2,-1.900717473,-1.482156808,MPP4
ATAATCGAGTACTCGCTG-1_larry2,-1.067561126,6.365372961,GMP
GAGATTCCTTCGTGCCAC-1_larry2,-3.068493342,-6.09165972,GMP
GGTTGAAGGGTCGACATT-1_larry2,3.081053758,-5.294398482,EryP
GGAGTTAGCCTCTAAGAG-1_larry2,-1.006106949,3.021183794,GMP
GGAAGAAGCGGATACCTA-1_larry2,-2.205196357,2.382140701,GMP
GGTGTTCATCTTCTGAGT-1_larry2,-5.749863839,-1.957554395,pre/pro-B
GCAACTCGCCGCAGTGTC-1_larry2,2.281287813,-1.06841361,MEP
ATTAGCGGTAGTCGATCA-1_larry2,-5.510385251,1.631395881,MPP3
GTAACCATAATGCTTCAG-1_larry2,-5.590005135,1.70460314,GMP
TCCGATCTGACACAGAAC-1_larry2,-1.595483517,3.028354948,GMP
GTTCACTCCTGCTTACGG-1_larry2,-6.016989446,-4.387294466,pre/pro-B
TATCGGAACTAGCAGAGT-1_larry2,1.984652066,-2.849368269,MEP
AGGTATTCCCCATATCTT-1_larry2,-1.498511529,-1.972842987,MPP3
GGAATTCACTACGACTTG-1_larry2,3.485988164,-3.1257109,EryP
CACGTCATAGGACACTGG-1_larry2,5.736381793,2.840335195,GMP
AGAGGTGAAGGAGTACAG-1_larry2,5.813014293,1.128897374,MEP
TAGCGAGAAACTACCATC-1_larry2,-1.966063952,2.422192876,GMP
CACTACAGGTCTCATCGG-1_larry2,-1.493038392,6.259689634,GMP
TACTGATGACAGCTTACC-1_larry2,-0.546581125,2.440006321,GMP
CACATGTGCACCATTCAC-1_larry2,-1.463336444,6.087179487,GMP
GATACACTAGTCAACTGA-1_larry2,0.781591015,-0.078098307,GMP
TCCAACGTGACTCATTCA-1_larry2,-5.896340585,-2.03293019,pre/pro-B
CCTAGTCTCAAGCACAAC-1_larry2,4.061395192,-2.598350937,EryP
CAAGAGGAGACATGGATT-1_larry2,-0.794355249,2.83705694,GMP
CCTGCAGATGCGAGTCTA-1_larry2,-5.257282948,2.127927845,GMP
CCATTACAGTCGATTCAG-1_larry2,-1.257423138,5.832400148,GMP
ATCCGACCAAAGGATACG-1_larry2,-4.619784093,2.614509647,GMP
GTGTCTGGAGGTGTTCAT-1_larry2,-6.299417233,-2.308144028,pre/pro-B
TCACACTGCCCACTACCA-1_larry2,3.290450597,-2.903679306,EryP
AACAGCAGTTTCATCCAA-1_larry2,-3.48985455,-2.445054943,MPP4
TATGTACCTAGGAATTGG-1_larry2,-3.648417687,-2.428412135,GMP
AAGCTGGTCCGAATCCTG-1_larry2,-2.275068497,-5.862853701,MPP3
ACTCTCACATCGGACAGT-1_larry2,-2.303840852,-3.202525551,MkP 1
CTGCAGAGCTTGGAGAAC-1_larry2,-5.205370164,5.062577074,GMP
ACCATACTTCCGTTAGAC-1_larry2,3.324948812,-3.008897002,MEP
AGTCGCCGATTATCCAAG-1_larry2,3.072788263,-2.997431214,EryP
CACGTAGACTTACAGTGT-1_larry2,2.92370894,-7.720643694,EryP
ACTTCAGTAGGATTCGTC-1_larry2,0.059179807,-3.526854927,MPP3
CTCGTCTTGCATGTGAAC-1_larry2,-1.081380462,6.089440172,GMP
TTGTTAGAGCTGTAGAAG-1_larry2,-5.390225148,2.175557916,GMP
GTACCACAAAGCCAGGAC-1_larry2,-0.661309337,3.160991495,GMP
GGTAGACATAAGGTGCTG-1_larry2,-0.797425127,3.28535897,GMP
ACAAGTACACTCTGCGGT-1_larry2,5.880339408,0.820604508,MEP
GCGTCGTCTTCGGATGTT-1_larry2,-2.940114474,0.800205295,GMP
AGGAGCAATAGCCTCGCA-1_larry2,0.743944527,-0.322085897,GMP
TATTCAACGGATCTACTT-1_larry2,-2.912734961,4.20917589,GMP
CCAAGTCGAGTATTACTG-1_larry2,-2.272325253,2.524630611,GMP
GCAATGAGAAATATCGCT-1_larry2,-5.475422597,1.849820201,GMP
TCCACCGGTGGTAGACAT-1_larry2,-2.387568688,-3.086679394,MkP 1
GCGCTCTATCACGCGTAA-1_larry2,-3.006479239,3.868523901,GMP
TCTACATCCTTACACCTT-1_larry2,-3.508605695,0.209000235,GMP
AACTTCTGCTCATGCAGG-1_larry2,-3.053933835,-4.037533934,MkP 2
GCCTGGAATGATACCGGA-1_larry2,-2.416173911,-0.422517101,MPP4
GCGAAGCTCCGTGTCCGA-1_larry2,5.663238788,2.538667266,MPP4
GTTGATGCACAGAAGTGA-1_larry2,-0.838607764,-6.334077532,EryP
ATAGTGGTTTCTAGGATG-1_larry2,5.569237495,3.07426173,GMP
CACTGGTCCATCATTACG-1_larry2,-5.943470216,-4.200970824,pre/pro-B
TTGTATCACGAGTGTGCC-1_larry2,4.259575391,-2.537568266,EryP
CCTCATAACGTGTACCGT-1_larry2,6.351739669,-3.105165179,EryP
CAAGCTGCAATCCTCCGA-1_larry2,6.003337646,-0.208468425,EryP
GCGGAGATTCGTTAATGG-1_larry2,-1.986475921,2.724606102,GMP
AATTAGAGGCATACAACC-1_larry2,-5.59103558,-2.198730643,pre/pro-B
CTCAGTGATTGTAGGTTA-1_larry2,-1.154519653,-0.834881718,MPP4
CGTGCAAGGCACACCACA-1_larry2,-2.456910109,1.00413162,GMP
CGTATCGAAAATAGACGC-1_larry2,-1.061234569,3.511547153,GMP
TGGTCCTAGATGGAGAGT-1_larry2,-5.327996945,2.313118999,GMP
ACAACCGGATACCTCACT-1_larry2,5.41119411,2.85928232,MPP4
CTGAGTCCATCCTTCAAC-1_larry2,3.133356357,-3.229364092,EryP
GAGCGACTCCTATAGCTC-1_larry2,4.687644744,-2.873679335,EryP
GAGTTAACTCAGTGAGGA-1_larry2,5.817464137,0.465008144,MEP
ACGCTCTTAGAACTATGG-1_larry2,-3.475601888,2.833778446,GMP
GTGGTTACCTCTGCGCTG-1_larry2,5.902375961,0.972283666,MEP
CCACTGAAGCTGTGGTGG-1_larry2,-5.07289145,2.388822858,GMP
CGACAGGAATCCTTCGTA-1_larry2,-3.117651915,-6.0982148,GMP
CAGCTCTTCAAGCAACTA-1_larry2,-5.709349847,-2.133991892,pre/pro-B
TACACGGTCACAAGAATG-1_larry2,6.260466361,-3.102924282,EryP
ACCACGCTATCAGTGCAA-1_larry2,-5.794813847,-2.262114103,pre/pro-B
ATGTGAGACCCTCTCTAG-1_larry2,-6.078485703,-2.541174109,pre/pro-B
GTGTATCTGGAGCAGGAA-1_larry2,-6.081940389,-4.273302252,pre/pro-B
CGCATCTACCTTAACAGC-1_larry2,-2.265675759,1.360797589,GMP
ACATCGTCCTATCTAGGT-1_larry2,-3.014563298,4.012605493,GMP
ACGCGACAGCTTCCGTGG-1_larry2,-6.028548932,-4.384651358,pre/pro-B
CCACTTCGCGTAAGGTCC-1_larry2,3.271577859,0.352179055,MEP
TGACCAAGTGCGTAACAA-1_larry2,-1.881974196,0.387385194,MPP4
CCGGTTGAGGAACCAGTT-1_larry2,-0.654226398,5.003613775,GMP
GTTAGATTGCTTAACAGC-1_larry2,-6.918801522,-1.609786684,pre/pro-B
CCATATGCCGGTTACGCA-1_larry2,-2.569923615,3.003626173,GMP
TGACTGAGATCAAGGTCG-1_larry2,-1.405449366,-2.13432091,MPP3
GTAGTTGGTCAAGTCACT-1_larry2,-3.372335648,2.917035883,GMP
CAGGATCAAATAATCGAG-1_larry2,-4.81797049,2.731982296,GMP
TTCCAGATTGTCTTATGC-1_larry2,-5.879075742,1.040188854,MPP3
CAAGTCGAACAGCGACGT-1_larry2,2.964270854,-7.755762274,EryP
AATGCTGATAGATGTTGG-1_larry2,-3.180114484,-0.655928547,GMP
ACTCTCACAGTCACAGAG-1_larry2,-1.360933041,6.175894563,GMP
GAACATGACTAATCTGGA-1_larry2,5.273834014,2.712240999,GMP
TGAGTGACTTATCATGCT-1_larry2,-5.994684434,-2.192761953,pre/pro-B
TAAGTGTAGACTCGTCTA-1_larry2,6.383460307,-2.155934269,MEP
CCGAATATGAGCATTGTT-1_larry2,-6.256079411,-4.198146279,pre/pro-B
TGCGTGCCAAGAATCAGA-1_larry2,-2.19717834,-0.537423531,MPP4
GTCCTAGTTGCGCATTAC-1_larry2,5.536674762,2.369985883,MPP4
TCAGTGCAAATGGACGTT-1_larry2,1.395985091,-3.396866972,MEP
TTACAGTGTGTCCACAAC-1_larry2,-7.53374598,-2.955255921,pre/pro-B
CACTGCTTACATTGCAGA-1_larry2,-2.274619794,1.684338038,GMP
CTTACATGCGTAACTCAT-1_larry2,0.748881766,0.113500004,GMP
GAATAAGAGTAGGTCAAC-1_larry2,-2.947562671,-5.967745955,GMP
CGGATTCTCAATGCAGCG-1_larry2,-2.553948855,2.905027454,GMP
AGCTGCACTCGTTCGTAC-1_larry2,2.635339046,-2.711828644,EryP
CACTGGTCCGATCTACTT-1_larry2,-0.770387626,-2.924373801,MPP2
AGTAATCAGGTACGCGAT-1_larry2,-6.267966485,-1.929302866,pre/pro-B
GATACACTACCTCGCGTT-1_larry2,-2.927995419,-4.033123906,MkP 2
CCGCACTCATATCGAGCC-1_larry2,-1.172238445,5.564754312,GMP
AGCTGCACTACAAGAATG-1_larry2,-2.330769276,0.315258269,GMP
TATGCCTTCGCAACCAAC-1_larry2,4.367493415,-2.057813103,EryP
TGGAACTAAACAGCGTAT-1_larry2,-2.966309762,-6.41141432,GMP
GTCCTTCATAAGACGAAG-1_larry2,5.061965251,3.56581599,GMP
CATGGTCGAACGTCTATG-1_larry2,-2.026158786,-1.545461709,MPP3
GCTGATGTCGGACTATTC-1_larry2,4.078238273,-6.420487578,EryP
AGCCGTTCTGGTCGGATA-1_larry2,5.926428104,-0.275187666,EryP
ATCGGTGGTTATAGTGCG-1_larry2,-0.414630627,2.852118557,GMP
TGTGGTCCTGACTCTCAC-1_larry2,0.750284092,-0.090093593,GMP
GCCGAGTCTTATGAGACC-1_larry2,-0.801510787,-6.327096636,EryP
GTTGCATGGCAGTTGAGT-1_larry2,-5.339822984,2.393559282,GMP
TTCCTTGACTAGCAGAGT-1_larry2,-2.956797337,3.674431865,GMP
TGCCATCTCCTTCTGAGT-1_larry2,-5.093442178,2.383863514,GMP
CCTTCCTCAGCGTGATAC-1_larry2,-3.377398705,-6.149623568,GMP
TCCAATCATACCGAGTAG-1_larry2,5.212199474,-2.429608519,EryP
ACCGACGGTCTCATTAGT-1_larry2,4.784709239,2.840932911,GMP
GGACACTGGATCCTGCCT-1_larry2,-2.523078179,1.295580928,GMP
ATCCGGTCCATTGCCGAC-1_larry2,-3.162677979,-6.216270144,GMP
TACGGTCGTAGCGTCGTC-1_larry2,5.649649882,-0.516815076,EryP
ACTCCAACTTGGAAGATT-1_larry2,-0.667632079,3.442098682,GMP
GAGGTCACGACCTAGTTA-1_larry2,-6.164029813,-4.265505965,pre/pro-B
CTGACGGATCAATCTCCG-1_larry2,6.091611171,-3.268408711,EryP
TCCTTCGTAGAACAACCA-1_larry2,-1.491379952,2.102648084,GMP
AGCATATGGAGGAAGGTG-1_larry2,-1.730406737,3.165987079,GMP
TTCGCTGAGCGCGATGTA-1_larry2,-0.438956356,-3.04942363,MPP2
TATCGAGCCTTGTATCAC-1_larry2,-0.822290635,-6.36710995,EryP
TATCAGTGCCCGATCAGC-1_larry2,6.331598544,-2.92306679,EryP
GCGCTTCTCGTATCCTGC-1_larry2,1.278407836,4.065087621,GMP
GATATGGACCTTGCACAA-1_larry2,-5.763279652,-2.85485595,pre/pro-B
GATCGTTGATAGTAGTCT-1_larry2,4.095285201,-2.572888787,EryP
ACGTTCAATCTCGAACTG-1_larry2,-0.683466887,6.146288221,MPP4
GATTATGCGCACTGCTTA-1_larry2,-0.710553503,2.06496722,GMP
GTGGTACGGCCGATCAGC-1_larry2,-1.909861064,2.719522302,GMP
GTGATGTGCACTCCAACT-1_larry2,-2.897826886,4.053339784,GMP
CCGCAGCTATATGTATGC-1_larry2,1.030896986,-4.233705218,MEP
TATGAGACCCGGTGAGTC-1_larry2,-5.357337689,1.956815307,GMP
GTACGAACGATAGTGGTT-1_larry2,-5.939768529,-1.175352032,pre/pro-B
CCTCCAATCGTTAGAGAC-1_larry2,-6.507114625,-2.673516209,pre/pro-B
TCCTTAGGTAGTTACAAG-1_larry2,-0.821140146,6.008366888,MEP
AGACGCCTGTGACGATGA-1_larry2,-1.276017403,3.28219444,GMP
GAGACGATCCACGGAAGT-1_larry2,-5.453464722,4.976474588,GMP
GTCTACCAAGTAGCTACA-1_larry2,2.727224612,-7.781500513,MEP
TTGATGAGTGGTCCTAAG-1_larry2,2.236985469,-3.451927597,MEP
AGTCTGGAAATGCGGATT-1_larry2,-2.118437266,1.860602443,GMP
CTAGACATGACGGTGCCT-1_larry2,3.517955327,-6.27833956,GMP
GGTTCAGACGATATGGAC-1_larry2,0.818614179,0.070234542,GMP
AGTGTCTCTTCGCAAGCA-1_larry2,-1.756648755,2.452381437,GMP
AATGCTATCAGAGCGCGA-1_larry2,-1.223222589,5.625222509,GMP
AATGCCTCATGTAGGTTA-1_larry2,3.507854724,-3.053910191,EryP
CACCTACGCAATGCTGAT-1_larry2,-1.118847942,3.16240484,GMP
TCAAGCGTAACTGCTAGT-1_larry2,-5.172295785,2.132090633,GMP
AGTAGAGGAAGCTATATG-1_larry2,-3.412286019,2.73569185,GMP
GAGACATTGACTCCTGAG-1_larry2,-2.295284486,0.724740212,GMP
GGTCCTAAGGATAGTTCT-1_larry2,-0.817306495,1.661754434,GMP
GGTCGGTCTAGCATTGTT-1_larry2,4.33619144,0.146957551,EryP
CAACTAATCTCGCGTCAT-1_larry2,3.195399547,-3.077045376,EryP
ACGCGACAGCAGGAGCCT-1_larry2,-2.41422627,1.014556949,GMP
CCAACGGAATGAGGTCTC-1_larry2,2.930158639,-7.738622363,EryP
TAATGTAGCTGTGCAGTA-1_larry2,4.937640453,3.143683736,GMP
CCGGTGGTTAGGAAGGTG-1_larry2,-2.011585688,-5.811378176,MPP3
CCATCACGATGGAACTAA-1_larry2,-2.696205115,3.979877298,GMP
TGACCAAGTTGGACTGCC-1_larry2,1.651456738,-3.499410088,EryP
AAGGATCGTACAGGAACT-1_larry2,-3.78918097,-2.253139908,GMP
CAGCTGGAGGGATGCGAA-1_larry2,-0.503500795,2.874298399,GMP
ACACTAACGACACCGCCA-1_larry2,-6.107338166,-2.002610977,pre/pro-B
CTCCACGTCGTTGCTCAG-1_larry2,-1.995101666,1.444300358,MPP4
TAACGTGTCGATATATCC-1_larry2,-1.541450238,-6.068486388,MEP
ACTGGTCAGCCTATTGGT-1_larry2,-5.558016515,4.973637884,GMP
AGCCACTTCGACATATGT-1_larry2,-5.291500783,1.856373136,GMP
GAGCTCTCACAGGATCAA-1_larry2,3.832619929,-3.481375153,EryP
ACCGAGACAGCTGGTTCG-1_larry2,-3.689085221,0.359186118,GMP
CTAGAGTCGCTGCTGCTT-1_larry2,-2.064973807,1.624222224,GMP
ACAAGAATGCTCTGCGGT-1_larry2,4.299131179,0.041213815,EryP
GACTTCACCTCGGATGTT-1_larry2,-3.169658398,-5.964108641,GMP
AAGCTTGCAATAGTGGTT-1_larry2,3.816184545,-2.841627057,EryP
AGAGGACGTAATAACTCC-1_larry2,-6.281352734,-2.20582288,pre/pro-B
AGTCGTCCGACTATTGTC-1_larry2,-4.816729283,2.778226202,GMP
CAACGCACACCTTGACGG-1_larry2,3.031873965,-2.426309044,EryP
GGTTAACAGGAGGTCCTT-1_larry2,2.898149038,-7.706494028,EryP
ACATGACTACAGCTCTTC-1_larry2,4.90218904,-2.123976881,EryP
CTAGTATAGCAACGATCG-1_larry2,-1.678268885,2.432338064,GMP
TGGATAGGTTTGGTAACT-1_larry2,1.590238416,2.170692985,GMP
GTACCTAACTCTACATCC-1_larry2,5.798590923,1.305876081,MEP
AGGATTGAGTGTCCATAG-1_larry2,-0.687409496,2.925339048,GMP
GCAGATCCGAGTCGCGAC-1_larry2,5.804287696,0.601261561,MEP
GAGTCAAGGTCATATCGC-1_larry2,-1.517557359,6.195890253,GMP
ACGCTATGTGACCAACAG-1_larry2,-1.737079835,2.582342689,GMP
CCGCTCATGTACTAGTAG-1_larry2,3.115247989,-5.349859888,EryP
CCACCATGCATCTACATC-1_larry2,-6.124989724,-3.983576233,pre/pro-B
AGTGTCTCTGCGATGGTG-1_larry2,6.109272742,0.021269803,EryP
CAGCTCTTCGTAACTCAT-1_larry2,6.282822871,-2.881565506,EryP
ATTAAGACCGTCGACATT-1_larry2,5.014487052,3.003093307,GMP
TCTTAAGTGCCAGCCAAT-1_larry2,-1.276120162,-1.623551781,MPP3
TCCAGCTATAGTCCGTGT-1_larry2,-6.530496335,-0.646058644,pre/pro-B
ACCATTCACCCGGTTGAG-1_larry2,-0.233935392,-0.274056568,MPP3
CACATATCAGCGACCTGT-1_larry2,0.397633517,-2.816410477,MPP3
CCAGTCTCACTGGAGCGA-1_larry2,0.234810615,-0.800965722,GMP
TGACGATGAGGTAGCATC-1_larry2,0.680201594,-0.11203591,GMP
AACGGAGATTAGACCATG-1_larry2,-3.478198743,-0.099216337,MPP4
CCGCACTCATAGTCGCAT-1_larry2,2.948018813,-5.306116755,EryP
AACCATGGTGCTTCTGAA-1_larry2,-5.680943227,1.346050088,MPP3
GGTGAGCGTAACAGCAGT-1_larry2,-2.708776688,4.080340688,GMP
GTGAACCACGCCTTCCAT-1_larry2,-0.527484393,-2.993020232,HSC/MPP1
CTCTGTCAATGACCTCCT-1_larry2,-1.268998241,-1.829528506,MPP3
TATGCCTTCAAGCTGAGG-1_larry2,5.679306293,-2.887957508,EryP
ACTTCAGTAATATAGCGT-1_larry2,2.189297939,-3.077503378,MEP
CATTCAGTTCCAGGAGTT-1_larry2,-2.609832263,0.146148776,GMP
CTAACCGGTTCATGCTCA-1_larry2,1.703039074,2.08500201,GMP
CGCGATGTATGAAGACCA-1_larry2,-2.083772397,3.084303205,GMP
ATATCCGATTCTTAGCGA-1_larry2,-1.344409203,-0.2786952,MPP4
CTTCTCATCACCGTCCTA-1_larry2,-2.002403235,-0.540179039,MPP4
GAGTTAACTCGACCTGTA-1_larry2,-6.014521336,-3.838611062,pre/pro-B
AGCGCATGACGGTGAGTC-1_larry2,-1.177321052,3.342963522,GMP
AGACATATCGACACCGAT-1_larry2,-3.315534806,2.884242361,GMP
CCGTCAGGTAGCTATATG-1_larry2,-2.068598485,2.513042753,GMP
CGCATCTACAATGAGTCG-1_larry2,0.729768084,-0.242310437,GMP
ATGTCCTCCGGTTACGCA-1_larry2,-0.488879895,-0.367298032,MPP4
CCAGTCTCACTTAGAAGG-1_larry2,-1.611062741,-6.027448828,MEP
CACTGCTTAATAGAGCAG-1_larry2,0.244600171,-3.111800606,MPP3
AAGGTGCTGGTCACAGAG-1_larry2,3.958873773,-1.74411958,EryP
TCCAATCATTGGAATCGT-1_larry2,5.802311206,0.843421762,MEP
GCACAGTAACTCGACGAT-1_larry2,-4.830033517,2.709790294,GMP
AATACTCCGTGCGATACT-1_larry2,-5.837161755,-2.059723432,pre/pro-B
CCACGTTCTGATGCGGTT-1_larry2,-0.829303956,-2.365683491,MPP3
TTCCATACCAGGAGGTGA-1_larry2,-4.216324544,2.695942228,GMP
TGACAAGTTTAGCCAGTG-1_larry2,-1.692495799,-2.451519425,MPP3
ACGATGACCACGAGCTTC-1_larry2,-2.301866507,3.199762647,GMP
CCTAGTCTCTGTGTAGAG-1_larry2,0.124819005,2.230612819,GMP
CAGCGACGTTCCAACGTG-1_larry2,1.312396372,3.979362791,GMP
ACTTCAGTACCTAGTCTC-1_larry2,-2.062332368,3.121597593,GMP
CCGATACCGTCCACCGGT-1_larry2,-1.047637558,1.624542778,GMP
AGTAATGGTATTGATCAC-1_larry2,-6.48151896,-0.815722699,pre/pro-B
GTTAATTCGCAAGTCGAA-1_larry2,-2.763884044,-6.204867537,GMP
AATGAGTCGATATTCGCA-1_larry2,-2.32848618,0.529449349,GMP
GTAATATCGAGTCGATCA-1_larry2,5.795777106,2.82083184,GMP
CCTTAACATCGAACAATC-1_larry2,-2.38755486,2.925728386,GMP
GTTGACCATTGAGACAGC-1_larry2,0.666488961,-3.974809344,MEP
GCAGCTTGACTGCAAGCC-1_larry2,5.19542768,2.946943109,GMP
CGCGAGTGTTCCACGTGC-1_larry2,0.155986452,4.236703699,MPP3
CGTGGTACCGAACTATGG-1_larry2,-2.106181836,-5.919163878,MPP3
CGCAACCTCTAGACCTAC-1_larry2,1.601770544,3.900742834,GMP
CCTCATAACAACGATGAC-1_larry2,-5.38628695,-2.042188103,pre/pro-B
CTGAGATAGTGTGAGTAT-1_larry2,-6.499320721,-0.882623906,pre/pro-B
GTAATCAGCGGTGGAGCT-1_larry2,1.592324698,-3.615147765,EryP
GTCCTAGTTCATTCAGTT-1_larry2,5.328427577,3.723158662,GMP
CCATCACGATATCGGAAC-1_larry2,-2.646092629,2.068484371,GMP
GCTGACAGACAGAGCACC-1_larry2,2.339660311,-3.971707995,MEP
GCTTCACTCGCTGTTCGG-1_larry2,-3.163330531,0.756376212,GMP
GTACAATGCCGACGTGAT-1_larry2,-4.535741067,2.685253446,GMP
TCATATCGCTATGGTTGG-1_larry2,-6.395201421,-1.943932826,pre/pro-B
CGAGTAGCACTATCTTGA-1_larry2,4.103311563,-1.66148668,EryP
AGTCGTCCGAGACGGAGG-1_larry2,-1.132699108,4.950626676,GMP
TGGTCGCTACGAATCCTG-1_larry2,-1.199143386,5.511379545,GMP
ATTAAGACCATAGTCTCC-1_larry2,5.8418329,-0.33854597,EryP
GAGTTATAGATACGAGGT-1_larry2,-5.301680302,-2.222441132,pre/pro-B
GTGTATCTGGCAACACCT-1_larry2,-0.767811036,3.293829029,GMP
CGAACAGAGTCGGACAGT-1_larry2,3.211932922,-5.303362544,EryP
TCGCTGATTTAATTCGTG-1_larry2,-6.649727082,-0.711403961,pre/pro-B
CACCTACGCGATGTTACA-1_larry2,6.17049005,-2.439607556,MEP
TCGTGACGTAGTTCGATA-1_larry2,-6.181680894,-2.346411402,pre/pro-B
CGGTTGCGACAGAGCACC-1_larry2,-0.390073156,2.422281568,GMP
ACAACCGGATAGACCGCA-1_larry2,2.250251794,-3.310066397,MEP
GGTTACGCATTCCGCCAG-1_larry2,-1.167307949,1.714429681,GMP
TCACCGAGGCCTCGGTCA-1_larry2,5.374026084,3.403434103,GMP
GGTTCAGACTATTCAACG-1_larry2,-1.785361504,3.422264164,GMP
CATCGCTGGCCAGGAGTT-1_larry2,-3.694719052,0.584040647,GMP
GTACCACAAAATGCTATC-1_larry2,3.965767884,-6.427791293,EryP
TGTCAACCTTAGGATGCC-1_larry2,-6.586732125,-0.603128637,pre/pro-B
TGGAAGATTTAGCCAGTG-1_larry2,-1.582946992,-1.855392153,MPP3
ATTCACCTCGAGAATCAG-1_larry2,-1.077194071,5.838022535,GMP
ACCGATCGAAACGATGAC-1_larry2,0.566713394,-0.138309295,GMP
TCTTGGTAGTCACCGAGG-1_larry2,-3.513523793,-2.475771124,GMP
TAGCACACGACTATTGTC-1_larry2,-0.496888017,4.176524942,GMP
ACGCGACAGACTGTAATC-1_larry2,-7.654238915,-2.998399432,pre/pro-B
AGAGGACGTCTATTCCGT-1_larry2,1.471563125,-2.794002707,MEP
CAGATCGACTCCTATTCC-1_larry2,2.349911356,-2.649421627,MEP
CTTAACAGCTGCCTGGTT-1_larry2,1.071063304,-3.191465313,MEP
CCGCAGCTACATTGTTCA-1_larry2,-1.600880837,2.041426723,GMP
ATGCTGTCGGAGTCGTAC-1_larry2,-0.463409877,-3.04841655,MPP2
AAGCAGCATCGCATCTAC-1_larry2,2.951243186,-5.402338202,EryP
AACAGATCGCTCTGCGGT-1_larry2,-5.636931157,-0.900471981,pre/pro-B
TCGACGTTGGTACGCGAT-1_larry2,-6.026010728,-4.215702946,pre/pro-B
AACGGTAGCCAGTTGAGT-1_larry2,-1.947209334,2.228945558,GMP
GCCGCCTAATCAAGGTCG-1_larry2,5.383017802,3.110758846,GMP
AGGATGCGTTTCCAGATT-1_larry2,1.318405652,-2.215582426,MEP
CACTTCCTTGTCGTTGCG-1_larry2,6.50254848,-1.985708411,MEP
GGATCAGGTTAGGATTAG-1_larry2,-2.97895453,-6.081257994,GMP
CAGCTTCGACTCCTATCT-1_larry2,-1.545192933,6.22558481,GMP
GCGAAGCTCTCTATGACA-1_larry2,3.406210685,-3.584533389,EryP
TGCCGACTATCAAGCGTA-1_larry2,-0.952928996,1.892966573,GMP
AGTCGCCGAATGCCTGTC-1_larry2,4.035312438,-6.318085368,EryP
GACACCGATATGGAGAGT-1_larry2,5.220223212,3.283009594,GMP
ACAGCGGTCGTCAATACA-1_larry2,-6.007580972,-4.281333144,pre/pro-B
GCACTGGATTGAACTTGC-1_larry2,6.285182262,-2.82765692,EryP
AACGTCGAGACACACGTC-1_larry2,0.28122648,-0.96377259,MPP4
ACGTTCAATGGTGGAGCT-1_larry2,-0.519157624,-6.467194254,EryP
TATGAGACCCATCAATAG-1_larry2,2.696761394,-2.657364781,EryP
CCATTACAGACTCATTCA-1_larry2,0.399961168,3.206244533,GMP
TCTATGACACATGGTTAC-1_larry2,0.994272942,-1.771087582,MPP3
GGTCCTGGTGGTAACTAC-1_larry2,-1.070314264,-6.21677273,MEP
GCCTTGTGATCTGCAACA-1_larry2,5.235439086,3.76238281,GMP
ACGACGATTGCCAACAAT-1_larry2,1.934217954,1.985764568,GMP
TTGATGCTGGGTCCTAAG-1_larry2,-2.325287795,-0.303786848,MPP4
CGGAACGAGCTGGACTAA-1_larry2,-3.764077878,-2.298082287,GMP
TCAAGGTCGTGTAGGTTA-1_larry2,6.064703727,-0.045358057,EryP
GAGGTCACGCATGTGAAC-1_larry2,0.708583129,-0.000737185,GMP
CAACGTCTTGTCAGTTGT-1_larry2,0.478427538,-1.288129325,MPP4
TCATCATCTAGTAATGGT-1_larry2,5.728622222,-0.357464011,EryP
TCCAGCAGCCCAGATCAC-1_larry2,0.877626756,2.492276733,GMP
TCCTCGTCGCCTAGTTAG-1_larry2,-2.092955327,2.149961774,GMP
TCTTAAGTGAGTAATCAG-1_larry2,-2.442016339,-3.167456801,MkP 1
GGAATTGGACATTATGTC-1_larry2,3.584452415,-3.078726227,EryP
AACGCATTGAGAAGTAAC-1_larry2,3.504822517,-3.290852244,EryP
AGCTATATGACTTCGCAG-1_larry2,-6.37137959,-1.780943687,pre/pro-B
ATCAGAAGCTATGTACCT-1_larry2,5.314431453,2.998988693,GMP
GGATAATACCTAACTAAG-1_larry2,6.112042213,-2.814823563,EryP
CGAAGAGGTTGATGTGTG-1_larry2,6.101988578,0.155768995,EryP
CTTCCGGTAAGGTGTACA-1_larry2,-0.500245905,4.835315054,GMP
GTCTTCATAATAGTGGTT-1_larry2,3.29864099,-3.694975073,EryP
CCTGTATCTTGCAGTTCA-1_larry2,3.410864377,-3.53002351,EryP
GCTTACGTTTATTACAGC-1_larry2,-6.087181783,-4.14427727,pre/pro-B
GCGCATTACTCGTCCGAT-1_larry2,1.647035623,-3.583907063,EryP
CGTCTGTCCTGAGAATCC-1_larry2,-6.61444304,-0.687723453,pre/pro-B
TGCGTCTTACCATAGCCA-1_larry2,-1.703943944,5.7316168,GMP
TTGATCGTACATGTCCTG-1_larry2,2.951505447,-3.930686886,EryP
CCTCATAACTGTAGGTTA-1_larry2,5.866070056,1.070858901,MEP
ACGCACACTGGATGCGAA-1_larry2,-2.108045077,-5.880139525,MPP3
ACATGGATTAGGATTGAG-1_larry2,0.238194996,-0.860278244,GMP
AGCGGTAAGGATCTGTTC-1_larry2,1.569389486,-3.5814411,EryP
TGCTCACACTACTCGACC-1_larry2,-6.12564156,-4.351598914,pre/pro-B
ACCTGTACCTCTTAGCGA-1_larry2,0.34931373,-1.157139714,GMP
CGACCACTTATTAAGACC-1_larry2,-1.234885549,0.64842624,MPP4
ATGGATATCAGTCAGTTG-1_larry2,3.666041637,-6.414381201,MEP
TATCTAGGTCGTGTATTC-1_larry2,-2.940026736,1.67624933,GMP
TGAGATCATTCCAAGTAA-1_larry2,-3.637776112,-0.012983437,MPP4
TGCCGCTACTACCTATCC-1_larry2,-1.241186952,5.347828214,GMP
TTATCGCACACTATCCTG-1_larry2,-1.870539164,0.467768734,GMP
TGGAGTGGATCGCTGATT-1_larry2,-0.27440027,4.009692018,GMP
ACTGTAATCATGAGCAGG-1_larry2,0.581628257,-0.208867292,GMP
CTGCTTAGGTTAGGAAGG-1_larry2,1.724487448,-4.556379969,EryP
CTTAGGACTAGCGTAGAA-1_larry2,5.657039905,2.179231708,MPP4
GCCGCCTAAGTAGCTACA-1_larry2,-3.79676125,-2.271135862,GMP
GGAAGGTATCGCAATCGA-1_larry2,3.050750995,-5.398179705,EryP
AAGCTTGCAAATCTGACC-1_larry2,-1.016888594,2.418910329,GMP
CCAACGGAAAAGGAACAG-1_larry2,5.701011443,2.088191335,MPP4
TGGTTATACAGTTGCCTT-1_larry2,-2.880394673,-6.063773329,GMP
TGAGAGGACCATCGCTGG-1_larry2,-2.861558652,3.959077184,GMP
AAGGAACAGTTGCGAACA-1_larry2,6.62164762,-2.096438343,MEP
ATAACGACATACCAGCCA-1_larry2,-3.332593894,2.944384401,GMP
ATCTCTGCTAGAGCGGAG-1_larry2,-5.397434449,2.160514419,GMP
GATACTGTGAGCACCAGC-1_larry2,-2.599810576,3.65850169,GMP
GGATGCTCGTCAGACAAG-1_larry2,-3.04368875,-5.822652037,GMP
CACCTAGCGGCATGTAAG-1_larry2,-0.942962622,5.375537698,GMP
GTTGCTCAGAATCCGCTG-1_larry2,-2.532700991,3.657383983,GMP
AACTTAGCTATATCCGAT-1_larry2,-6.149490094,-2.588544543,pre/pro-B
CTTGATCTATAGTGATCC-1_larry2,4.007343078,-2.718418534,EryP
CTTGATCTAGTACCACAA-1_larry2,-0.800281381,-3.026738818,HSC/MPP1
TAATCTGGAGACGCTTGC-1_larry2,-1.735374188,1.125880067,GMP
GCCTTAGAGGGTTAACAG-1_larry2,-6.042264199,-4.316011603,pre/pro-B
TTAGCGTCTGAGTCACCA-1_larry2,-1.489211297,3.769319837,GMP
CCGTTAGACCCGCAACAC-1_larry2,5.878184104,-0.313060435,EryP
CCATGCGTCTCGTACCTT-1_larry2,3.289727473,-3.047113593,EryP
TCACAGGTATAGACCGCA-1_larry2,-1.31720016,3.154709165,GMP
ATCCTGCCTGTGTTGGAA-1_larry2,-5.618931031,4.845284765,GMP
TAGAGCGTCTGTAGGTTA-1_larry2,-6.232673383,-4.388880427,pre/pro-B
CAGTTGAGTCCAATATAC-1_larry2,-2.937089896,1.671240633,GMP
TCAGGTGCATGGACTGCC-1_larry2,-6.236445641,-4.408837969,pre/pro-B
TCTCCGCGTGCACCATCG-1_larry2,2.917431855,-7.751692469,EryP
TCATCAGAGTACGTTACC-1_larry2,-3.020369267,-6.067769701,GMP
AGGATTACTCCGTACGGA-1_larry2,-0.57020185,-6.472294981,EryP
CAGTTACTGAGAAGTAAC-1_larry2,-0.498217678,6.491553609,MPP4
CGCACTCTTGCGGTAAGT-1_larry2,-4.482317185,2.834934299,GMP
CCGAGTACTCGACAGGAA-1_larry2,2.631388092,-3.819367583,EryP
TGTAGGTTAGCACGCATT-1_larry2,-2.30747745,2.347038333,GMP
ACTTCAGTATCACTCGCT-1_larry2,2.938939119,-5.435794527,EryP
AACCGCTGAACAGCGTAT-1_larry2,5.540818,3.510916298,GMP
GGTGAGCGTGTCCGTAAG-1_larry2,-3.017910218,1.923808878,GMP
TGATCTCGGAAGTAGGAC-1_larry2,-1.549811101,-0.18228362,MPP4
TCTGAGATAAGGAGCAAT-1_larry2,6.647122646,-2.019998724,MEP
TAAGTACACAGTATGACG-1_larry2,-1.010417914,0.979954665,GMP
GCGACCTGTGTCACTATG-1_larry2,-2.612973904,2.677600687,GMP
TGCAGTTCACAGATCGAC-1_larry2,-2.262470937,1.802778785,GMP
TGCCGACTATGTGGTCCT-1_larry2,-0.651899433,-6.437104876,EryP
ACGACGATTATCATGTTC-1_larry2,-0.946079707,-3.25039571,HSC/MPP1
GACAGGTTACCTCTTGTA-1_larry2,5.738714957,-0.025646622,EryP
TGATCTCGGGAGATACAC-1_larry2,-5.613164639,4.866359537,GMP
CTTCCGGTAAGTGATGCG-1_larry2,-5.289653992,2.325787847,GMP
ACAAGAATGAATACGTCT-1_larry2,-0.485492444,-6.439088519,EryP
CCAATATACAATACCTTG-1_larry2,2.106458569,-4.25816458,EryP
TCGTAGGAAACAGCGGTC-1_larry2,-2.441646314,0.58772779,GMP
AGTCGTCCGTCAGCTCAG-1_larry2,-6.004533982,-4.182929213,pre/pro-B
GAGGTCACGCCTGTCGAC-1_larry2,-1.833307719,1.442737405,GMP
CTCAGTGATGATTCCTCT-1_larry2,6.115513587,-2.906708891,EryP
GTGTACCGTAGTGTCTCT-1_larry2,-0.355728125,-2.951838667,MPP2
GTCGTCGACTATTCAACG-1_larry2,-0.430282688,1.808591907,GMP
TACGACTTGGGATAATAC-1_larry2,3.637898708,-1.925539906,EryP
ACCATGTCTACTACTCAT-1_larry2,1.170584881,-1.850814278,MEP
ACAGAGATGCTGAGGTTA-1_larry2,-6.613929963,-0.718138004,pre/pro-B
TAACGTGTCTGTAGCAAG-1_larry2,2.904711747,-2.433674986,EryP
ACTTCTTGGAACGTTCTT-1_larry2,6.05748775,-0.076718013,EryP
TACAAGAGGCGTCAGCAC-1_larry2,-1.134765243,2.774341648,GMP
CCTCTCTAGCGCTGTAGT-1_larry2,-4.953685498,2.103810852,GMP
TTCACTCCTGACCTTGTG-1_larry2,-5.598450398,4.809158151,GMP
TGCTCCTCCCACGCGTAA-1_larry2,-4.96469996,2.636344736,GMP
TGCAGTCGGTGACCAAGT-1_larry2,-1.536432719,-2.24491101,MEP
ATGCTCACCCTCATGCCA-1_larry2,-3.035962081,-0.232087339,MPP3
GTGACTCTCAGCTCTCCG-1_larry2,3.862162852,-6.245115454,MEP
CATGGTTACCATACAACC-1_larry2,1.982524896,-3.004428561,MEP
TAAGTACACTTGATGCTG-1_larry2,5.494437003,3.137229269,GMP
AGACATCCAACCGATCGA-1_larry2,2.49073925,0.96118254,MPP3
TGCCTTCAGCTATACTAG-1_larry2,5.567405486,-2.693558152,EryP
GAGGTCCTTGTTATCGAT-1_larry2,3.452909255,-3.797047074,EryP
TCAATGGACTTCGCATCC-1_larry2,-2.236799931,1.021196311,GMP
TTACCTCTCCTGCTTAGG-1_larry2,-2.309345698,2.483548706,GMP
ATAGTGGTTTCCACCGGT-1_larry2,-7.490495896,-2.949983294,pre/pro-B
ATTCCGTACGATATGGAC-1_larry2,1.741959834,-1.997677023,MEP
CCTGCAGATACAACCGGA-1_larry2,-1.697421765,5.175937002,GMP
ACATGGATTGAGCCGTTA-1_larry2,-5.324135518,2.590687101,GMP
ACGGACCATCAATCTCCG-1_larry2,-2.230188107,2.292275255,GMP
ACGATGGAACTAGTGCTG-1_larry2,-2.22299931,0.54755116,GMP
TTCCAGATTGAGTCAAGG-1_larry2,4.028383041,-6.338898356,EryP
AAGAGAGAGGAAGTGTGA-1_larry2,-1.057116961,6.110794847,GMP
GTATCGTCGCTGAGGTTA-1_larry2,5.992754245,-0.101425643,EryP
AGAGGTGAACAATCATAC-1_larry2,-0.625546551,-6.426695044,EryP
ACACCACATGCCATACAA-1_larry2,-1.40962789,0.406837587,GMP
GTGTTGGAAGCTACCGAG-1_larry2,-0.798374271,6.117490594,MPP4
CATCCACCGCGCGAGTGT-1_larry2,-5.259466386,5.114220445,GMP
CTGCAAGCCAGGTGCGAG-1_larry2,1.71983757,-3.435491021,EryP
CGTATAGCGGCGACACAG-1_larry2,-0.857038832,4.857873266,GMP
GAGGTCCTTCACTGGTCC-1_larry2,5.58761909,1.942462747,MPP3
CTCAGCTGGTTGCAGTCA-1_larry2,0.852719137,1.847222869,EryP
AGTCTGGAAAATGCCTCA-1_larry2,0.637768669,-3.271904881,MEP
GCATTGATCGTGCGAGTA-1_larry2,-1.397336459,6.343884771,GMP
CGAATCCTGCCGAGCTGA-1_larry2,-0.626305079,6.217074697,MPP4
TGAACGGTTTACCAGCCA-1_larry2,-2.313629365,-5.948011572,GMP
CAGTGCCATTCCAACGTG-1_larry2,5.968374515,0.940360372,MEP
CTGATGCACTCAGAGCGT-1_larry2,-0.905837989,5.488911455,GMP
ACGTGAATCAACTGCGAC-1_larry2,-3.183930373,0.633723145,GMP
CATGCCAGTGTCCTTCAT-1_larry2,6.077871585,0.378824656,EryP
TCAGGACTGACGGACCAT-1_larry2,2.065982247,-5.487296278,MPP3
ATGCTTCAGTGCTGCGTC-1_larry2,-1.435480094,2.85490567,GMP
GGTGAGCGTCGTAATGAC-1_larry2,5.080053115,3.460460489,GMP
AGATGAGATAATGCTGAT-1_larry2,-2.990058398,-6.054288561,GMP
ACCATACTTGGTCGGATA-1_larry2,-0.772182202,5.963878458,GMP
ATATAGCGTCTCTCAGTC-1_larry2,6.254389548,-2.116164262,MEP
TGATTGTGCTCTGAGATA-1_larry2,0.195692802,-0.734680916,GMP
CACCAAGATGCTCTCCAA-1_larry2,5.014408374,3.477885311,GMP
TAACATTGGATTGACACG-1_larry2,-3.777100777,-2.287768896,GMP
ACAACCGGAGATTATGCG-1_larry2,0.560624698,-2.893727953,MEP
ACAACGAGCCTGAGATAG-1_larry2,-2.5541291,-5.834700758,MPP4
AGACTAGTAAATCTCCTA-1_larry2,6.271057391,-2.468358214,EryP
CACACTGCCCTGCTTAGG-1_larry2,5.840942645,0.925345247,MEP
AGTGTCTCTGTATTACTG-1_larry2,-3.535055852,0.363294487,GMP
CCGAGCTGAAGATGAGAT-1_larry2,-1.625981784,-2.092210705,MPP3
TCAGTGTTCCGTAATGAC-1_larry2,4.067829395,-6.438939269,EryP
TAACACATCCCGCAGAAT-1_larry2,3.942547822,-1.719523485,EryP
CCATCACGACACGATAGA-1_larry2,-2.316769814,1.639292662,GMP
TCCTTAGGTAGACTTCGT-1_larry2,0.502863237,3.123866861,GMP
TTGGTAACTGTATTACTG-1_larry2,6.259577537,-2.072424586,MEP
AATCCTCGTGCACATGTT-1_larry2,-5.617240167,4.930237119,GMP
TGCCGCTACCCGCAGAAT-1_larry2,3.343335891,-2.662504609,MEP
GATGTTACAGAGATTCCT-1_larry2,-5.531647897,4.991215532,GMP
AGCCACTTCATGATAGCT-1_larry2,-1.899280047,0.269855146,GMP
GCAGATCCGCTGCGTCAC-1_larry2,-0.425666189,4.197175329,GMP
AGCATATGGCCACGCCAT-1_larry2,-5.098370766,2.427935903,GMP
AGCGTCGTCAACGGAGAT-1_larry2,-1.333684659,2.91043741,GMP
CATTCAGTTACGACATCT-1_larry2,-1.107044196,-6.256340678,MEP
ACGTCTATGCCAACGGAA-1_larry2,-1.440444207,5.901559656,GMP
TTCTCCACAAATGCACTT-1_larry2,-1.589193797,2.780319994,GMP
ACTCTAGGAGGTAAGTGA-1_larry2,-1.789048409,3.197054212,GMP
ACAAGAATGGAGCAGGAA-1_larry2,0.516803751,3.547367876,GMP
CGATCCAGAGCCTAACGG-1_larry2,-3.195276475,-6.20415848,GMP
GGAGCTCAACCTCTGCAT-1_larry2,-5.22852776,2.191839759,GMP
CTTACCTAGACACATCTG-1_larry2,-1.378372407,0.601138239,GMP
ACTCCGGTTATAGTCTCC-1_larry2,-2.625275588,-3.366143639,MkP 2
TTGACCTGAGGTAGCATC-1_larry2,-1.505027509,2.366014545,GMP
CTTCACTGTACTCGAGTC-1_larry2,-2.050012326,0.950137203,GMP
ATCATAGACTGATTGCTG-1_larry2,-3.052138781,-6.416230376,GMP
CGAGCCGTTCCTTAACAT-1_larry2,-5.977968907,-0.894973929,pre/pro-B
CATGGACTCGCTCTGTGT-1_larry2,-2.395048594,1.303768222,GMP
GACCGGTAGGTTACTACT-1_larry2,-2.277746892,1.585805123,GMP
TAAGCCATTTAGTAACGG-1_larry2,0.494468191,-0.278761512,GMP
GATATATCCACCTGTACC-1_larry2,1.552899325,-3.478643114,MEP
GTATCCTGCCAAGAGGAG-1_larry2,3.697373653,-3.838265355,EryP
CCGACGTCATTGTATCAC-1_larry2,-2.890130973,3.9691909,GMP
GTGCCATGACCGGATTGC-1_larry2,2.327310586,-5.58293503,MEP
ATGACACAAACAACCGGA-1_larry2,-0.068859196,3.589642828,MEP
CACAACCAGCACGTCATA-1_larry2,-1.110736823,3.151952808,GMP
TTGAGCTCTAGCCGGATC-1_larry2,5.778013015,-0.19597094,EryP
ACCTCCTAGTACCGATTG-1_larry2,-5.769920087,-2.293602045,pre/pro-B
TACAACACCCACAACGCT-1_larry2,2.853919768,-5.47893923,EryP
ATTCGAAGAGCCGCTATC-1_larry2,-3.030526852,-6.089054282,GMP
ACACCACATTGCTTACGG-1_larry2,2.696991944,-2.758643324,MEP
TCCGGAGCTACCTAGCAC-1_larry2,-1.055300569,5.788029497,GMP
GTCCTTCATAAGCCAAGT-1_larry2,-2.013316846,-1.640548046,MPP4
ATGGAGGAAACCGCTGTG-1_larry2,6.305648589,-2.845879729,EryP
TGCCTGGTTAATGCACTT-1_larry2,4.97426393,3.546124046,GMP
GTCGCAGGTTTCCTTGAC-1_larry2,-2.311356759,0.442986851,GMP
TAAGGTCCGCTTAGGACT-1_larry2,-2.565313792,-0.90137821,MPP4
GAGCTCTCAAACAGATCG-1_larry2,3.270180965,-3.436436112,EryP
CACTTCCTTACCGGTTAC-1_larry2,-2.832826829,3.903021638,GMP
GTCTTCTCGTTGTAATGC-1_larry2,5.828017974,2.552320545,GMP
TGGATTAGCTTCAACTAC-1_larry2,-2.059924579,2.672726696,GMP
ATCGAATCGGCTGTTCGG-1_larry2,-1.277793741,-6.244164164,MEP
TACTTACCACAATACCAC-1_larry2,4.011248851,-6.498193915,EryP
AGTCTAAGCCGCACTGAA-1_larry2,-5.242806649,2.22281987,GMP
TAGATCTGTGAACTGCAA-1_larry2,-0.697901463,-3.037848408,HSC/MPP1
GTAATATCGGCTTCACTC-1_larry2,0.305648172,-0.847260113,GMP
GAGCCATCCCTTGATCTA-1_larry2,-0.182402229,1.701622312,GMP
GTACGCGATGACTAGCAT-1_larry2,0.889624605,-0.215353231,GMP
GAGGTCACGTACGGTCGT-1_larry2,0.346264655,1.352005904,GMP
CCACTGAAGTACAGTTAG-1_larry2,-6.000216698,-4.421938593,pre/pro-B
TGTGTAGAGAGCTCGTCT-1_larry2,-6.130576825,-4.361708815,pre/pro-B
GCTTCACTCTGACTGAGA-1_larry2,2.008306527,-2.917108233,MEP
CCTCGGTCACATTGTTCA-1_larry2,-0.738178348,5.715215986,GMP
CAGGTTGTCTTGTTAGAG-1_larry2,-1.856362319,4.995555227,GMP
GTGACGTAAATTCGCTTA-1_larry2,0.545192936,-1.319222624,MPP4
GCCACATGGTACACGGTC-1_larry2,0.299356306,-1.210479672,MPP4
AGTTGCCTTACATGGATT-1_larry2,-2.217745757,1.772724693,GMP
TAATCACGCAGAGGACGT-1_larry2,-5.116228318,2.306089466,GMP
CGTGACCAGGTAGTGGAG-1_larry2,4.183557534,-0.799145634,EryP
AACAACCTAAATTAGAGG-1_larry2,-0.122846818,-1.649386818,MPP3
TTGTAATGCCGGAGACTT-1_larry2,-1.213952398,-6.239226515,MEP
CTTAAGTTGCGGAACGAG-1_larry2,-5.643818593,-1.873346026,MPP4
TGGTCGCTAACTCACGAA-1_larry2,5.032215858,3.465382164,GMP
GTCTACCAAGACATAACG-1_larry2,3.509896302,-3.510624583,EryP
CAAGTCGAAAGAGAGTGG-1_larry2,3.565576577,-3.629109557,EryP
GCATACATGTCGTCATTC-1_larry2,-2.850353932,-3.734171326,MkP 2
TTCCATACCATTCGAAGA-1_larry2,-1.660784936,0.185853903,GMP
ACTCGTAGGGTCTTCATA-1_larry2,0.067102695,-2.893598969,MPP2
ACCTAGCACCACGACTCA-1_larry2,5.238370681,3.21170861,GMP
AGACCACGCCCACGCCAT-1_larry2,-0.957271552,-1.990098293,MPP3
CTTAACAGCTAGTCGCAT-1_larry2,-1.061325526,-2.559523041,HSC/MPP1
CAGTAATGTCTGTACGAC-1_larry2,5.811228061,-2.37262028,MEP
AATGCAGCGATTCCTACG-1_larry2,5.64875629,1.961484497,MPP3
TATGAGACCCAGGTTGTC-1_larry2,2.150347018,-3.459456141,MEP
TAGACCATGGGTTGAAGG-1_larry2,5.204684997,3.651962345,GMP
GTAACAGTCTGCGTAATC-1_larry2,5.583291316,-0.406916546,EryP
AGAGGTGAATCAACACTC-1_larry2,-1.173063612,-3.257586415,HSC/MPP1
GAAGTGTGACACATATCA-1_larry2,-1.693976617,-1.800346429,MPP3
GTAAGTGAGTGAGACAGC-1_larry2,-3.101763463,-6.339098627,GMP
AACTCCATGCGACAGGAA-1_larry2,-2.149229979,-0.104509438,MPP4
GCGATATGATCACCGAGG-1_larry2,-0.581628299,6.117595022,MPP4
GTACCTAACTACAACACC-1_larry2,1.880036497,-3.4207496,EryP
TGGAACTAATCTGCAACA-1_larry2,-1.211593485,0.268376117,MPP3
CAACGATCGGTTGACGTG-1_larry2,4.076284671,-6.443982775,EryP
TATAATCGCAGGTCCGTC-1_larry2,-5.726714349,1.5164097,MPP4
ACGAATCGCAGTTGTGTA-1_larry2,4.063546443,-6.467624838,EryP
TGTTAAGCCCTAACCGGT-1_larry2,-2.735922074,-5.844878848,GMP
CACCTAGCGTACCTCACT-1_larry2,5.578298831,1.180518811,MPP4
AGCATTCCACGACAGGAA-1_larry2,6.558543945,-2.254984791,MEP
AACTCCATGACCGGTTAC-1_larry2,5.656861091,-2.693943913,EryP
ACACCACATGTTGATGCA-1_larry2,4.112236524,-6.512517149,EryP
GTCCGTAAGCGCACTCTT-1_larry2,1.463305915,0.898389762,MPP4
TACGGTCGTCTTACATGC-1_larry2,0.253514165,-0.986598785,MPP4
CGCAGTGTCACCATACTT-1_larry2,5.719374442,-0.516394879,EryP
GCGAACTCGAGCCAGGAC-1_larry2,-0.803448176,-2.983898814,HSC/MPP1
AGATGAAGAGTGTTGGAA-1_larry2,5.265599513,2.653341835,GMP
ACGTAGTATCACTTGGAT-1_larry2,5.721295619,2.400566881,GMP
CTCGAACTGTAAGTGTAG-1_larry2,-5.203222489,-1.783305581,pre/pro-B
TTGGAGAACCCGAATATG-1_larry2,2.243798161,-2.189069683,MEP
GTCGTGTTACACAATAAC-1_larry2,0.942007178,-3.048975165,MEP
CGTTCGTACCCTAGAGTA-1_larry2,3.006208921,-2.937940772,EryP
CTGTTACCATCGTTCTCC-1_larry2,-2.304568982,-0.94774359,GMP
CCGACGTCATGAGATCAT-1_larry2,5.853904987,-0.085872928,EryP
GAGACGATCCGTCAGCAC-1_larry2,-0.799674725,4.370384996,GMP
TACCGCGTTACTTCAGTA-1_larry2,5.709862971,2.056351011,MPP3
TGAACGTCAGCGTGAGCT-1_larry2,-2.273379779,0.82611305,GMP
CCTCCTTGTCCAGTTACG-1_larry2,-0.780017352,5.989784544,GMP
GCTCCTAGCCAATCAAGT-1_larry2,-1.789221978,2.934700792,GMP
TAGTACGTAATTAGCACA-1_larry2,-0.70455656,-6.415496523,EryP
GTCAATACACAGCACGTG-1_larry2,5.667180324,2.053946798,MPP3
TTCCTGCTACCTCTTGTA-1_larry2,-3.481901383,0.028054451,MPP4
TGTCTACACTGCGACGTT-1_larry2,6.346265102,-2.919640238,EryP
TGATGGACAGACACCGAT-1_larry2,1.273684466,4.009405916,GMP
GTAACTCATTAACGTGTC-1_larry2,-5.017885423,-1.704997952,pre/pro-B
GCTAGTGGAATAACGACA-1_larry2,5.493229175,3.269042318,GMP
CATTGTTCAAAGCCAAGT-1_larry2,0.903027529,-3.12321728,GMP
TGTCGTACATGTAGGTTA-1_larry2,-2.820237374,4.162679498,GMP
CACGACTCAACACACGTC-1_larry2,-1.214291668,5.159027402,GMP
AATGCTATCAGTATGACG-1_larry2,-5.503468728,1.900753801,GMP
CAATCATACTACCAGCCA-1_larry2,1.398108804,-3.16001528,MEP
TCTACATCCAGAAGTAAC-1_larry2,-3.237695432,-2.645997937,MPP3
TTATGAGGAGACTAGCAT-1_larry2,-6.484045243,-2.551912243,pre/pro-B
TCGCATTCGTTATCGCAC-1_larry2,-3.036719298,-0.059537868,MPP3
TTGCAGTCACTGTGGTGG-1_larry2,4.325099731,-1.940547759,EryP
TCTGCAACAACAGTATTG-1_larry2,-6.548701501,-2.599734719,pre/pro-B
TGGAGAACCCTGAGTCCA-1_larry2,1.930630827,1.181092446,MPP4
CCATAAGTACTGTAGAAG-1_larry2,-1.31986103,5.476342981,GMP
GGAGCATCTGGTGTTCAT-1_larry2,-2.559887147,-6.050162966,GMP
GTTCACTCCTGCACGATG-1_larry2,-2.557928061,-5.741470511,MPP4
GCTCAATGATCAACACTC-1_larry2,1.480717862,3.938356702,GMP
CCTGCGTTACCAGCCAAT-1_larry2,-5.692229962,-1.667097742,pre/pro-B
TAACGTGTCGGATTCGTC-1_larry2,5.374922538,2.979722564,GMP
CTGTTACCAAGAATCAGA-1_larry2,3.084749961,-5.32321995,EryP
AACTTAGCTGTTAGAGAC-1_larry2,1.919800902,3.535649126,MPP4
GGTTACGCATCTACGCAA-1_larry2,1.308073306,3.865545576,GMP
GCCATTAAGACTGGTCAG-1_larry2,5.794633174,0.915691321,MEP
CATCGAAGCTGTAGGTTA-1_larry2,-4.618278718,1.894076173,GMP
CACATGTGCCGATTGAAC-1_larry2,-3.003457284,-6.243295844,GMP
GTAACTCATTGATTGTGC-1_larry2,-3.134660935,-5.996369059,GMP
GAAGTGTGACACACCACA-1_larry2,-5.863697743,4.624367063,MPP4
AGGAAGGTGTTACTAGTC-1_larry2,-2.980141616,1.704171364,GMP
CGGAACGAGCACAACGCT-1_larry2,6.482702518,-2.212772305,MEP
ACCGACGGTACGATGGAA-1_larry2,-1.125666594,-1.646687205,MPP3
GAGGTCACGCGCATAACT-1_larry2,-1.1338341,-2.87851804,HSC/MPP1
ATAGACCGAGAGAATCAG-1_larry2,5.865182185,-0.193652625,EryP
ACGTCTATGACGACAGTC-1_larry2,-3.036826587,3.948560064,GMP
GCATGTGGTTAAGCCATT-1_larry2,-1.353142953,4.998969858,GMP
CATCCTCTCTCCTGAGAC-1_larry2,5.349838996,2.948212211,GMP
CCGTCAGGTACCGTCACG-1_larry2,-1.404670214,5.288209741,GMP
GAATTGTTGCTAACCGGT-1_larry2,-1.970794892,-0.732284362,MPP3
TCCGATCTGCCTTAACAT-1_larry2,1.968931103,1.968018358,GMP
CTACCTGCGAGGTATTCC-1_larry2,-2.325159287,0.175949906,MPP4
CTGAGGTTAACAACGAGC-1_larry2,3.158370519,-5.208960707,EryP
GACGTAGCATATGAAGAC-1_larry2,-4.705009675,2.668680494,GMP
GGTGTGACCATTAGCCAC-1_larry2,-0.93549273,0.618096297,GMP
ATAATCGAGACCTTGAAG-1_larry2,4.832254672,-3.255021985,EryP
GAGACTCGATTCCGAGCG-1_larry2,-3.674679971,-2.351903613,GMP
TGTTACTGATCACTACGT-1_larry2,2.003926897,3.483255928,MPP4
TTCATCCAATCTGGAGGA-1_larry2,5.449538493,3.192234342,GMP
CCTAAGTCTCCGCTCATG-1_larry2,4.376416946,0.019354318,EryP
AGTAATGGTAATAGACGC-1_larry2,6.109794402,-2.615112956,EryP
ATGCTTCAGTTACAGTGT-1_larry2,1.520777011,-4.541494543,MEP
ACAGCATCACGATACTCT-1_larry2,2.566101337,-5.581774409,MEP
ATCCGTCTCGGACGAGCA-1_larry2,-2.936023211,0.06801108,MPP4
TCACGCGACCCATAGCCA-1_larry2,-1.669153189,0.885287707,GMP
CATCTCGATTAGATCTGT-1_larry2,-4.804146504,2.666709249,GMP
GGATTACGCTTCCAATTC-1_larry2,-0.667664862,-6.407251532,EryP
CAAGCGCATCGTCATGGA-1_larry2,-2.120776629,2.419900005,GMP
GTCGTTAGATATCAGTGC-1_larry2,4.840656066,3.259194439,GMP
CAGCGACGTATCACTTCC-1_larry2,-1.191917872,4.993863409,GMP
GCCGTTGTTTCAGTGCAA-1_larry2,-1.391737199,3.368374174,GMP
TGAGCTAGAACTCCGTCG-1_larry2,2.437984133,-2.605410273,MEP
CTCTCGATATAGGAGCTA-1_larry2,-7.326263642,-2.734586651,pre/pro-B
CTGCAGAGCCAGGAGCCT-1_larry2,-3.053856826,-2.42262357,MPP4
CATGGTTACCAAGCCTCG-1_larry2,-5.878582692,4.645180051,MPP4
CCTAGTTAGGAATCACAT-1_larry2,-6.635473943,-0.746574308,pre/pro-B
TAGTCAGACCCGTACGGA-1_larry2,-0.740888095,5.751610105,GMP
GTCACAGAGTGATCTCGG-1_larry2,-2.908747649,4.039882486,GMP
TTAACGGAGGACTTGATT-1_larry2,-3.627000546,-2.338589842,GMP
CTTCTGAGTCAGCTAGTT-1_larry2,5.15422132,3.267491643,GMP
GTCGAGTACACCACGGAT-1_larry2,-1.355493045,5.74228174,GMP
TAACGTGTCCTTGCGACC-1_larry2,-1.300483918,-1.512291725,MPP3
CTGGTAATCGTACGTCTA-1_larry2,-2.634848571,-5.949727232,MPP4
TACCAGCCAGGTTAGATG-1_larry2,-3.271236396,-2.608212883,MPP4
CCTCCAATCTTCCAATTC-1_larry2,-2.247401213,1.672727649,GMP
TCAGGTGCAATTCTCTGG-1_larry2,-6.600235677,-3.900256092,pre/pro-B
GACGTCAATGTTCAGAAG-1_larry2,1.049432928,-1.941800411,MPP3
TAGCTAAGATTCGCTGAG-1_larry2,1.649650061,-4.429589922,EryP
TAACACGAGTACGTTGGA-1_larry2,-6.224716878,-4.100271161,pre/pro-B
CCGCAGCTAGTACGTCTA-1_larry2,-3.769403672,-2.314680273,GMP
GACTCAGTGCTGATGCAC-1_larry2,-2.674949384,-3.392341311,MkP 1
TGCCGACTAGTGCTCGGA-1_larry2,-6.282094693,-1.060451145,pre/pro-B
AGTAGAGGACCGAGTACT-1_larry2,-0.100828028,-3.084693129,HSC/MPP1
ACAGAAGAGCTTCTGAGT-1_larry2,2.673293615,-4.004317219,EryP
GCTGACAGACGGACAAGT-1_larry2,5.264551902,2.785641973,GMP
ACGTCGCTCGAACAACCA-1_larry2,5.816388393,1.016977971,MEP
TAGATAGCCGCACAGTAA-1_larry2,-2.397272801,-5.704074557,MPP4
CGAAGAGGTCTACCTGCG-1_larry2,5.832906032,1.532223528,MEP
CTCTAAGAGTTCACTGGA-1_larry2,-6.195985055,-2.635106499,pre/pro-B
CCGACTTGGAGCACACCT-1_larry2,-6.197563386,-2.327547963,pre/pro-B
ATCAGTCGATTAGCGTCT-1_larry2,6.303829932,-2.263536627,MEP
GCAGCTTGAATTCCTACG-1_larry2,-1.137653088,5.338079755,GMP
TAGACCATGCCGGTTGAG-1_larry2,1.727990055,-3.565252955,EryP
CAGTCTAACACGATGGAA-1_larry2,0.396880293,-2.877635176,MPP2
AATCCGCTGCAAGTACGA-1_larry2,0.59796573,-1.312333639,MPP4
ATAGAGCAGTGAGAGGAC-1_larry2,5.248667979,2.58045656,GMP
ACAGGAACTCCAAGTCGA-1_larry2,-2.01915524,0.311522548,GMP
TCGACGTTGGAAGAGCAC-1_larry2,5.825230384,-0.282677878,EryP
ACACTAACGAAGTAGGAC-1_larry2,-6.581557011,-2.045565898,pre/pro-B
ACACTAACGCCTTAACAT-1_larry2,-2.504251456,2.679051941,GMP
CGTGCCTATATGGACGTT-1_larry2,3.952055955,-3.187061007,EryP
CGACAGACCATCCACAGT-1_larry2,3.429824615,-6.200757677,MEP
TCTACAGTTAATGCGTGC-1_larry2,-1.517168736,2.839690511,GMP
ATTAGCCACTACACGGTC-1_larry2,3.30311563,-3.142589028,EryP
CAACACTCCCAGTGAGGA-1_larry2,-1.925764537,2.820399587,GMP
CCTAGTTAGGATCGTTGA-1_larry2,-0.38393209,1.677695339,GMP
GTGCATCAAGTACGTCTA-1_larry2,-0.613283014,6.299244707,MPP4
TGGAATCGTGCAGCTCTT-1_larry2,5.91431644,-2.974366362,EryP
CGTTCGTACCCATGCGTC-1_larry2,-7.431463456,-2.985220368,pre/pro-B
GGAAGGTATCCACACAGA-1_larry2,2.64113977,-2.59838217,EryP
AGCACCAGCGAACCAGTT-1_larry2,-0.708631253,1.584294384,MPP4
GTTCCAACACCGTCCACT-1_larry2,-5.690812325,1.314442937,MPP4
AGCCGTTCTGTAGCTACA-1_larry2,-0.092620408,6.379580324,MEP
TGTGCAGTAGTAACCATA-1_larry2,6.081700587,-0.173266272,EryP
AGTAAGCCATATACGTGG-1_larry2,-0.804267144,-2.65117615,MPP3
CATACGCAGCTGATGCAC-1_larry2,-0.470987892,6.357594793,MPP4
TGTAGCAAGAATGTGCGT-1_larry2,-1.786446071,1.818177764,GMP
AAGCTTGCATCCTATTCC-1_larry2,-3.057556844,-6.020479376,GMP
ATCGCCTCTGTCTTCATA-1_larry2,6.568653846,-2.238577063,MEP
GCTTGTCCTACGGACCAT-1_larry2,3.188645148,-5.285129244,EryP
TGTATCGTGGTACTCTAC-1_larry2,-3.029619908,-6.201307471,GMP
CAGCTGGAGAAGCAATCG-1_larry2,0.610320741,-0.75188535,GMP
CATGGTCGAAACGTTCTT-1_larry2,1.030933523,-3.323349173,MEP
ATCAAGAGACCTAAGAAG-1_larry2,4.932094836,3.474845474,GMP
GCACAGTAAGACTTCACC-1_larry2,-0.14470855,2.449325626,GMP
TAGGATGCCTCTACAGTT-1_larry2,-5.385414815,1.929109638,GMP
GCGGACGAACGTCATGGA-1_larry2,-0.370923257,4.841284101,GMP
GAGAATCAGCCATGATGT-1_larry2,-5.067499852,-0.833576555,pre/pro-B
GAGACTCGAACGATGGAA-1_larry2,4.557838941,-1.760835822,EryP
TGTAACAGTGCTGACAGA-1_larry2,4.139703775,-2.52757519,EryP
GCGGAGATTTGATTATCG-1_larry2,3.848020101,-6.472070868,MEP
GCGAACTCGTATCTAGGT-1_larry2,-0.827203488,2.407106941,GMP
AAGTTGCCACACCTACGC-1_larry2,-1.74031446,-0.288081291,MPP4
ACAACCGGAGGTCGGTCT-1_larry2,3.123205686,-3.245023186,EryP
GCGATATGATACCAGCCA-1_larry2,5.111723685,2.907614057,GMP
ATCCGTCTCTGCCAATGG-1_larry2,-5.542023396,-1.997792537,pre/pro-B
TACCTCCTCATTGATCAC-1_larry2,3.104771161,-3.592064078,EryP
GTACCACAAGACATAACG-1_larry2,-3.106368518,-6.085976298,GMP
CAGGTTGTCTGGTCTACG-1_larry2,-3.395674443,-0.085854883,MPP4
ATAATGTGGATGCGGATT-1_larry2,-3.149510598,3.666893547,MPP4
ACATCGTCCTGTGCAGTA-1_larry2,0.423214907,-1.139684732,GMP
TGCCTGGTTTACTCGCTG-1_larry2,-1.818666434,1.941611593,GMP
AAGCATTGCGGTCGGATA-1_larry2,-1.070652222,3.322432821,GMP
ATATCAGCCGATTAGACA-1_larry2,1.935282374,-3.335257227,MEP
AGAATCAGAGTTAGTCAA-1_larry2,0.445430795,-3.013836558,MPP4
ACCATCTAACTCTACGCA-1_larry2,-3.050661301,-0.066307883,MPP4
GTGAGGACGGGTCGGTCT-1_larry2,3.783346915,-3.347416575,EryP
TATGATGTGTTCCTCGGT-1_larry2,-0.581311321,-1.625213559,MPP4
CTACCTGCGATGGAGGAA-1_larry2,-2.974020696,-6.10279053,GMP
AGATCGAGTTTCATTCGC-1_larry2,-6.487303471,-0.785168345,pre/pro-B
GGAGCTCAATAGGTTAGT-1_larry2,-2.072335934,2.147522752,GMP
CCTTAATTCCCTCAGGTG-1_larry2,-2.764556146,4.122126405,GMP
TGTAGGTTAGAGTGTGCC-1_larry2,-5.140627122,-1.322094972,GMP
GACACCGATTTACACCTT-1_larry2,5.878972316,1.487013643,MEP
TCACATACTCACAATAAC-1_larry2,1.702614451,-3.625565941,EryP
GCCGTTGTTAGTTAGGTC-1_larry2,-1.85552237,4.928303545,GMP
AGAATCAGAGAGTTATAG-1_larry2,-2.99862144,4.047304933,GMP
GTAGTGGAGATAAGACAG-1_larry2,-6.016882634,-4.320700819,pre/pro-B
CTGTGGTGGCACTGTATC-1_larry2,-1.395218825,-6.201461489,MEP
TGGTCCTAGTACACGGTC-1_larry2,5.520733142,0.954559391,MEP
AGTTCGATAGTCAGACCG-1_larry2,-3.471807694,0.984356587,GMP
AAGACGAAGTCATATCGC-1_larry2,3.877247596,-3.725698407,EryP
TAGCTAAGAGACTCTCAC-1_larry2,-0.182587659,-3.054385359,HSC/MPP1
CGTGAGACTGCAGATCCG-1_larry2,5.968973422,-2.730681355,EryP
TCGCAAGCACTGTGCTCA-1_larry2,-5.59893105,4.905723875,GMP
TGCAGCCTTCCGTTAGAC-1_larry2,-5.369058347,5.126872366,GMP
CAAGAACCGTCAAGGAGT-1_larry2,-3.446009374,2.892545765,GMP
GTAGAAGTTCGATTGAAC-1_larry2,5.815721774,2.520546024,GMP
ACGATGACCCGATTCGAG-1_larry2,-1.900672412,3.369813745,GMP
TGTGCTAACCTGGTAATC-1_larry2,0.814712072,-0.368596705,GMP
AATCGCCATCTTCACTGT-1_larry2,-2.251692986,2.265460079,GMP
GAGTCCAATTGGTGGATC-1_larry2,-1.868289685,-2.306634839,MPP3
GTTCAGAAGATCCGTCTC-1_larry2,0.912002319,-0.035257335,GMP
CTATCCATCATTCATGTG-1_larry2,-5.435085988,5.075173204,GMP
TAGCTAAGAAGTTATCGC-1_larry2,5.79190042,3.165889804,GMP
TTATCGCACTCACGACAA-1_larry2,5.971291328,1.166397636,MEP
GTAAGGTCCTCTACAGTT-1_larry2,-6.121027207,-4.243365223,pre/pro-B
GCGAGCAAGGCAGGAGAA-1_larry2,-1.340228414,-1.565417583,MEP
GCGACAACCCCGCAATGG-1_larry2,5.933656001,-2.678367789,EryP
GACCGCTTCGGAATTGGA-1_larry2,-0.710060811,0.698584085,GMP
TGTAGGTTATCTAGTGAC-1_larry2,-1.189204311,-1.228956933,MPP3
CCGAAGCGTATGCCTTCA-1_larry2,-2.702044225,4.109293287,GMP
AGTGAACGGGGTAGACAT-1_larry2,-2.262718177,1.48165304,GMP
GCCATCGCTACCATCTAA-1_larry2,3.151983524,-3.720356877,MEP
AGGTGCGAGTGTTGTCGA-1_larry2,4.390571857,0.026673352,EryP
TCATCATCTATACCGCTT-1_larry2,-0.264207399,1.114961808,GMP
GAACTGCAACTGCGTCAC-1_larry2,-1.313164687,5.339953249,GMP
GAAGTGTGAACACCGCCA-1_larry2,-6.032695031,-4.358072455,pre/pro-B
CCTCTTGTAAACTCCATG-1_larry2,-0.809070086,5.760690515,GMP
AAGAGAACTAGTCGCGAC-1_larry2,-1.74191997,1.793165271,GMP
CCTCTTGTAGGATAATAC-1_larry2,-2.590716576,2.068267171,GMP
GACTAGCATGGTCGGATA-1_larry2,-5.425634599,1.914007967,MPP4
TGATTATCGATCAAGCAT-1_larry2,-0.645134783,-2.345496828,MEP
GTGACTCTCCGCCATTAC-1_larry2,-1.910802817,3.203362291,GMP
CTGGACTAAGTGGATAAG-1_larry2,-0.141894257,-1.891701515,MPP3
TAAGTGTAGGTCAAGATC-1_larry2,5.453936839,3.619813507,GMP
GCCTGGAATTAGGATGCC-1_larry2,-2.324917054,2.675952499,GMP
TGTCACATACAACCTGGT-1_larry2,-1.361585355,3.001884525,GMP
TGCCATCTCATCCAATGA-1_larry2,2.229273105,-5.626114542,MEP
AAGGAAGTCTGTGGTCCT-1_larry2,-5.299135899,2.017081802,GMP
GTCAAGATCGATTAGACA-1_larry2,5.616180206,0.685895269,MEP
TTCACTCCTACAAGAATG-1_larry2,-1.837263322,1.618506615,GMP
ACGACAGTCCATCCGACA-1_larry2,0.578327792,-0.905822809,GMP
AATAGACGCCATCGCTGG-1_larry2,-1.254739618,-6.216593916,MEP
AATATCAGCCGAAGAGGT-1_larry2,-7.524743295,-3.005381281,pre/pro-B
TACTTCCAGGCTGTTCGG-1_larry2,-1.080033159,1.732309406,GMP
CTTACATGCGAACTGCAA-1_larry2,-2.241183257,0.562025433,GMP
ACTCGTAGGTCGCATTCG-1_larry2,-0.691709494,3.563192194,GMP
ACGATGACCATCAGTCGA-1_larry2,-2.319740987,1.38538677,GMP
TTCACTGGAACCATCTAA-1_larry2,1.136717075,-3.280427868,MEP
ACTCTGCTCCGTTAATGG-1_larry2,-2.059439635,-5.859106715,MPP3
CTAGTCGTCAGCATTCCA-1_larry2,-1.90800879,-5.903087313,MPP3
CCAGATCACAATACCTTG-1_larry2,5.300752425,3.336777036,GMP
GATGCGGTTAGCAGACAA-1_larry2,-1.163505769,2.937362259,GMP
TGAGATCATGCCAACAAT-1_larry2,4.467958236,-2.500505383,EryP
ATCGCCTCTCAGTAATGT-1_larry2,-1.729695058,3.166939323,GMP
TGGTGGATCTGTGGTCCT-1_larry2,5.752857471,2.346725528,MPP4
TCACTACGTCTGTAGAAG-1_larry2,6.021816993,-0.056761931,EryP
TCTAGTGACCTGTACGAC-1_larry2,2.922923827,-3.277439768,EryP
CTAGTCGTCGATGCAGAA-1_larry2,-0.534776306,-6.320023234,EryP
CGTACACACCCATTCTGC-1_larry2,0.751380304,-0.051691319,GMP
CATTGACAAGGTCCTGGT-1_larry2,-1.0233464,-1.764856751,MPP3
ATGCTGTCGTGAGATCAT-1_larry2,5.798630977,-2.967839892,EryP
TAGTCGCATGGTCTCATG-1_larry2,-1.24198327,6.090156858,MPP4
CCTAGTCTCCGGTTCGTA-1_larry2,5.845883155,-0.227066423,EryP
GAATCGAGACCTCCAATC-1_larry2,0.567048894,-0.715975935,GMP
AAGACTACCAGAGCGGAG-1_larry2,-6.648543095,-2.724830801,pre/pro-B
CTAATACGCTGTACACGA-1_larry2,-0.873971796,5.694391553,GMP
ACACTGTGACACTCACTA-1_larry2,4.868108535,3.326804464,GMP
AATCAGGAGAACGTTCTT-1_larry2,5.310547614,3.746687238,GMP
GAGGTCACGGTCCTAGTT-1_larry2,6.48964479,-2.974505837,EryP
TGCCTTCAGAGCCTCGCA-1_larry2,-0.980446434,6.340561216,GMP
CCGCACTCAGGAATTGGA-1_larry2,2.513673568,-3.05503195,MEP
TGCAGTCGGGCGTGATAC-1_larry2,-2.802250838,3.243521278,GMP
AGACTTCGTGTCAGACCG-1_larry2,-6.054757333,-4.175654585,pre/pro-B
TAGCACTATAGGTATTCC-1_larry2,4.372103,0.041037237,EryP
CTCCGCATTTCTCGATGC-1_larry2,-0.725541687,-6.406327422,EryP
TCTAGGATGTAATCTGGA-1_larry2,-3.030616736,-6.266381438,GMP
ATCCATTAGGGTAGCATC-1_larry2,1.728310967,-3.550723965,EryP
ATATAGCGTTGTAGCAAG-1_larry2,-1.705659604,2.074319189,GMP
CTCCTGACGATTCCGTAC-1_larry2,-0.765837645,-2.811185057,MPP3
CATATGCGACCACGAAGG-1_larry2,5.127984786,2.929617708,GMP
CGTTACACCTGTGGTCCT-1_larry2,0.171727115,-3.162832911,MPP3
CGAATCCTGTACGACCAT-1_larry2,2.006304407,-2.560782368,MEP
CCTCTCTAGCCTTGCTTG-1_larry2,0.69785645,-4.055135901,MEP
AGTCGTCCGTTCATTCGC-1_larry2,-1.922620749,-1.079174097,MPP4
CAGTATGATTGCGTAATC-1_larry2,2.974735999,-7.620513136,EryP
GTATCCTGCAAGTCATGA-1_larry2,-2.117098546,2.993914192,GMP
AATTGGATCATGCCTGTC-1_larry2,-0.40566287,6.41937906,MPP3
TGTCAACCTCATCGCTGG-1_larry2,-1.052661276,0.494645839,MPP4
GCCGTGAACGCAGCTTGA-1_larry2,-2.849899506,-6.225828822,GMP
GATCCGCACCGTGTGTGG-1_larry2,0.346219117,-2.972176487,MPP3
TATGTATGCCCGGTGGTT-1_larry2,-2.14686439,1.716424053,GMP
CTAGTTCCATGGTAACCA-1_larry2,-0.721964574,4.336043661,GMP
TGCGATACTCCGTAGTTG-1_larry2,-1.932563758,3.544795816,GMP
CGATTGAACTCATATCGC-1_larry2,-2.484414077,-5.874185259,MPP3
CCAGCCAATCGGTCGACA-1_larry2,5.285499358,2.956360643,GMP
ACCTCCTAGTCGTACCTT-1_larry2,-3.081852174,0.568327491,GMP
CTGACGGATAGATACGTT-1_larry2,-2.426274752,2.358850067,GMP
CGTAATGACCACGGAAGT-1_larry2,2.79041245,-5.431739981,MEP
AGAGAGTGGTCGTGCCAC-1_larry2,-4.121411538,2.345657175,GMP
GAGTTATAGGTGGATAAG-1_larry2,0.781613821,-0.89444458,GMP
GCCATACAAGGTTCGCAA-1_larry2,2.626624608,-5.665112193,MEP
CCGATACCGATCATTACG-1_larry2,0.464330533,-1.232212002,MPP4
ACACATCTGAGATCGAGT-1_larry2,-0.774703955,3.235301321,GMP
TAGGAGCTATGATACCGT-1_larry2,2.876733327,-7.779683287,EryP
TAGGATTAGTCCGATCTG-1_larry2,-3.61511395,0.266731386,GMP
GGTAAGTGAGTAGGACGC-1_larry2,-6.58745501,-0.888629789,pre/pro-B
AAGCAATCGCATATGCGA-1_larry2,-2.399831748,-3.068740303,MkP 1
TAGGAGGATTGGTCGCTA-1_larry2,-4.878508305,2.741842573,GMP
GGTGTTCATTTCGTGATG-1_larry2,-3.352977967,2.829320495,GMP
TAACACGAGAATATCGCT-1_larry2,1.008264238,3.928433244,GMP
GGAACCTAGTCAGAGTCA-1_larry2,5.733924174,2.699137752,GMP
AAGCTTGCATTGCCGTAG-1_larry2,-5.175914025,-1.357826288,pre/pro-B
TATTACAGCCATGTGAAC-1_larry2,-2.155019498,2.868103092,GMP
ATGGAGAGTCACGGAAGT-1_larry2,-2.981033301,-6.34389704,GMP
CGGTGAGTCAGTTCAACC-1_larry2,4.014983678,-3.091347153,EryP
ATACGAGGTAATGCGTGC-1_larry2,6.288731361,-3.059054787,EryP
CTTCCGTGGCAGCACGTG-1_larry2,-6.344970918,-0.449320744,pre/pro-B
CGTACACACCACATGTGC-1_larry2,-2.49727509,-5.847940142,MPP4
ACGTAGTATCGCTGTAGT-1_larry2,4.367961192,0.209769373,EryP
CCGCAACACTCACACTGC-1_larry2,-0.785210824,5.683721368,GMP
ATGGAGAGTGATGCGGTT-1_larry2,2.573338056,-3.918945248,EryP
TCGTGACGTTGCCGAACT-1_larry2,-5.513035035,5.070692365,GMP
ATGCTTCAGGCAGCTCTT-1_larry2,-5.857379174,1.162667577,MPP3
TAGACCATGGCGACCTGT-1_larry2,3.2733145,-5.291042502,EryP
TGCTTACGGGGTTGCTAT-1_larry2,6.506762767,-2.117555315,MEP
ACCGTACGCCGAGCTTAC-1_larry2,-3.275190806,-2.590212519,MPP4
CTTGCACAAACAGGAACT-1_larry2,3.264580751,-3.83614486,EryP
GACTTGATTACACTGTGA-1_larry2,5.921012664,-2.963067944,EryP
CCGATACCGGTCCTAGTT-1_larry2,-3.221578812,-2.619796688,MPP3
GGTTCTATCTGATGGACA-1_larry2,5.938048148,-0.325318198,EryP
TCGATTCAGTGCAGATGC-1_larry2,-4.770589089,2.786757295,GMP
AACTTGTCGATGTGACGA-1_larry2,-2.412012553,-5.663150484,MPP4
AATCAGGAGCACGATAGA-1_larry2,-0.78881166,0.651607459,GMP
TTCTCCACAAGAGCGCGA-1_larry2,-6.523038602,-0.684605802,pre/pro-B
GCGAAGACAGACGTTCAG-1_larry2,-6.060065961,-2.391064341,pre/pro-B
GGATGCTCGCGTCTGTCC-1_larry2,-7.297962403,-2.823135312,pre/pro-B
ATGCTTCAGCACCTCAAC-1_larry2,-0.032814181,2.433363979,GMP
ACAGAAGAGAGGTACCAA-1_larry2,-0.734714722,1.470388596,GMP
TTCGCATCCGTGCTCTTG-1_larry2,-7.415138459,-2.946578677,pre/pro-B
GCTCTGTGTCTGCAGAGC-1_larry2,2.916265273,-7.73881119,EryP
ATTAGCCACAATGCACTT-1_larry2,3.593221688,-3.450688775,EryP
AATTAGAGGACGACAGTC-1_larry2,-6.261063313,-4.202648337,pre/pro-B
AAGTAGGACAGTTATCGC-1_larry2,-5.953777528,-4.056650336,pre/pro-B
GAGAACAGGCTGTTACCA-1_larry2,-5.811447358,-1.897887165,pre/pro-B
CAGGAGCCTTAGAGACTA-1_larry2,-5.998295045,-4.274454768,pre/pro-B
ATTCGCTTATATGAGACC-1_larry2,5.707234168,-2.637098248,EryP
TATGAGACCTTACAGTGT-1_larry2,-2.379736876,3.832628076,GMP
ATAATGTGGCCGATGTTC-1_larry2,2.133495712,-2.978111918,MEP
TGCATCGGAACAGGAACT-1_larry2,2.871824527,-7.76305073,EryP
TCGTAGGAAACTCCGGTT-1_larry2,4.047112489,-6.481498415,EryP
TGAGAATCCGCCACATGG-1_larry2,0.731389889,-3.112462933,MEP
AGTCAGTTGTTATCGCAC-1_larry2,-1.673586345,5.136174505,GMP
TGACGATGATAACACGAG-1_larry2,-1.389573788,-1.554736431,MEP
CCATGATGTAGATGAAGA-1_larry2,-5.427026009,5.03791744,GMP
ACGCTCTTATCGCCAAGC-1_larry2,0.394020283,-1.061318214,GMP
CTTAAGTTGTCCAGAACG-1_larry2,-5.756258702,1.240713303,MPP4
AGTCTGGAACTGGTGACA-1_larry2,5.732395435,0.180780565,EryP
TAGCTGTTGATCTACATC-1_larry2,-1.000780797,0.638041859,GMP
ATTAGCACAGTGAACCAC-1_larry2,4.024475837,-6.471842463,EryP
CCACAAGGTCAGCTGGAG-1_larry2,1.837765479,-2.808489735,MEP
CAATCATACTTCGCTGAG-1_larry2,-0.906090712,2.16406018,GMP
GCCTAACGGAGGAATTGG-1_larry2,3.362699294,-0.820592458,MEP
AGGATTACTTTCCTAAGG-1_larry2,-4.57838223,2.76090986,GMP
TTATCGCACCTACCTGCG-1_larry2,-2.787268615,1.58248121,GMP
TGAGTGACTAAGCACAAC-1_larry2,-0.524430609,2.044399087,GMP
CATACAACCCTCTAAGAG-1_larry2,-0.836170292,2.260252779,GMP
TCCTTAGGTGTAGGACGC-1_larry2,-1.792501187,3.371767585,GMP
TGCGTAATCTGACTGAGA-1_larry2,0.002105677,2.727990692,GMP
CTGTCTAGTCTGTGGTGG-1_larry2,0.063445056,-0.885400231,MPP4
TGTGCCATGTAACGTGTC-1_larry2,2.417460108,-5.474606211,MEP
GAACATGACGGATAGTCA-1_larry2,-1.010799384,5.72246105,GMP
ATGTCGCCTAGAAGTCCT-1_larry2,-3.410955643,2.793414896,GMP
CCTAGCAATCGAAGAGGT-1_larry2,-0.775518155,0.57643569,GMP
GGATGCTCGACCGGTTAC-1_larry2,-0.503708458,6.63407356,MPP4
CCTTAATTCAGGTGCGAG-1_larry2,6.482437396,-2.783042843,EryP
CAAGGTGTGACTCCGTCG-1_larry2,2.151014948,-3.468116219,MEP
ATCTGCGTACGTATCGAA-1_larry2,4.449395681,-2.966350014,EryP
TCCTGTCCGTCAGACAAG-1_larry2,4.178446555,-3.340068276,EryP
AATCCTCGTTTCTGGTGC-1_larry2,6.176478648,-2.802269633,EryP
CATCCTCTCGAATCACAT-1_larry2,-6.01387856,-4.058129723,pre/pro-B
AGTTAGGTCAGATGAGAT-1_larry2,-1.243611193,2.853608196,GMP
AGTGTTCTGTCCACCGGT-1_larry2,-2.52592442,1.654213612,GMP
CTACGTTGGAGTTGAGCG-1_larry2,0.327934915,2.774286096,GMP
GAGCACATTGCTCAATGA-1_larry2,-2.394619918,0.376563017,GMP
TGCTATGAACAGTCCTAA-1_larry2,1.871748114,-3.5143308,EryP
ACTCCAACTAAGACGAAG-1_larry2,-6.899028992,-2.820900376,pre/pro-B
CGCACTCTTTCAACACTC-1_larry2,-3.476296639,2.894480531,GMP
CATTCCGAGGTAGTTGGT-1_larry2,-5.804807877,-3.190766509,pre/pro-B
TATTACTCGTGAGAATCC-1_larry2,-6.525329804,-1.745415146,pre/pro-B
CCGTTAGACGTCCACAAC-1_larry2,-1.571382737,0.902365391,MEP
CCTATTCAACTTCTGAGT-1_larry2,5.73008039,1.809572046,MPP3
ACTCCGTCGTAAGGTGAT-1_larry2,1.603223705,-2.919484789,GMP
AGCCACTTCCATGACGTT-1_larry2,5.924853587,-2.720124896,EryP
AAGACTGGTATGGATATC-1_larry2,-2.361651635,1.704725688,GMP
ACCGATCGACCATATCTT-1_larry2,-7.605019784,-3.010522778,pre/pro-B
GTAGCATACTGTGCAGTA-1_larry2,-1.113757825,5.246856039,GMP
GATATGGACATGGACGTT-1_larry2,2.833095575,-3.273322756,MEP
CTCGTTCACATATTCGCA-1_larry2,6.459749961,-2.093898947,MEP
GTCTGACGTCGATAGGTG-1_larry2,4.042736554,-3.171445305,EryP
TAGACACGTCACAACGCT-1_larry2,-5.049415803,2.208279436,GMP
ACCGTCACGATATGCAGC-1_larry2,-0.113993501,3.862449949,GMP
TGAGAGGACTAACATTGG-1_larry2,-5.991138673,-1.164066071,pre/pro-B
TCGCAAGCACATCGAAGC-1_larry2,-1.300389385,2.548298423,GMP
GTGCGTTCCTTAGATCGG-1_larry2,-1.982652402,0.859612053,GMP
TCCTGTCCGCAACGCACA-1_larry2,-0.739446378,0.591465836,GMP
CGTGTATTCGTCAGACCG-1_larry2,-5.843323922,4.633385961,MPP4
GGAACCTAGTTGGACTTC-1_larry2,-1.0160887,-1.77411979,MPP4
TCCGATAACTGCAGCCTT-1_larry2,-1.152196622,5.972101514,GMP
AGCCACTTCATAAGACAG-1_larry2,-3.03345797,-6.25898474,GMP
GGTCCTGGTGCATGTAAG-1_larry2,-5.031525349,-1.777956541,pre/pro-B
GAGTTATAGAGTACTCTC-1_larry2,-2.818005299,1.672122543,GMP
CTCAGTGATACGTGTAGT-1_larry2,-2.334551072,-0.164499561,MPP4
TACGTTGGAATGCAGTTC-1_larry2,-1.436818099,5.216070001,GMP
AGTCAGTTGGAAGTGTGA-1_larry2,4.108881259,-6.647845919,EryP
ACCAGCGTTAACAGCAGT-1_larry2,6.235172057,-2.566789563,EryP
ATCCGTCTCACTCATTCA-1_larry2,-6.133190846,-4.22615021,pre/pro-B
ATGGAGAGTTTGATCGTA-1_larry2,-1.043961263,6.234491651,GMP
TTGGTAACTCTCCTGACG-1_larry2,-0.728581285,-6.523403342,EryP
GCGACCTGTTGGAATCGT-1_larry2,2.873240733,-7.775390322,EryP
TGGAATCGTCAACGATCG-1_larry2,3.53743341,-1.404055412,EryP
ATCCTCCGAATCGGTGGT-1_larry2,-5.924303746,-2.135500009,pre/pro-B
CACGTCATAACGTCGCTC-1_larry2,-0.581394768,-6.565218623,EryP
ACGCTCTTATTGATGCTG-1_larry2,5.685502792,1.965509956,MPP3
ATCTGCGTAGCGCTTCTC-1_larry2,-0.718526697,-2.868229802,MPP2
TACGAGTGACGTGTGTGG-1_larry2,-2.417185759,0.372315233,GMP
ATCGGTGGTAGTCCGTGT-1_larry2,-5.425475335,4.992568796,GMP
ATAGTCAGTGCAGGAGAA-1_larry2,-3.384261823,-6.100701029,GMP
AGGTCAGCAGCTAGTGGA-1_larry2,-6.517681336,-0.783383543,pre/pro-B
CTGATCAAGTTATGAGGA-1_larry2,-0.697824693,2.732199495,GMP
ACTTCTTGGCGAGCCGTT-1_larry2,3.84181931,1.074627345,MEP
AGCGGTCTAACGTTCAAT-1_larry2,6.36857059,-2.765789206,EryP
AACGCTCAAACGGTGCCT-1_larry2,6.145104194,-2.605954821,EryP
CAATACCACGAGCAGGAA-1_larry2,6.70151403,-1.950045402,MEP
ACTCTAGGACACACCACA-1_larry2,1.541830325,-4.45847481,EryP
TCCATCATTATCCATTAG-1_larry2,-3.435701585,-6.198756869,GMP
CGTTACACCCGAGCTTAC-1_larry2,5.722131038,-0.224657426,EryP
AATATCAGCGAGAATCAG-1_larry2,-3.427933907,0.457033341,GMP
TGAGAGGACCGAATGAGT-1_larry2,-0.723367548,-3.290579731,HSC/MPP1
CGGTCGACATCAGGACTG-1_larry2,-1.728800034,1.998299425,GMP
CTCAGGTACGCTACCTTA-1_larry2,-0.426562524,-6.351137812,EryP
TGTCATAGCGATTAGTGT-1_larry2,-1.091386533,5.052219694,GMP
CAATCAAGTACGCTAGTG-1_larry2,0.508263403,-1.106676514,GMP
AGCATTGTTTCCTCTAGT-1_larry2,-5.023083901,-1.982755239,pre/pro-B
GTCAGACCGCCTTAATTC-1_larry2,-0.842520809,5.306902235,GMP
ACAATAGGTCGATTGAAC-1_larry2,1.416005695,-0.894950266,MEP
TGCAGTCGGCGATACTCT-1_larry2,-2.53460238,3.23067147,GMP
ACATTGACAGCGCTCTAT-1_larry2,-1.406578755,5.725417917,GMP
GTCTTATGCTAGCGAGAA-1_larry2,-1.765991425,4.900272195,GMP
ATAGTGGTTGAGCAGGAA-1_larry2,3.506192947,-2.773979599,EryP
TGGAAGATTGGTAACTAC-1_larry2,3.853450084,-1.082925494,EryP
AACTTCTGCGCTTAGAAC-1_larry2,-6.245153165,-1.746461089,pre/pro-B
CATAATTGGCAGAAGTGA-1_larry2,-3.327984071,0.301670497,GMP
TCTCCGCGTATTGCGCTA-1_larry2,6.117101455,-2.902931149,EryP
CCGCTCATGAAGCAATCG-1_larry2,-5.521057343,-2.189545925,pre/pro-B
CTCTGCAAGTGTGTCTAC-1_larry2,3.871166253,-2.020177777,EryP
ATATCAGCCTAGCGCAGC-1_larry2,2.905534768,-5.224893267,EryP
TGAGTTAAGCTTCACTGT-1_larry2,1.501635218,3.970961874,GMP
TGAACGTCAAGTCTGGAA-1_larry2,-6.114869332,-4.244272883,pre/pro-B
CGATACTCTTGAGGTCTC-1_larry2,-3.005199885,1.545932357,GMP
ACGTACTGCTCAGAGCGT-1_larry2,-0.5698174,-6.410179789,EryP
ACCGAGACACTCCGCATT-1_larry2,-6.700078225,-2.921056445,pre/pro-B
ACTCTAGGAAGCTCGTCT-1_larry2,-0.788299775,-2.90070122,MPP2
AGATGTTGGTGTAGCAAG-1_larry2,-3.323271966,2.621699159,GMP
TACGACTTGATCCATTAG-1_larry2,-6.478656983,-2.620228703,pre/pro-B
CTGTAGAAGAGAGGACGT-1_larry2,-3.008536553,0.195267801,MPP4
CCTCCAATCAGTGTGCAC-1_larry2,3.863769078,-2.948063071,EryP
GAGTTATAGCTAGGTACT-1_larry2,4.323439622,-2.188744957,EryP
ATCTCTGCTAACAATGCA-1_larry2,-5.274638867,2.23580796,GMP
GGATGCGAACCTGTTAGC-1_larry2,3.747763419,-6.379364664,MEP
TCGTAGGAACACTAGACT-1_larry2,-0.359745478,-2.535402234,MPP2
TAGCTAAGAATAGTGGTT-1_larry2,-5.414788937,1.915149038,GMP
CACTTCCTTACAAGAATG-1_larry2,-2.699080205,1.852540081,GMP
GATGTAAGGCTGCTGCTT-1_larry2,6.447523856,-2.886416609,EryP
TGTCGTACAAACGGTAGC-1_larry2,4.896874213,3.484330719,GMP
GTCTTCATAACAAGGTAC-1_larry2,0.595438542,-0.605019714,GMP
CTTAAGTTGGCTGATGTC-1_larry2,0.516516203,-2.849715407,MPP4
GCCTGCATCCAACTCCAG-1_larry2,-2.47411797,-0.76902553,MPP4
CTATACTAGGAGTCCAAT-1_larry2,-1.194073653,-0.848185415,GMP
GATTATGCGACCAGCGTT-1_larry2,-1.389518475,-2.077327902,MEP
AGCGACACCCCGTTCCAA-1_larry2,-3.416657662,-6.092498953,GMP
ACTTAGCTTCATGCCAGT-1_larry2,3.566296363,-3.769135411,EryP
CTGATCAAGAGATGTTGG-1_larry2,-5.530644154,1.736154621,GMP
CCGTACGGAAACGATGAC-1_larry2,2.301592255,1.601658647,GMP
TCCTGTGGAGTGGATAAG-1_larry2,1.232657993,4.01414377,GMP
TCATCTGTCGTAACTCAT-1_larry2,-1.669583297,2.879114454,GMP
AGCACCAGCGATGTTACA-1_larry2,-2.169468617,1.991973226,GMP
AACGTTCTTCAGCTTACC-1_larry2,6.014591956,-0.259926869,EryP
AGCGTCGTCTCAGAGCGT-1_larry2,-0.402278995,6.598596876,MPP3
ACCATACTTACTCGAGTC-1_larry2,-1.617681718,6.184140031,GMP
TCACCGAGGATTCATGTG-1_larry2,1.6524755,-3.639143403,EryP
GTACCTAACAATGCTGAT-1_larry2,4.912846351,3.499131029,GMP
GTGACTCTCCCTAGAGTA-1_larry2,-1.381392455,-1.74769717,MPP3
CCTTGTTGCCTGGTACAT-1_larry2,6.465812946,-1.78051501,MEP
TGCTCAGCGGTTCAGAAG-1_larry2,-1.296850657,5.833232229,GMP
CTGAGTAGCGGTTACGCA-1_larry2,6.570588374,-2.014744217,MEP
ATCAAGAGATCGCTGATT-1_larry2,-3.153126693,-6.11747473,GMP
GACGTCAATGACTCTCAC-1_larry2,-0.660946226,-6.371523077,EryP
AGAAGCTGCAGCCACTTC-1_larry2,-6.178298688,-1.985664422,pre/pro-B
GTTCACTCCCTGTCACTT-1_larry2,2.953276897,-2.467520888,EryP
TATGAAGACAGTGGAATG-1_larry2,-3.006867623,4.115697687,GMP
GTAGACTCTCCGCAGCTA-1_larry2,0.300224507,-2.88780659,MPP4
CGAACAGAGGAGAATCAG-1_larry2,-1.376016593,6.21245033,GMP
GGATGCTCGACAATAGGT-1_larry2,0.671258193,3.10567004,GMP
AACTTCTGCCACTAGACT-1_larry2,3.41737082,-2.843477423,EryP
AAGCACAACTTCAGTGCC-1_larry2,5.779314304,2.450668876,MPP4
CTTAGAAGGTCGTACCTT-1_larry2,-1.849077201,2.050891225,GMP
AGAAGAGTCACCGGTTAC-1_larry2,5.160642886,3.071958845,GMP
TGAGACAGCTACCAGCCA-1_larry2,-1.565103745,3.055301731,GMP
GAATAAGAGTTACGCTCG-1_larry2,-2.927266812,3.740928476,GMP
CCTCCAATCAACCGCTGA-1_larry2,-3.606031155,0.458392983,GMP
CCACGCCATGCACGTAGA-1_larry2,-1.703193402,4.137090032,GMP
TGATAGAGGGGATTCGTC-1_larry2,-1.71523807,2.50623018,GMP
CGGATTCTCATCAAGCAT-1_larry2,0.702392047,-1.872394855,MPP3
CTGACAGCACCAAGCGAG-1_larry2,-1.28735373,2.635252779,GMP
AGTTGAGCGAGTCCAGTG-1_larry2,1.349640691,-1.92748707,MEP
ATGCTTCAGATGACACAA-1_larry2,-1.389805293,5.464834993,GMP
GCGATGGTGTGAGCTAGA-1_larry2,2.800155902,-7.803090746,MEP
GTACGTCTATAGCACTAT-1_larry2,5.087085509,3.571334903,GMP
GCCAACAATGCAATCACG-1_larry2,-5.989344334,-4.28835767,pre/pro-B
CTATTAAGGACAGCGGTC-1_larry2,-2.82849071,2.635124271,GMP
CATAATTGGCTTCGACTG-1_larry2,-1.481868481,-6.153371508,MEP
CACATGTGCGGTCGGATA-1_larry2,-3.266463017,-6.153965647,GMP
AACGGAGATCAGTGCTGC-1_larry2,4.108540321,-2.57968014,EryP
CATTGCAGATGTGCTAAC-1_larry2,-2.736565089,1.384372418,GMP
ATATGCAGCCACTGCTTA-1_larry2,4.609797025,3.393875663,GMP
GCTTACTAGCTGCAAGCC-1_larry2,-0.850869274,6.261871164,MPP4
TACGTTGGATCGGATGTT-1_larry2,6.630826259,-2.093155796,MEP
TCTCAGGATGTGTATCTG-1_larry2,-6.544352269,-0.668204184,pre/pro-B
ATAGTCTCCATCCATTAG-1_larry2,-0.454868889,-6.469034846,EryP
GCCGTCTTCGCAACACCT-1_larry2,-2.312025761,1.206229155,GMP
GTATTACTGGAGTCGTAC-1_larry2,-0.896573758,5.928674524,GMP
GCGTTCAGAACGTACTGC-1_larry2,2.636735702,-3.981196339,MEP
ATTAGCCACCTCGTGTCC-1_larry2,-0.678717589,-6.469847853,EryP
TCGTCCGATCACTGTATC-1_larry2,5.789107585,-0.428322847,EryP
CCATAATCGGCTTCTACG-1_larry2,-1.590832925,1.978789394,GMP
AGCTACTCAGATCTGTTC-1_larry2,0.650937932,2.16046602,GMP
AACGCATTGCGCGTGAGA-1_larry2,5.681185031,2.677812402,MPP4
TTGCGAACATGATGTGTG-1_larry2,6.287655139,-2.92071336,EryP
CCGATACCGATTGCGCTA-1_larry2,-2.48781631,-5.92475527,MPP4
GAACTCGTAACACCGCCA-1_larry2,-3.144922948,0.43406481,MPP4
CCGGTTGAGCCGGTTCTA-1_larry2,0.648897636,-3.110949213,MEP
GTCACAGAGGGTGGAGCT-1_larry2,1.253309512,-2.387781079,MEP
ACCGGTTACAGTAATGGT-1_larry2,-1.082530951,5.635895078,GMP
TGTAGCAAGCGGTTCTAT-1_larry2,-2.582579112,3.681380098,GMP
AAGGATCGTGGATAGTCA-1_larry2,-5.393682694,-1.911127145,pre/pro-B
GCTACCGAGGGATCAGGT-1_larry2,-1.239568567,3.81395561,GMP
GCAGCTCTTCATTATGTC-1_larry2,4.07883575,-6.443878825,EryP
AAGAGAGAGCACCAAGAT-1_larry2,5.258815074,3.275796716,GMP
GACACGCAACATGCCAGT-1_larry2,1.498259926,3.805987184,GMP
TGGAGTGGAACTCGCTGT-1_larry2,-2.263267732,0.112929796,MPP4
ACTAACCGACACTGCTTA-1_larry2,-2.158224082,0.897223418,GMP
GACACGCAAACCTAGCAC-1_larry2,-2.978633618,-4.016651566,MkP 2
AGTCGCGACCGGATTCTC-1_larry2,-4.867126202,2.627643173,GMP
TTGCCAGATCATATGCGA-1_larry2,-0.559812522,-6.32076853,EryP
AACTTAGCTAGATCTGAC-1_larry2,5.915390277,-0.1206212,EryP
GCATGTAAGGGTAACTAC-1_larry2,2.715673471,-7.740184958,MEP
TTCATTCGCCTAGTCGTC-1_larry2,5.371471667,1.646719163,MPP3
TCGTCCGATATCCGGTCC-1_larry2,-5.172234273,-2.292513783,pre/pro-B
TTAACGGAGTAGTCAGAC-1_larry2,-2.540331578,-5.819762404,MPP4
GATCGCGAATCAGTGTTC-1_larry2,-3.085376239,-4.134289915,MkP 2
TTCTGAATGGGTACTTCC-1_larry2,-5.668674207,1.45191211,MPP4
CATGACGTTGCGGTAAGT-1_larry2,-3.326758599,-6.022980387,GMP
CCATCTAGGGATCTTCGC-1_larry2,6.274027133,-2.340540106,MEP
AAGGTCTGAAGCGGTCTA-1_larry2,5.637436176,-0.42151087,EryP
CTATCCATCAGCATTCCA-1_larry2,-2.319526172,-0.71717828,MPP4
TTGAGACGGGCCGCCTAA-1_larry2,-3.540549493,0.462137823,GMP
GAGATTCCTAGCGGTAAG-1_larry2,-2.07526896,1.744932478,GMP
GCGTGAGCTTCGTGCCAC-1_larry2,3.280512119,-3.084452803,EryP
CCGATCTCTACTTCTAAC-1_larry2,-0.45358715,1.648964231,GMP
TCATGCTCAGGTAAGTGA-1_larry2,-6.141206956,-4.340416605,pre/pro-B
GACACCGATGTCGCAGGT-1_larry2,-5.620442605,4.880464857,GMP
GAGCCATCCAGGTGCGAG-1_larry2,-1.374705767,-3.150060351,HSC/MPP1
AGAAGAGTCGTGTTGGAA-1_larry2,1.203826273,3.933418577,GMP
GTATACAGAGCCGCCTAA-1_larry2,0.946678245,-1.164747472,MPP4
TTCCATACCCTTAATCGT-1_larry2,-1.31223104,5.347550218,GMP
GAGATACACCAGAAGTGA-1_larry2,0.760657297,-0.648338462,GMP
TTCGTGATGATCCTCCGA-1_larry2,6.370285773,-3.062884505,EryP
GCTTGGTTCTGTCAACCT-1_larry2,3.273470187,-3.532204802,EryP
CAGCCGCAATTCACTGGA-1_larry2,2.733632827,-2.700043852,MEP
ACTAAGTTCGAGATACAC-1_larry2,4.173013711,-1.971921856,EryP
GACACCGATCTCTGCGGT-1_larry2,-1.318185425,4.616867845,GMP
GTAACCATACCGCTCATG-1_larry2,2.960892701,-5.340996916,EryP
GCAATCACGCAAGAGAGT-1_larry2,-5.128850198,2.370518034,GMP
GTGTATCTGCTTCTCATC-1_larry2,-6.198906159,-4.224800522,pre/pro-B
GAATCAACCGCCGTCTTC-1_larry2,0.393001998,3.499673431,GMP
GAGTATCGCCTCTGCGGT-1_larry2,-6.135841107,-2.374105866,pre/pro-B
GAGACGATCAGTAATCAG-1_larry2,-1.373306727,-2.928340609,HSC/MPP1
ATAGACCGAGAGCTCTCA-1_larry2,-6.568962788,-2.6138398,pre/pro-B
GGATCGTTCACCATGTCT-1_larry2,2.501556063,-2.711570437,EryP
GCGCTAGAACATTCGAAT-1_larry2,3.206889415,-2.594825203,MEP
TAGGAGGATGACCAGAGA-1_larry2,-0.128874039,-2.691852982,MPP4
AGCCACTTCGATCTGAAT-1_larry2,-5.988593793,-2.113671238,pre/pro-B
ACTATTGTCAACGAGGTG-1_larry2,-6.602184987,-1.772820647,pre/pro-B
AGAAGTAACCATAAGATC-1_larry2,6.15841558,-2.692934925,EryP
ATTCGCTTACTGCATGTT-1_larry2,5.24974277,2.941851442,GMP
TTCCTGCTAGCGGACGAA-1_larry2,3.764024997,-3.133866961,EryP
GCTGAGCAGCATACAACC-1_larry2,0.090131247,4.12835819,GMP
GCGAGTCTATGTCAACCT-1_larry2,-0.658490395,2.57838208,GMP
GTAGTTGGTGGATACAAT-1_larry2,5.050393367,3.453547542,GMP
CGATAGGTGTCGTACCTT-1_larry2,-3.564749455,-2.177657778,GMP
CTCTCAGTCCGGTCGACA-1_larry2,-6.470760083,-0.615591134,pre/pro-B
TAGCAGAGTATGCAGTTC-1_larry2,-1.253707385,-1.927203352,MPP3
TGCAGATGCGGAGCTCAA-1_larry2,-4.992786622,2.600111787,GMP
GGTAGCATCCAGGTATCG-1_larry2,-6.038187241,-4.331682856,pre/pro-B
AGAATCAGAGACAATGTT-1_larry2,-0.523757315,2.615737979,GMP
CGGTCGACAAGTCTGGAA-1_larry2,-0.417787886,-3.006376202,MPP2
GCGTATAGGGTCTACCAA-1_larry2,-1.920330024,1.916536872,GMP
GTCACTATGATTGCCGAC-1_larry2,-6.166890359,-4.323239024,pre/pro-B
CAGGATCAAAGAAGCTGC-1_larry2,0.488904217,-2.854760344,MPP4
CTAGAGTCGGTTAATTCG-1_larry2,-7.181058621,-2.663265879,MPP4
ACGTGAATCACTTCAGTA-1_larry2,4.824102187,3.381764715,GMP
ATGCTTCAGCCATCTAGG-1_larry2,-5.345729565,5.027026002,GMP
CTGATCCGATGATTATCG-1_larry2,5.728318,0.037579273,EryP
GCTACCGAGAAGGAACAG-1_larry2,-0.451698279,6.459751432,MPP3
ATCGGTGGTTTCGTGATG-1_larry2,-3.129728532,1.583983128,GMP
ATCGAATCGACCTGCAGA-1_larry2,-0.790331578,5.161880796,GMP
CGATCCAGATATAATCGC-1_larry2,-2.598776555,-5.790945227,GMP
TATTACAGCTGAGACAGC-1_larry2,-2.44271276,2.111300771,GMP
TAGGATTAGCAATCTCCG-1_larry2,-1.257971144,6.183592146,GMP
GTAACAGTCCCATGCGTC-1_larry2,-5.533638215,4.945943658,GMP
CATTCCGAGAGACGCCTG-1_larry2,4.833641315,-3.179781372,EryP
AGTTCAACCCCACGCCAT-1_larry2,3.035284543,-1.489344175,MEP
TCGGTATCACGATTGAAC-1_larry2,0.292079771,2.439533775,GMP
GGTAATCTATTCGTGATG-1_larry2,-2.787850594,1.835599248,GMP
CGTGCAAGGCGCATCTAC-1_larry2,-6.319308972,-2.012475545,pre/pro-B
AGGAATTGGCTAGGTACT-1_larry2,-5.63663218,1.607810085,MPP4
GATAGTTCTTTATTCGAC-1_larry2,3.96244123,-3.095428641,EryP
TCCGGAGCTTGAGCTAGA-1_larry2,-2.975773787,-6.285803969,GMP
TCGCTGATTACTGGTCAG-1_larry2,-0.30712018,6.507541959,MPP3
CAGATCGACACAATTCGG-1_larry2,2.873332286,-5.4899494,EryP
CCACTGAAGGACCGGTAG-1_larry2,-3.018897509,-0.030933912,MPP3
CACATTCTGCTTATCTCA-1_larry2,-6.197581506,-4.365403826,pre/pro-B
ACCTGTACCTCTTAAGTG-1_larry2,-2.578979468,-0.381867627,MPP4
CATATGCGAGGTAGACAT-1_larry2,-2.117924428,1.284350936,GMP
ACAGGTATCCCATATCTT-1_larry2,-0.887385821,1.370699709,MEP
GCTTCTGAACCAACGGAA-1_larry2,-2.786521888,1.536746686,GMP
TTGAGACGGCTCGTTCAC-1_larry2,4.048821235,-2.173358495,EryP
ATGCGGATTTCCAAGTAA-1_larry2,4.891122604,3.324287956,GMP
ATTCCTACGTGATGACAG-1_larry2,3.315446401,-3.315777714,EryP
CTCCAGCGTCTTGATCTA-1_larry2,-7.488012528,-2.832275803,pre/pro-B
CTTCCGGTAGCCTAACGG-1_larry2,4.15523293,-1.972087438,EryP
TCCAAGTAAACTTGATCT-1_larry2,-1.62165544,2.565009658,GMP
GATGCGACGGCGTATAGG-1_larry2,1.034367675,-1.93369704,MPP3
GCGACACAGAGGTCACGT-1_larry2,-5.301648831,2.353972738,GMP
GAGAACAGGTAGTGATCC-1_larry2,1.265053952,-3.315107996,MEP
GGTTCTATCCTGAGGTTA-1_larry2,-1.566181397,2.756417339,GMP
CTATCTTGAGAGACTCGA-1_larry2,-1.411655879,2.17289335,GMP
GACTATTGATCATATCGC-1_larry2,-1.839811301,-2.384627039,MPP3
CAACGATCGTGATTATCG-1_larry2,-0.820509529,5.745604341,GMP
GCTCCTAGCATTGATTGG-1_larry2,5.66400125,1.875163381,MPP3
CAAGTCACTAGTCTAAGC-1_larry2,6.622241759,-1.979832823,MEP
GTGAATGCCCTAGACATG-1_larry2,0.155680442,-2.859114582,MEP
GGACAGATTGTGGTACGG-1_larry2,-1.821823335,-1.939268167,MPP3
TCACCGAGGCTGTAGAAG-1_larry2,1.822020316,-2.240551288,MEP
CTCGTGTCCCCATACGAT-1_larry2,-2.798634982,4.147536104,GMP
CCACATTAGAACGAGAAT-1_larry2,4.874948764,2.915643041,GMP
GAGTCAAGGACAGAGATG-1_larry2,-0.622035718,1.722926443,GMP
CAACGCACAATTCGCTTA-1_larry2,-6.59456656,-0.861150677,pre/pro-B
CAGGTATCGCACAACGCT-1_larry2,3.652255082,-3.28326338,EryP
CCATCACGAGTATGCCTT-1_larry2,5.720671916,2.094697063,MPP3
CTGGTGACAACCTGTACC-1_larry2,-0.835864758,6.336056535,GMP
TTGTTAGAGCCGGTGGTT-1_larry2,-2.628074145,2.543424909,GMP
TAAGGTCCGCACGTAGAC-1_larry2,3.883497501,-2.059953268,EryP
ATCAGGATGCCTCGCGTT-1_larry2,-0.666228509,6.34341604,MPP4
ATCACCGCAGTTGCATGG-1_larry2,2.461471582,-5.636891062,MEP
TTGATGCTGCGCACTCTT-1_larry2,2.961768174,-2.010315354,EryP
CAGCTTCGAGAGCGACTC-1_larry2,3.830841565,-3.231872971,EryP
TACACGGTCTCTAGCTGG-1_larry2,-1.55287478,-1.267407472,MPP4
TCCAGCAGCTCTACAGTT-1_larry2,-1.506157613,3.029789989,GMP
GCTGACAGAGGATACCTA-1_larry2,4.321830297,-3.722554381,EryP
GCGTTCAGACAAGTACGA-1_larry2,5.832773471,0.922337358,MEP
GATCTTCGCCAATACCAC-1_larry2,2.730559611,-5.441891367,MEP
CTACCTGCGGGAATTGGA-1_larry2,0.743001805,-1.03817534,GMP
AGCCAGGACCACGGATAG-1_larry2,-0.152890956,6.624037092,MPP3
GCGTAACAAAATGCTATC-1_larry2,3.968190694,-6.459192927,EryP
ATAGTCAGTAGCCGGATC-1_larry2,2.102166557,-2.742080862,MEP
CTTGGTCATGCGCTAGAA-1_larry2,5.008794093,3.224418943,GMP
TGAGGTCTCTAGGATGCC-1_larry2,3.895231986,-6.39967459,EryP
TGCCACCGAATGAGGTAT-1_larry2,-1.036692715,5.211165731,GMP
GTCGTGTTAGTAGCCTTG-1_larry2,-1.413961863,3.364510601,GMP
CCACATTAGTGCAGTTCA-1_larry2,5.556198859,3.456758802,GMP
GTGAGGACGAAGTTCTCT-1_larry2,-0.971563911,1.740258043,GMP
ACCAGCGTTGTCGCAGGT-1_larry2,-2.812928176,-6.02536505,GMP
GATTAGTGTTAAGTACAC-1_larry2,6.29417541,-3.132827694,EryP
CTGTGGTGGTGTGCTAAC-1_larry2,2.915072227,-5.287214453,EryP
ATAATGTGGATTGATCAC-1_larry2,5.528917575,2.791441743,GMP
CTGCAGAGCCATCCTCTC-1_larry2,3.813144708,-6.494483645,MEP
CTTCTCATCAGTTGAGCG-1_larry2,-1.912448859,-0.977674539,MPP4
GTGATGTGCCCTTCCTCA-1_larry2,-1.951515889,2.220804517,GMP
GTACGTCTACACACCTGT-1_larry2,-5.471826768,5.032864873,GMP
AATTGGTGACTTGCGACC-1_larry2,-3.01372621,-6.295487101,GMP
ACCGATCGAATGTGAGAC-1_larry2,-6.372262215,-0.19078138,MPP4
TCATCAGAGGAACCAGTT-1_larry2,0.261168862,-1.175092037,MPP4
GACTTCACCCAGTTGAGT-1_larry2,2.658671642,-2.722231562,EryP
ACCATACTTTTCATTCGC-1_larry2,-3.04703877,-6.010631258,GMP
GCCACGAGTAGTCATACT-1_larry2,-5.579710698,4.963388269,GMP
ACACGTTGCCCTCTGCAT-1_larry2,-1.970832801,2.402966802,GMP
AAGGAAGTCGTAACCATA-1_larry2,-5.09851954,2.277815883,GMP
TTGATGAGTAGAAGAGTC-1_larry2,-0.746075964,4.831162756,GMP
GTCAGTTGTAGCTACTCA-1_larry2,-6.637485719,-2.688405926,pre/pro-B
GCTTGGTTCTCTATTAGG-1_larry2,-5.978597379,-4.134741719,pre/pro-B
ACTAAGTTCAGGTGCGAG-1_larry2,0.818455348,-2.862319643,MEP
CTCGAACTGATTCACCTC-1_larry2,5.767504001,0.167740201,EryP
TCCGATAACCAAGCTGCA-1_larry2,-3.747281766,-2.311945612,GMP
TTGCCGTAGCGCGAGTGT-1_larry2,-2.950391269,1.657893364,GMP
TACATGCACCTCTCAGTC-1_larry2,-2.041960454,2.911566084,GMP
TACGTTACCTCGAACGCT-1_larry2,2.50657239,-5.557468588,MEP
TCGCTGATTAGAGCGCGA-1_larry2,1.165495181,-3.163484747,MEP
ACTCATTCAGCCGAGTCT-1_larry2,3.179284597,-5.293683226,EryP
GATGCGACGTCCACGTGC-1_larry2,2.954966569,-5.49555176,EryP
AGTCTGGAAGTCGTTGCG-1_larry2,-0.499033785,5.048336809,GMP
GACCGGTAGAACTTAGCT-1_larry2,2.487398052,2.966862266,MPP3
GTTGCATGGATCTACATC-1_larry2,-3.348615861,0.422035997,GMP
CATATGTCGATCAAGCAT-1_larry2,-3.67509911,-0.019567991,GMP
AGCTCGTCTGCGTTCAGA-1_larry2,-0.703722095,-3.356655295,MPP3
ACCATCTAAGATGTCTAG-1_larry2,-0.561827755,-6.450786765,EryP
GTCTACCAACTGAGATAG-1_larry2,2.557170654,-2.693704541,EryP
GATAGTTCTCGACCTGTA-1_larry2,-4.887498116,2.69568116,GMP
ATTCATGTGCGTGCCTAT-1_larry2,-3.719010568,0.429414516,GMP
ATTGGTTCCACGAATCGC-1_larry2,4.364183927,-2.842899496,MEP
CACAATAACAAGCTTGCA-1_larry2,-3.140460467,-6.182299311,GMP
AGCTTCGATTACATGCAC-1_larry2,6.144683623,-2.889014895,EryP
GCGACCTGTCAGCTTCGA-1_larry2,0.505876029,-2.959693844,MPP3
TGCGTAATCACGTACTGC-1_larry2,-5.627155518,1.460649674,MPP4
ATTAGCACACGTATAGCG-1_larry2,0.734684983,-0.700758274,GMP
GATCTAGAGTAATCTGGA-1_larry2,2.455149436,-5.524673159,MEP
AAGCTGGTCACGTACTGC-1_larry2,0.688011681,-1.930776412,MPP3
TAGTCAGACCAATCAAGT-1_larry2,1.729815984,-4.528305228,EryP
CCACGAAGGAACAGCAGT-1_larry2,-0.333804822,1.883840149,MEP
TCGGAACGATACACGGTC-1_larry2,-1.437315202,5.859433,GMP
TCTGTGAAGGTGCACGAG-1_larry2,-2.920900798,-6.324591811,GMP
TGACCTCCTTCCGTATAC-1_larry2,0.522897521,-0.879466946,GMP
TGCGTATCTTTCGCTGAG-1_larry2,1.467595065,-3.504655535,EryP
TGTCGTACAATCATGTTC-1_larry2,-1.381386733,0.300926392,GMP
GCTTACGTTAACTGCGAC-1_larry2,-2.113523698,1.346752231,GMP
GCATTGATCCTCAGGTAC-1_larry2,3.795681739,-3.53927582,EryP
ACATTGACAATGCGGATT-1_larry2,5.632960105,-2.263832147,MEP
CAAGGTGTGTCCAGCTAT-1_larry2,-5.638435101,4.842499559,GMP
CTTGGTCATGCTGGTTCG-1_larry2,-1.549427008,-0.506275113,MPP4
CACCAAGATATTCATGTG-1_larry2,5.562842632,2.684489553,GMP
TAAGGTCCGAACAATGCA-1_larry2,2.851700092,-7.808436568,EryP
TAGCGAGAATATGCCTTC-1_larry2,-2.670955634,-2.6677615,MPP3
ACCTGCAGAGCTTGTCCT-1_larry2,0.016653979,1.869557922,GMP
CATCGCTGGAATCGCCAT-1_larry2,-6.374037957,-1.952592189,pre/pro-B
ATAAGTTCGGATGCGGTT-1_larry2,-2.226442313,1.394989793,GMP
TCCTCTAGTACAACCGGA-1_larry2,-3.467107034,-6.0939905,GMP
ATGATAGCTTTCTCCACA-1_larry2,-1.174953198,5.635934656,GMP
TGATCTCGGCGGTAGCTT-1_larry2,1.074838901,-1.743966515,MEP
GGAACCTAGGCGAGTCTA-1_larry2,-6.125753617,-4.275265152,pre/pro-B
GTAGTTGGTTTCCTCGGT-1_larry2,-2.910623288,-6.012754137,GMP
GCTTGGTTCCTGGTAATC-1_larry2,-2.2626755,2.436830347,GMP
CGTTCCATTTGTTGTCGA-1_larry2,-1.192198491,-1.589388187,MEP
TACGTTACCGGATCAATG-1_larry2,-1.568249678,2.472544735,GMP
GGTAAGGATGCATGTGGT-1_larry2,-0.116804159,3.972586458,GMP
CTTCTATGAGCGTCGTCT-1_larry2,-4.772716737,2.723275726,GMP
CCTATTGGTTGGTAGCAG-1_larry2,6.02748611,-1.943015869,MEP
AATTAGAGGAGTTGAGCG-1_larry2,0.848286116,-0.660329307,GMP
CATGACGTTTAAGGTCCG-1_larry2,-2.291964745,-0.005650128,MPP4
CACGCGTAAACAACGAGC-1_larry2,-4.9425771,2.407515829,GMP
CCTTCCTCAACGCAAGAT-1_larry2,5.338521743,3.319649761,GMP
TCCACCTCATTCTGCCGA-1_larry2,0.791438961,-1.649490888,MPP3
AGTTCGATAAACAATGCA-1_larry2,-5.703496194,-2.095711524,pre/pro-B
TGGTAACCAAATGAGTCG-1_larry2,-3.169604754,-5.961559946,GMP
AGACGCTATGACGTAGCA-1_larry2,5.374479556,2.400522773,MPP4
GCGACACAGGCCTAACGG-1_larry2,3.560370946,-3.35777467,EryP
TCGCGTCATGTTCCAACA-1_larry2,4.130530858,-2.648107464,EryP
CCTTGTTGCCATCCGACA-1_larry2,2.027271176,-1.428295309,MEP
CCATGATGTGCATTGATC-1_larry2,6.266442084,-3.07755583,EryP
AGTCCAGTGGGAATTGGA-1_larry2,0.573196428,-2.940597708,MEP
TGTGCCATGTGCCAATGG-1_larry2,-0.269057429,-6.186085398,EryP
TAAGCCATTAAGCAGCAT-1_larry2,-2.500958657,-5.758347685,MPP4
GCATTGATCAACGGAGAT-1_larry2,6.342291141,-3.003268893,EryP
GAGAACAGGCCTTATCCG-1_larry2,1.524684155,-3.51605552,EryP
GATACTGTGCCTTAACAT-1_larry2,-5.994749284,-1.49863487,pre/pro-B
TGCACGATGATCCAATGA-1_larry2,-0.97559247,3.373478715,GMP
AGCACCGTGGGAGTACAG-1_larry2,-5.500750756,4.858278101,GMP
TTATCGCACGTAGCCTTG-1_larry2,1.003887469,-4.165491755,MEP
CTACGTTGGTATACGGAT-1_larry2,5.887706542,1.128482168,MEP
AGACATCCAGCTCTGTGT-1_larry2,5.095791602,3.58591563,GMP
AAGCCAAGTCGTCATGGA-1_larry2,-1.847733474,4.85912544,GMP
AGCTCGTCTTCTCATCGG-1_larry2,4.052738452,-6.523991759,EryP
TACACGGTCGGATGCGAA-1_larry2,1.612863982,-3.619343216,EryP
AATACGTCTTTGATGAGT-1_larry2,-3.71564219,-2.272910888,GMP
ACTCATTCAAGCGACACC-1_larry2,-0.682973718,-6.323824103,EryP
ATCATTACGACCGAGACA-1_larry2,-6.171384072,-1.768954451,pre/pro-B
TCTTAAGTGCTGTCTAGT-1_larry2,6.338310981,-2.551657374,MEP
TCACTACGTCATTGCAGA-1_larry2,-0.527853703,1.484083121,GMP
TTCCTAAGGATTCTCTGG-1_larry2,3.176892781,-3.497165615,EryP
TCACGCGACTTGCCAGAT-1_larry2,-6.12577126,-4.393319781,pre/pro-B
GCACATGTTGCAATCACG-1_larry2,3.403994107,-3.626899893,EryP
GATGCGACGGGTGAGTTC-1_larry2,-6.116994119,-4.220444376,pre/pro-B
TATCACCTGGATGCGGTT-1_larry2,-3.80675528,-2.247928793,GMP
CTACGAGAAGCTGGTAAC-1_larry2,0.376750195,-1.281816299,MPP4
GTGGATAAGGAGGACTTA-1_larry2,-4.63187859,2.69615442,GMP
TCCACCTCACTGCGTCAC-1_larry2,2.500058556,1.180774157,MPP4
GCAATGAGATGGTGGTAA-1_larry2,-1.54766581,4.5723756,GMP
TCAACACTCATCAGAAGC-1_larry2,5.629035735,2.997803037,GMP
ACTTAGCTTAGTAATCAG-1_larry2,-6.097327924,-4.319952185,pre/pro-B
GACTCTCACGCAACACCT-1_larry2,-0.647136426,-0.6946153,MPP4
ACGTGAATCAATACCTTG-1_larry2,3.830015445,-6.434737856,MEP
GCTACAATGTGGTGCCTG-1_larry2,4.424214626,-2.433454688,EryP
GGATCAGGTTGTCGTGAG-1_larry2,-1.422286486,-0.91446584,MPP4
GATGCTCCTTTCAACTAC-1_larry2,-0.571680641,4.939086263,GMP
CTCGTCTTGACCGAGACA-1_larry2,-3.473367429,2.842566316,MPP4
CAGAAGTGAATGGAGAGT-1_larry2,-6.31233809,-2.256184394,pre/pro-B
ATGCTCACCGATTGAGTA-1_larry2,-3.806533551,-2.169637735,GMP
GATCTGTTCAAGTTCTCT-1_larry2,4.544927144,-2.15508538,EryP
CAACTAATCGAGATTCCT-1_larry2,0.491130167,-3.959271367,MEP
CTAACTAAGTAGGAGGAT-1_larry2,5.668239856,2.957369392,GMP
CTGTTACCAGTGGTACGG-1_larry2,4.986720824,3.52996165,GMP
GCCGTGAACCCTTATCCG-1_larry2,1.862271452,-4.433859522,EryP
GTGTCACACGCGAGCAAG-1_larry2,-0.552886939,-6.16951483,EryP
ATTCACCTCAGCAGACAA-1_larry2,-0.883198595,-1.622836287,MPP3
TGAGTTAAGATTGATTGG-1_larry2,4.944937492,2.845997875,GMP
TCCATCATTCGAGCTTAC-1_larry2,5.931089187,0.011775498,EryP
GCACCATCGATAGAGCAG-1_larry2,-1.323046303,3.765051668,GMP
AAGTCATGAGCGACACAG-1_larry2,-5.70938847,4.813319032,MPP4
CTTCTATGATCGTAGGAA-1_larry2,-1.023837066,6.280957048,GMP
TGCAGCCTTAACGTTCTT-1_larry2,3.750277782,-3.459019597,EryP
TCAGGTGCACAGTCCTAA-1_larry2,0.461908007,-3.064312632,MEP
CGGTGTTACGGATGCGAA-1_larry2,3.352761054,-4.083196337,EryP
CGCATCTACTACGACTTG-1_larry2,-3.549689984,0.306409304,GMP
GACTCTGGTACTAACCGA-1_larry2,-1.459798312,3.644872253,GMP
CTCTCGATACCTAAGAAG-1_larry2,5.322572017,2.748098438,MPP4
ATAATCGAGTCAGAGTCA-1_larry2,-6.131104684,-4.233176644,pre/pro-B
CGTCTGTCCTATGGTTGG-1_larry2,-5.760882115,-2.937813456,pre/pro-B
CGTGGTACCCCTTCCTCA-1_larry2,5.810387874,1.824358289,MPP3
TGATACCGTCCGCAATGG-1_larry2,-5.449470258,4.91973192,GMP
ACGACGATTACCACGGAT-1_larry2,-0.258779383,2.450635736,GMP
TTGCAGTCACCTGCTCCA-1_larry2,-6.765543198,-2.772635395,pre/pro-B
TATTACAGCACCATGTCT-1_larry2,5.846407676,-0.218320514,EryP
CTCTGTCAAATTCTCTGG-1_larry2,-2.313403821,1.489550059,GMP
CCGCAACACTTCCAATTC-1_larry2,-4.98209784,2.691514318,GMP
GTAATATCGAATACTCCG-1_larry2,2.414787555,-2.063067372,MEP
CTTCTGAGTCGTACATCT-1_larry2,-1.573059535,-2.125934656,MPP3
CTTGATCTACCGATCTCT-1_larry2,1.724633002,-1.290531213,MPP3
GACTGCCTGCAACACTCC-1_larry2,-6.512805199,-0.868440921,pre/pro-B
TCCGATCTGTAGCACTAT-1_larry2,4.472732091,-2.164332564,EryP
GTGGTTACCCCACGAAGG-1_larry2,0.770233402,-0.1145025,GMP
CCTCTGCATTCATCAGAG-1_larry2,0.09461,-2.995829518,MPP3
TTCCTAAGGAGTCGCGAC-1_larry2,-1.864508128,3.131624763,GMP
CTCCTATCTTGGACGAGA-1_larry2,-4.650705075,2.707439249,GMP
CTTATTGAGTACCATGTA-1_larry2,-3.162980532,0.419337814,MPP4
TGGAACTAACCAGTACTC-1_larry2,2.094773078,-5.545994456,MEP
ACAGGAACTTAACTCCGA-1_larry2,-1.694880223,3.05766732,GMP
GTGAATGCCGTCTCTTCA-1_larry2,-3.01057384,1.250704472,GMP
TCATCAGAGTATGACCGA-1_larry2,-3.085300422,1.845459287,GMP
GTGATGTGCTGTGAGTAT-1_larry2,-2.984532094,-0.119094456,MPP4
CACAGCGAAATTAGCCAC-1_larry2,3.421210551,-3.340051348,EryP
AATGCACTTCCGAAGCGT-1_larry2,-2.43791697,1.540290778,GMP
AGAAGTAACAACGAGAAT-1_larry2,-2.19764874,-0.761313404,GMP
TGTGCCATGGCTGATGTC-1_larry2,0.191617781,3.724574392,GMP
GTATGATCTACACCACAT-1_larry2,-0.386115765,3.02051193,GMP
GGAGTACAGATCCATTAG-1_larry2,-5.124016023,2.082832162,GMP
ATATGTCCACTGCGTCAC-1_larry2,-0.939806437,5.727641885,GMP
CCACGAAGGTAGTTGACG-1_larry2,-5.200552678,2.483929222,GMP
CATCAATAGACGCTAGTG-1_larry2,-3.493200517,-2.373588498,GMP
AATCCGCTGTGAGTTAAG-1_larry2,0.795359859,-0.607152904,GMP
GCGGTAAGTAATATCAGC-1_larry2,5.79260757,2.874888246,GMP
ACCGGAAGGGTTGACCAT-1_larry2,-0.230636453,-1.16074353,MPP4
CCTGTTAGCCTAGGTACT-1_larry2,-1.954318499,0.758191888,GMP
TGCTCAGCGTACTCGACC-1_larry2,2.669676566,-2.774851019,MEP
AACCGCTGACAGGAGCCT-1_larry2,4.087761188,-3.163452799,EryP
AAGGAAGTCAACTTGTCG-1_larry2,2.373101616,1.497437661,MEP
TGGACGAGACACACCTGT-1_larry2,2.358860994,-3.604659016,MEP
TAGGTCAACCATGACGTT-1_larry2,5.524366164,-2.118861492,MEP
TTATCCAAGTAGACCGCA-1_larry2,-0.103319502,6.542622392,MPP3
CATATGCGATAACCGTGA-1_larry2,4.006839299,-6.467939551,EryP
GTACCTAACCCGGTTGAG-1_larry2,-5.340846276,5.070710962,GMP
CATAGTATGTGTAGGTTA-1_larry2,0.256547207,-2.93616193,MPP3
TTCCATACCCAATGCATT-1_larry2,-1.043581104,-0.883307512,MPP4
GTGAACCACATTAAGACC-1_larry2,-1.284138655,-2.605221922,HSC/MPP1
AGCACACCTAATGCGTGC-1_larry2,3.724341178,-3.284877474,EryP
CCTCATAACCACATATCA-1_larry2,-1.352149701,3.143855875,GMP
GCGTATAGGCCATCACGA-1_larry2,-0.720009422,-3.430368836,MPP3
CAGGTTGTCCAGCAGTAC-1_larry2,3.140314365,-3.063171799,EryP
GATACCGGAACCATCTAA-1_larry2,3.544415021,-2.840071137,EryP
TCAGGACTGAATCCTCGT-1_larry2,-3.399915433,2.77927882,GMP
ACGCTCTTAAACGCCTAC-1_larry2,-3.537530637,0.380708103,GMP
GGTGCGTAGTTAGATCGG-1_larry2,-1.77027843,3.204145019,GMP
TTATGAGGACTAACACTG-1_larry2,-1.349268412,3.226515596,GMP
ACCACGGATTGCCGAACT-1_larry2,3.509074474,-2.687605793,EryP
GATTAGTGTACTCTAGGA-1_larry2,-1.91427896,1.687065785,GMP
CTCATGCCACATTGCAGA-1_larry2,2.975809121,-2.48077863,MEP
ACTCTAGGACAGCTAGTT-1_larry2,-1.586376881,-0.347461152,MPP4
ATTCATGTGGCCTTATCT-1_larry2,-5.148260331,2.411216085,GMP
TGATGACAGTGGAGAACC-1_larry2,2.228597069,-2.700211222,MEP
GTTGCTCAGGAATTCAGT-1_larry2,-5.170578694,4.940565889,GMP
TCGGACAGTTGTGGTCCT-1_larry2,-2.844096637,3.127702301,GMP
GCGTATAGGCTCGACGAT-1_larry2,-1.780237651,-0.854231889,MPP4
TTAAGTGGTGATATATCC-1_larry2,-0.744359469,-6.483776267,EryP
ACACTGTGACAGATCATT-1_larry2,-0.969075775,3.313782995,GMP
GATGTAAGGTCGTCATTC-1_larry2,-1.507753348,1.847453182,GMP
AGGATCTCACGTCTGTCC-1_larry2,-2.467388844,2.827696149,GMP
TGTGTCTACAGCCTCTAG-1_larry2,0.403016353,2.693380182,GMP
GATGCAGAACACTGCTTA-1_larry2,2.895510936,-7.734899695,EryP
GAGCACATTACAGTATTG-1_larry2,5.412453914,3.397853916,GMP
GCTTGGTTCGGAGATGAG-1_larry2,-1.272083497,-6.192268069,MEP
CGAATCCTGTTGCTCTGC-1_larry2,-3.47940228,2.849267547,GMP
CACATATCAGGTACGAGC-1_larry2,-2.440698838,-5.929908926,GMP
ACAAGAATGGGACGAGCA-1_larry2,-2.28104732,2.403621738,GMP
CGACAGACCGTCGACATT-1_larry2,4.601283097,-2.224437649,EryP
ATCGAATCGCATGACGTT-1_larry2,3.252067828,-5.201396639,EryP
CCATTCTGCGTAACTCAT-1_larry2,-3.132764792,3.708748167,GMP
GCCGCTATCACCGAGTAG-1_larry2,5.11638906,3.186191623,GMP
CATTGCAGATAGGTTAGT-1_larry2,2.286246681,-5.613502676,MEP
AGCGACACCGCGCTCTAT-1_larry2,-2.961724973,2.105805938,GMP
AAGGATACGGTAATATCG-1_larry2,3.817631507,-3.179967816,EryP
GCTACCTTAGCGTCGTCT-1_larry2,-1.411162114,6.100468938,GMP
ATGTCGCCTTACTCGACC-1_larry2,6.037936473,-2.596396859,EryP
ATTAGCACACGTTGATCC-1_larry2,5.100266242,3.61738426,GMP
GACGTAGCAACCAGCGTT-1_larry2,-3.621223664,0.521108513,GMP
GACCTTGTGTAGACCGCA-1_larry2,0.046425367,2.295813387,GMP
TAATGTAGCCTGGACTAA-1_larry2,2.719633603,-5.427700217,MEP
GACAATGTTCCACTGAAG-1_larry2,-1.998342013,2.833891695,GMP
CTTAAGTTGTACTTACCA-1_larry2,-1.272672152,5.807858293,GMP
TGTACACGAACGTATGTC-1_larry2,-0.663903808,-3.573401625,MPP3
CCGAAGCGTCATCCTCTC-1_larry2,-2.35868094,1.353688304,GMP
TGCCTTCAGCGACAGGAA-1_larry2,-0.722013569,1.664870446,GMP
TACCGATTGATAACGACA-1_larry2,0.491249079,-2.961266692,MPP3
TCAGAGCGTTCTAGGATG-1_larry2,-0.736791706,-2.899208004,HSC/MPP1
GAAGAGCACCGTGGTACC-1_larry2,4.257826352,-1.90652662,EryP
ATCTGCGTAATGCTTCAG-1_larry2,-2.326589084,2.088630025,GMP
AAGCACAACACCACTAGG-1_larry2,6.251727843,-2.611138279,EryP
AGTTAGGTCCTTCCGTGG-1_larry2,-1.151891923,-1.653305347,MEP
CGAGCCGTTTCCTGAGAC-1_larry2,-1.159137702,-0.571184034,MPP3
AGTGAACGGATCGGTGGT-1_larry2,-1.175994491,-6.251389201,MEP
TCTGAGATATTGCGAACA-1_larry2,2.824994111,-2.625880654,EryP
TCGAATAGAGATTGGAAG-1_larry2,1.537070596,-2.302777226,MEP
AGTGACGATCCGAATATG-1_larry2,-0.879503941,5.710141962,GMP
GCTTGTCCTGAAGAGCAC-1_larry2,-1.938823438,-6.146820242,MEP
TATGTACCTCAACGCACA-1_larry2,-0.706274128,-6.197019274,EryP
GCAGGAGAACACTGTATC-1_larry2,2.113342905,-2.573749716,MEP
TTATTCGACCGATTCGAG-1_larry2,-1.780422902,2.900070732,GMP
TAGGATGCCATCAGTCGA-1_larry2,-3.531482911,2.923585718,GMP
CAGCCGCAACAGTCCTAA-1_larry2,-0.831461286,4.879177873,GMP
ACGACATCTACTTCGCAG-1_larry2,-2.739962554,-5.832120116,GMP
CCGCAGCTAAAGAGAGAG-1_larry2,-2.110311484,1.399739807,MPP3
AACTCCATGCGCACTCTT-1_larry2,5.67722919,2.60964114,GMP
AGCCAGGACGTTAGATTG-1_larry2,-2.718271708,-5.410840208,MPP4
CTGGACACTGCATACATG-1_larry2,-2.97585938,-0.99564373,MPP4
GGATTACGCATTAGCCAC-1_larry2,-5.277494645,-2.096147473,pre/pro-B
CATAGTATGGTACAATGC-1_larry2,-2.166116929,0.922398512,GMP
TCCAGCTATGGTGCGTAG-1_larry2,0.371479863,-2.904059584,MPP3
CCTAGTTAGACTTAGCTT-1_larry2,-3.01029942,3.996173208,GMP
CCGCTCATGGAGCGACTC-1_larry2,5.004040504,2.713520353,GMP
CGTATTCCTTACGTTACC-1_larry2,2.490422034,-5.59580868,MEP
GTTCCAACAGTTGCATGG-1_larry2,-2.626982903,4.027688329,GMP
TTGTTAGAGGCTATGTAA-1_larry2,-1.91677401,3.443895643,GMP
CCTATTCAAGACTTCACC-1_larry2,-1.631388402,4.938029115,GMP
TATCTAGGTTACGAGTGA-1_larry2,0.130558336,-3.800756152,MPP4
AACGCTCAAATATAGCGT-1_larry2,-1.315507865,-6.194960768,MEP
TAGACCTACCCTCGACCT-1_larry2,2.366000199,-2.439011748,MEP
TATGGTTGGTAGATCTGT-1_larry2,0.327774549,-3.889473612,MPP3
CTCCAGCGTTGCTCAGCG-1_larry2,0.658503742,-0.278873223,GMP
CTCAGGTACTTCATTCGC-1_larry2,3.803918386,-3.30047744,EryP
CTGGACACTCACATATCA-1_larry2,-0.057695603,6.544306581,MPP3
CTAACCGGTGTAGCTACA-1_larry2,-0.994976616,5.951803033,GMP
TCATGCTCATGATGTGTG-1_larry2,-1.978344655,1.825350826,GMP
GTCATTCTAAATCTGACC-1_larry2,-2.333182549,0.45063818,MPP4
CTTCGTGCATGTCAACCT-1_larry2,-5.861884332,4.654122655,MPP4
GATCTACTTGCCACGAGT-1_larry2,5.538129115,2.706120079,GMP
TGCCGACTACAGCTGGAG-1_larry2,5.293590331,3.647716825,GMP
GTGCCATGACAAGAGAGT-1_larry2,6.507758403,-1.937563951,MEP
GGTACTTCCCTAGTGCTG-1_larry2,-1.85796926,3.675478046,GMP
TGACCTATGAACACACTC-1_larry2,-0.72352848,5.237879102,GMP
AATAGACGCAACGGTAGC-1_larry2,2.879957223,-4.893416102,EryP
AGTGTGCACCTAGGTACT-1_larry2,-2.317842698,1.033929532,GMP
ACAGAAGAGGAGTCTTCG-1_larry2,-2.911054587,0.232432489,MPP4
CTTAATCGTTCACACTGC-1_larry2,3.358015323,-3.345562155,EryP
GATACACTAGAGACTCGA-1_larry2,-1.510252213,3.328577344,GMP
CTCGTTCACCACTAGACT-1_larry2,2.893995786,-2.890427048,MEP
CATGACGTTGACAATGTT-1_larry2,-1.463124251,3.03588373,GMP
GGATTACGCGTCTGAGCC-1_larry2,2.246503258,-5.659247572,MEP
CCAATGCCTGCGAGCAAG-1_larry2,-3.484862542,2.783883636,MEP
ACCGTCCTAAACGAGAAT-1_larry2,6.107343936,0.845196788,MEP
TAAGCACTAATCGCCTCT-1_larry2,6.114823604,-0.03760698,EryP
ATAGAGCAGTTATTCGAC-1_larry2,-3.485769486,0.321948652,GMP
ATCTAGGTTCATCCACCG-1_larry2,-5.160749173,-1.532390292,pre/pro-B
CTACGTTGGTCCTTCAAC-1_larry2,-2.709324097,4.037888353,GMP
AATCAGGAGGCCATCGCT-1_larry2,-1.249626493,0.316666548,GMP
CACAATAACCATTCCGAG-1_larry2,-2.036765551,2.864504402,GMP
GATGCGACGACGCTAGTG-1_larry2,0.979737216,-0.137490446,GMP
TAGAGACTACACCAAGAT-1_larry2,-3.202795482,2.418954675,GMP
TCCACCTCAGTAAGGTCC-1_larry2,-1.186759567,-6.242687399,MEP
ACTAACCGATCAGTGTTC-1_larry2,-2.322190976,-3.041711743,MkP 1
ATCCTGCCTTCCTTCGTA-1_larry2,0.073002005,-0.404572378,MPP3
TTACACCTTTGGAGAACC-1_larry2,-1.38433311,2.504991357,GMP
GCGCTCTATCCGGATTGC-1_larry2,0.421872148,-0.576598908,GMP
TCTCCGCGTACTCCGGTT-1_larry2,-1.263014889,3.003186767,GMP
ACTCTAGGAAGCGTCGTC-1_larry2,4.311807418,-2.685514147,EryP
CACTGGTCCCGTGGTACC-1_larry2,6.233177924,-2.261149938,MEP
GGAGATGAGGCTGGTAAC-1_larry2,1.973953748,-2.288073833,MEP
CAAGAGGAGGCTCTCCAA-1_larry2,1.386794889,-3.408516343,MEP
TTGCGAACACCTCTCTAG-1_larry2,-5.319495892,2.232080524,GMP
CACTACAGGACTGTAATC-1_larry2,-7.643025613,-2.815386946,pre/pro-B
CCGAGTACTATGTGAGAC-1_larry2,-2.595869517,2.247039859,MPP4
AACTAACTGGTCTACCAA-1_larry2,5.077294612,2.990519826,GMP
GAATAAGAGCCATTCTGC-1_larry2,1.729694152,-2.830335791,MEP
GTGGTTACCGTCTGACGT-1_larry2,-1.387309527,5.997578447,GMP
GATCGATACTAGACCGCA-1_larry2,-1.330167627,5.522062128,GMP
TAGATAGCCCTGATGCAC-1_larry2,-5.933215356,4.499982183,MEP
AATGCTGATTACCGCGTT-1_larry2,5.507235313,1.533190553,MPP3
ATGAGCAGGCCACTACCA-1_larry2,-6.503679013,-0.703655715,pre/pro-B
TCACCGAGGGATAAGCTG-1_larry2,-6.153741574,-2.298935826,pre/pro-B
AACAACTGGTTATCCAAG-1_larry2,-2.773153758,2.486932581,GMP
GTAGCTACAACTGGTCAG-1_larry2,-2.853239035,-6.10588711,GMP
TCACATACTATTAGCGGT-1_larry2,-0.495360946,2.741825407,GMP
TGCACGATGTTCGGAGTC-1_larry2,-1.135977602,-2.754965241,MPP3
CAGGATCAAACAAGGTAC-1_larry2,-0.612621879,-6.50151747,EryP
AATCCTCGTGGTACGAGC-1_larry2,-3.075308537,-6.280649359,GMP
CATCTCGATTAGTGATCC-1_larry2,0.061231816,2.743327205,GMP
GCTTAGAACTATCTAGGT-1_larry2,-0.696381306,-6.351713831,EryP
TAGCTGTTGCTGGACTAA-1_larry2,-3.782315469,-2.263504679,GMP
ACCATACTTGTCATTCTA-1_larry2,-6.096467233,-2.535142119,pre/pro-B
GCACGCATTTATACGGAT-1_larry2,6.12275722,-2.778793032,EryP
GACATAACGCAATGTGCT-1_larry2,4.076657081,-6.478242571,EryP
GCAATGAGAGTGAACCAC-1_larry2,3.836380744,-3.618753369,EryP
ACTGGACCAAGAAGTCCT-1_larry2,-0.661459541,2.933336799,GMP
GATATATCCGAACTGCAA-1_larry2,-5.681418156,-2.783196146,pre/pro-B
GCTCTGTGTTTATCGCAC-1_larry2,1.959950113,0.947858279,MPP4
GGTGTGACCGCTTACTAG-1_larry2,1.6600739,3.597866838,GMP
TCTCGTATCGTACAATGC-1_larry2,1.574406588,2.08021838,GMP
GACTCTCACCGGTTCTAT-1_larry2,6.732297206,-2.07724386,MEP
CCAAGCGAGAGCGGTCTA-1_larry2,2.683979297,-2.668027575,MEP
TTAGATCGGAATATCGCT-1_larry2,-1.695004916,0.924522941,GMP
ACCGGAAGGGTATCCTGC-1_larry2,-0.068908965,6.344915216,MPP3
GCAACCAACATATAGCGT-1_larry2,5.617575908,2.121085947,MPP4
TCTCAGGATGTAGACTCT-1_larry2,-6.16686461,-2.233097489,pre/pro-B
ATCACCGCACGATTGAAC-1_larry2,-2.30610106,-5.562181647,MPP3
AGCTGCACTCAACGTCTT-1_larry2,-2.196717954,-0.437190111,MEP
CCGATCAGCCTGGTAATC-1_larry2,1.38052752,4.010585611,GMP
CTGACAGCAGCGGAGATT-1_larry2,2.815493846,-3.616110499,EryP
TGCATCGGAATCTCGTGA-1_larry2,-1.268264031,-6.133478815,MEP
TTACGGACCCGTTGATCC-1_larry2,2.577787066,-2.554736073,EryP
ATCCGACCACTCAGCTGG-1_larry2,-0.980404115,3.792083089,GMP
CCAGATCACAGACATCCA-1_larry2,-5.371545052,2.058675115,GMP
CCTGACCTCCCTAAGTCT-1_larry2,6.481062198,-3.075524504,EryP
CCATCTAGGGCTGGTAAC-1_larry2,-2.282458758,2.460072343,GMP
CCAGATCACGAACGCTGT-1_larry2,-2.913076854,-0.450343544,MPP3
AAGCCAAGTGGTGTGACC-1_larry2,-5.58352921,1.465807026,MPP4
TAAGGTCCGCGTGCCTAT-1_larry2,-1.308560109,5.302316492,GMP
GAGCCATCCCGTGGTACC-1_larry2,-1.846557832,1.382516806,GMP
CTTAGAAGGGACCGCTTC-1_larry2,-5.077847218,4.983232801,GMP
TAGACCATGTTACCTCTC-1_larry2,-0.733686662,3.13300473,GMP
CACCAAGATCATACGCAG-1_larry2,5.337951923,3.332870786,GMP
ATGGTTCGAGTCTGACGT-1_larry2,-6.494636273,-0.789616967,pre/pro-B
GGTTCGCAAAGTGTGCAC-1_larry2,-1.838823533,1.539948409,GMP
CCTGTATCTATTAGCGGT-1_larry2,-6.099609113,-2.130939896,pre/pro-B
AGACGCCTGTTGTTAGAG-1_larry2,2.983478809,-5.255078013,EryP
GTGCTAAGCACGCTAGTG-1_larry2,-5.382757401,1.922383611,GMP
CACATGTGCTGTAGCAAG-1_larry2,-7.405375695,-2.739207203,pre/pro-B
GTCGCAGGTAACAACCTA-1_larry2,-1.092900133,5.868566816,GMP
TGGACTGCCGTTCAGAAG-1_larry2,-6.040703511,-4.222915823,pre/pro-B
TGCTCACACACAGCGGTC-1_larry2,1.161739433,-0.092411543,GMP
GGTAACTACTCTCATCGG-1_larry2,5.827582145,0.246823375,MEP
GCCGTGAACTAGTCGCAT-1_larry2,-0.764800048,-3.376367266,HSC/MPP1
CCGCATCCTCTCTGCGGT-1_larry2,2.543357039,-2.922374184,MEP
CATAGGTGTCCAACGGAA-1_larry2,0.013077462,3.15286166,GMP
CTATACTAGCTTGGATCA-1_larry2,-0.788316226,6.404518907,MPP4
CAGATCATTCAAGCCTCG-1_larry2,1.679726148,-4.590141947,EryP
TATCAGTGCAATACGTCT-1_larry2,-2.327800011,0.566886907,GMP
CATAAGATCTCAGCGACC-1_larry2,-0.48684082,-3.550659592,MPP3
TATCGGAACCTGCAAGCC-1_larry2,-0.329800641,6.617248361,MPP3
TTCACCTTGTGTCATAGC-1_larry2,-2.405104852,-3.121051724,MkP 1
GATGCAGAATTCCGCCAG-1_larry2,-6.457868314,-0.546815569,pre/pro-B
TTCCAATTCAATACCTTG-1_larry2,-0.366223192,0.883984749,GMP
AGCACCAGCGGTTCTATC-1_larry2,-2.555851435,-5.826140101,GMP
AAGGATACGGACGTTCAG-1_larry2,2.715077663,2.875608509,MPP3
AGTTACAAGCTCTAAGAG-1_larry2,-5.653733468,1.68116111,MPP4
ACTTCAGTAAGAGGTGAA-1_larry2,0.488228226,-2.975031311,MEP
AACCATGGTCGTATCGAA-1_larry2,-3.783385968,-2.231376941,GMP
AGAGAGTGGCAACGCACA-1_larry2,-3.548273778,-2.499578412,GMP
TAACGTGTCATCAGGATG-1_larry2,3.925526643,-3.628483231,MEP
TTATTCGACGAATTGTTG-1_larry2,6.665195251,-1.913916047,MEP
ATGGTTCGATGCTGCGTC-1_larry2,-4.827246404,2.684932773,GMP
CGTGCCTATTGTACACGA-1_larry2,3.973934913,-6.340593512,EryP
GTCAACTGAACCTAGCAC-1_larry2,0.704794055,0.007555102,GMP
TTCTGAATGACTGGACCA-1_larry2,-5.137980676,-1.624981935,pre/pro-B
TTCTGAATGGATTGGAAG-1_larry2,-0.519698357,2.022643154,GMP
CAACGTCTTCCGGTGGTT-1_larry2,-1.951170659,1.281277959,GMP
GTGCGTTCCACACGTTGC-1_larry2,-6.090192056,-4.361229594,pre/pro-B
AAGCTGAGGATCATTACG-1_larry2,-0.3191872,4.165156667,GMP
ACGTATGTCCCGCACTCA-1_larry2,-2.592617965,3.086673801,GMP
GAGTATCGCTGTGCCATG-1_larry2,0.407291123,-0.980474408,GMP
TAACACATCTGCCATCTC-1_larry2,-1.372292018,3.124772852,GMP
GTCTTATGCCTCGTTCAC-1_larry2,0.699687598,3.011915748,GMP
ACGCTCTTACTACGGTAT-1_larry2,5.732641959,-0.367535705,EryP
CTCAGCTGGCGACCTAGC-1_larry2,0.541007185,-0.815462286,MPP4
TGGTGGATCTCAAGCGTA-1_larry2,-1.334307647,6.484632795,GMP
TCATATCGCGCTACCTTA-1_larry2,-5.86199305,-1.567490632,pre/pro-B
AACGGTAGCTTATTCGAC-1_larry2,2.278414393,-2.404882843,MEP
GAGCAGGAACATCCGACA-1_larry2,-1.294764614,5.451109712,GMP
GCTACCTTACATATGCGA-1_larry2,2.009978438,-2.906805451,MEP
GGACACTGGCGCATAACT-1_larry2,6.477737212,-2.387074168,EryP
CATTGTTCAGCGTGAGCT-1_larry2,-0.481001115,1.341719811,GMP
ATGAGTGTGTTAAGTGGT-1_larry2,3.593952203,-3.115124876,EryP
ACAAGGTACCACAACCAG-1_larry2,-2.616311765,3.765623396,GMP
AAGAGAACTGGTGAGCGT-1_larry2,-6.155119157,-4.21658438,pre/pro-B
CGCATAACTTATCAGTGC-1_larry2,0.698059158,-0.918726678,GMP
GCCAACAATTTAAGTGGT-1_larry2,-0.869637227,-3.246193583,HSC/MPP1
CTTCCTGATGAACGCTGT-1_larry2,-0.936264372,6.389416044,GMP
AAGGATCGTTACGGTCGT-1_larry2,6.433483863,-2.927786047,EryP
TGGAGAACCTTAACGTTC-1_larry2,-2.122844434,2.417958324,GMP
ACATTCCACCGTTACACC-1_larry2,-3.314948773,0.560516303,GMP
GGTTCTATCATCCACAGT-1_larry2,-1.853632665,1.528188174,GMP
CTATACTAGCCGATCTCT-1_larry2,1.683928633,-4.546896632,EryP
CTCGACGATTTGTCAACC-1_larry2,-3.183206773,-2.601675446,MPP3
TGCAGTCGGTACCTCCTC-1_larry2,0.466003308,-0.39783554,GMP
CGATTCGAGGTAACCATA-1_larry2,4.049529815,-6.476256068,EryP
GTGTTCCAGACCTAGCAC-1_larry2,-2.154406524,2.697400396,GMP
GGAGTACAGCCTGCGTTA-1_larry2,-1.992004371,1.166037743,GMP
TAGACACGTTGAAGACCA-1_larry2,5.842714572,-2.480179245,EryP
ATACGAGGTCGTAATGAC-1_larry2,-1.183858609,2.357536857,GMP
CCTTCGAGCTGAGACAGC-1_larry2,5.801515365,-0.397675703,EryP
GGTTCAGACCTTAAGTTG-1_larry2,-0.088109469,2.471391981,GMP
TTCCTAAGGCTAGAGTCG-1_larry2,-6.648917413,-0.588052,pre/pro-B
ACGGTGTACCGACAGACC-1_larry2,-1.864701485,-0.193450759,MPP4
GGTTACGCAAGCTGCACT-1_larry2,5.891815925,-0.071622829,EryP
CTTCCGGTATTCATCCAA-1_larry2,-4.897494054,2.69810683,GMP
GACACGCAATGTGAGTAT-1_larry2,-0.737973785,-3.387023861,MPP3
CTACGAGAACTCGTGTCC-1_larry2,4.78005054,2.88008291,GMP
GACGGTGCTGGTACGAGC-1_larry2,-3.008103585,-6.222789938,GMP
GTCAAGATCGTCAGTTGT-1_larry2,-6.187800145,-2.407351906,pre/pro-B
ACGCAAGATCAATCATAC-1_larry2,-0.992053008,-2.625583346,MPP2
ACCATCTAAGAGTTAACT-1_larry2,-0.69367907,5.66252691,GMP
CCATCTAGGGCCACATGG-1_larry2,3.827289128,-3.733194048,EryP
GTCTACCAAGACTTGATT-1_larry2,2.983341718,-5.389573748,EryP
ATTAGCGGTACACTAACG-1_larry2,-1.752174592,1.51963002,GMP
ACGAGAGCAATGCTTCAG-1_larry2,-4.758257603,2.694324558,GMP
AGTGGAATGGATACTGTG-1_larry2,-0.898166513,5.550698583,GMP
ATAGTGGTTTTATCGCAC-1_larry2,1.111032421,-0.449415381,GMP
TCTGGAGGAGTAGTGGAG-1_larry2,5.698306823,-3.060303147,EryP
CAGCACGTGGGATGCGAA-1_larry2,-1.289810037,3.167960708,GMP
TGATACCGTTTGTTAGAG-1_larry2,-1.908672309,4.947020357,GMP
GACCAGAGAGATCTTCGC-1_larry2,3.279667401,-4.743597205,EryP
GCGCATTACCCTTCGAGC-1_larry2,-0.653874492,-6.403464014,EryP
GATGTAAGGCTCGTGTCC-1_larry2,2.863501811,-2.91200536,EryP
ATACAACCGCATTGACAA-1_larry2,-0.051115906,-3.123973305,HSC/MPP1
TTGGAGAACCACGCGTAA-1_larry2,2.529863143,-4.139823611,MEP
CAGTCTAACCAGTACATC-1_larry2,0.07232579,-3.002051766,MPP2
TATACCACTCATCTCGAT-1_larry2,-1.549736953,-1.570238645,MPP3
GCGAAGCTCCGGTTCTAT-1_larry2,0.179151529,1.879960601,GMP
GCGCATTACTCGAATAGA-1_larry2,-1.38158009,5.008930032,GMP
TGGTCCTAGGTCGTGTTA-1_larry2,-2.843122697,2.939668005,GMP
GCCGTTGTTTCGCTGTAA-1_larry2,-5.838661885,1.286401455,MPP4
AGACATATCTAACATTGG-1_larry2,2.286856437,-3.505527432,MEP
TGAGAATCCCTCCACGTC-1_larry3,-0.180799162,6.319331472,MPP4
TGTGCCATGACTATCCTG-1_larry3,-0.621677136,2.457193439,GMP
ACCAGCGTTCTAGTGCTG-1_larry3,2.359421992,3.738001649,GMP
TTCCTAAGGATAGTCAGT-1_larry3,2.345445657,-1.479545052,MEP
CAATGCATTTTCATCCAA-1_larry3,-0.94950757,2.791536157,GMP
GATTGGAAGCGGTAGCTT-1_larry3,-0.260733342,4.744599168,GMP
CCTGTCATTACACCGCCA-1_larry3,1.074607992,0.795461719,GMP
ACGTGTAGTGAGATACAC-1_larry3,3.582827354,-1.710411246,EryP
TGGTAACCACTGAGTCCA-1_larry3,4.461509013,-2.45233887,EryP
GAGGTCACGCGGTAGCTT-1_larry3,-1.744752383,-2.772067482,HSC/MPP1
ATGCAGTTCAAGCATTGC-1_larry3,1.529020989,3.490390365,GMP
TGAGAGGACTCGCTGATT-1_larry3,2.019710565,3.028035228,GMP
GAGTATCGCGCGATATGA-1_larry3,3.141244197,-0.883378918,EryP
CTCCTGACGTCCATCATT-1_larry3,-0.299550569,3.882022684,GMP
TACCGATTGCCAGCCAAT-1_larry3,5.358114505,2.952323024,GMP
TAATCACGCAGTTCAACC-1_larry3,-1.392150855,2.37266547,GMP
GATTGAGTATGATCTCGG-1_larry3,-0.16808263,2.33939368,GMP
TATTACTCGGCACCATCG-1_larry3,-2.480061269,-3.000590975,MkP 1
CGCATCTACCAGTCGGTA-1_larry3,-1.077707147,3.275241201,GMP
ATTGGTTCCCTCTAAGAG-1_larry3,3.538105273,-1.38221019,EryP
GCGAGTCTATAGGAGCTA-1_larry3,0.063293183,2.199437921,GMP
TCCAATCATGACCAGAGA-1_larry3,-1.088701463,0.879551237,GMP
CTTCGACTGGAACTCGTA-1_larry3,2.944524789,2.432645862,MEP
GGTTAACAGTGCCGCTAC-1_larry3,-3.875847554,1.523050492,GMP
GGAAGTATGGCGTAACAA-1_larry3,-0.471510386,4.865407293,GMP
TGCCTGGTTCATACAACC-1_larry3,-1.924705005,-1.373825724,MPP4
AATCGCCATGCACAGTAA-1_larry3,0.840315813,0.873406594,GMP
GTTGACCATTGATCTCGG-1_larry3,-0.937753892,-1.807816203,MEP
AAGAGAGAGTCACTCGCT-1_larry3,5.262928271,-0.100054811,MEP
TTAAGTGGTGGTAGCATC-1_larry3,-4.476947999,0.498622541,MEP
GTATACAGAGCGGACGAA-1_larry3,5.312674308,-0.174783679,MEP
CTTGCGACCCAATGTGCT-1_larry3,1.851681972,-4.336357291,EryP
GGAGTTAGCTTAAGTGGT-1_larry3,4.142910028,-1.290851588,EryP
GTACCACAAGATAAGCTG-1_larry3,3.487792039,-3.178649838,EryP
CTGACAGCAGTTGACGTG-1_larry3,-1.954895472,0.790581648,GMP
AGCATATGGCCTAAGAAG-1_larry3,-2.022775626,1.289678519,GMP
ATCCGACCATATCACCTG-1_larry3,3.75957253,-0.275809119,EryP
ACACGTTGCGTAACAGTC-1_larry3,0.958007837,-0.300414177,GMP
CAGCCGCAAAGTTATCGC-1_larry3,-0.866669869,1.288347309,GMP
ACTTCGCAGACACCGCCA-1_larry3,2.329620624,-1.792746599,MEP
CATCAATAGAGCAACATT-1_larry3,-3.556603646,0.148918753,GMP
GATTGAGTACAGATCATT-1_larry3,-5.278690553,-1.739184792,pre/pro-B
ACAAGGTACCCATGCGTC-1_larry3,-5.539643502,-1.729551966,pre/pro-B
AACGGAGATGCGAGCAAG-1_larry3,0.177409047,0.539301817,MPP4
ATAGCCTAAATATCAGCC-1_larry3,-0.973446703,3.443690364,GMP
CCAATGCCTAGCGTAGAA-1_larry3,-0.867575621,2.846623008,GMP
GAGCTCTCAAGTCCGTGT-1_larry3,-0.294565177,1.806485956,GMP
TCCACCGGTACCAGCGTT-1_larry3,-0.68044672,4.976587598,GMP
TGTGCAGTAAGCGTCGTC-1_larry3,1.650237823,1.713086431,MEP
CTGGTGACACCTAAGTCT-1_larry3,1.001453036,-0.248712796,GMP
CGCTTATGAAGTCGCGAC-1_larry3,-2.125331378,-0.38456444,MPP4
CCGCACTCACATAGAGAT-1_larry3,3.7090204,-1.632235105,EryP
TTACACCTTCGGTGAGTC-1_larry3,1.26854595,-1.807377155,MEP
CAAGTCGAATGCGTCTTA-1_larry3,-1.600768542,0.868483965,GMP
CAATCAAGTATCCTCCGA-1_larry3,4.424645448,-4.436706717,EryP
CATCCACCGCGATACTCT-1_larry3,-0.05450592,5.912794893,MPP3
CTGTACGACTGGTGGTAA-1_larry3,0.132503951,3.693914716,GMP
GCGTGAGCTGTCCTTCAT-1_larry3,5.360602641,2.132483308,MPP4
TGGAGAACCCGTACACAC-1_larry3,0.543457323,4.033175294,MPP3
ACTGGACCATAGAGCGTC-1_larry3,3.10738256,-2.881338055,EryP
TCCAGAACGAATGCTGAT-1_larry3,1.698504114,1.135506456,GMP
GACTCTGGTTAGTTGACG-1_larry3,-0.903322077,2.042541807,GMP
CTCATGCCACGGTTCTAT-1_larry3,-1.61930654,-1.080896671,MPP3
GCGACCTGTAGTTGCCTT-1_larry3,4.608433032,-4.440424139,EryP
GAACCTTCAGAGTCTTCG-1_larry3,4.822397971,-1.57910877,EryP
CGATCCAGAGCGATATGA-1_larry3,-4.567346787,-1.495420153,pre/pro-B
TGTCACATACCAAGTCGA-1_larry3,-1.899703955,-1.633484418,MPP3
GAGCGACTCGAGTCTTCG-1_larry3,-1.966060376,0.949678485,GMP
GTACAATGCGCAATCACG-1_larry3,-5.549204564,1.462589686,MPP4
ACGAATCGCATCAGGATG-1_larry3,0.320703322,2.568577831,GMP
TACAACACCCCATCACGA-1_larry3,5.757243419,-0.358494925,EryP
ATTCACCTCGCTCTCCAA-1_larry3,-0.439345336,-0.174200604,MPP4
GCACTGGATGCGTCGTCT-1_larry3,-5.495859837,-1.675152833,pre/pro-B
TTCGCTGAGTACAAGAGG-1_larry3,4.086502814,-2.236404235,EryP
TTGAGCTCTTACATGCAC-1_larry3,0.986202741,0.801115577,GMP
TAAGCACTAACCTTGAAG-1_larry3,-0.240781283,-2.227432187,HSC/MPP1
CAGCTTACCGAGGACTTA-1_larry3,-0.576218104,0.462560361,GMP
CCAATATACGCTAGTGGA-1_larry3,4.267980838,2.551390951,GMP
GAGCCGTTATGCCAGACG-1_larry3,1.91618886,1.802128856,GMP
TGCGTATCTCAGTACATC-1_larry3,-0.152838087,0.692920272,MPP4
CAGGTTGTCTACGACCAT-1_larry3,0.796609292,1.158512776,GMP
AATAACTCCGCCGCTATC-1_larry3,3.768449092,-0.311997025,EryP
TAGGAGGATAATAGACGC-1_larry3,-2.063446498,-0.591578479,MPP4
TACTTCCAGATATAGCGT-1_larry3,-4.256813741,1.382604544,GMP
AGGTCCGTCTGGACGAGA-1_larry3,-1.501148915,-1.581416185,MPP4
GCAGGAGAACCTTCCTCA-1_larry3,2.167088056,-1.569369609,MEP
AGTCTAAGCATAGCACGG-1_larry3,-0.671317911,-0.480950634,MPP4
AATCCTCGTCTACCTGCG-1_larry3,-5.298637128,-1.209505494,pre/pro-B
CTTAACAGCATGCGGATT-1_larry3,-3.027652478,-4.124321635,MkP 2
GACATAACGCTGGACACT-1_larry3,-1.915964103,0.595671718,GMP
GTCTTATGCGTGCGAGTA-1_larry3,-0.525015807,0.256058042,GMP
CGCACTGAAAACTTAGCT-1_larry3,-4.349502301,1.36791796,GMP
TGTAACAGTGAAGAGCAC-1_larry3,1.559564257,3.587206905,GMP
ATTGATTGGGGTCTCATG-1_larry3,0.712873285,-0.007718499,GMP
GCAGCGATACGTGCTTGA-1_larry3,3.203051353,-2.66893595,MEP
GTTAATTCGGAAGGATCA-1_larry3,-4.256361699,1.355538433,GMP
AGACTAGTAAGCGGAACA-1_larry3,3.094118619,0.035049771,MEP
AGCCTCTAGTGTGTCTAC-1_larry3,-1.56720159,0.136967217,MPP4
GCCGTTGTTTTGTTAGAG-1_larry3,-1.78489635,3.212636535,GMP
TCACAGGTACTGAGATAG-1_larry3,-2.166294312,0.35041899,GMP
TGAGCAGATTCCATCATT-1_larry3,-1.493623471,0.694541876,GMP
ATACCGCTTGCTGGTTCG-1_larry3,3.146469855,-1.90656429,EryP
CGTGGTACCCTTCTGAGT-1_larry3,-3.410821175,-1.097817416,MPP4
ATCCGGTCCTAGTAGTCT-1_larry3,-0.296606994,3.053388898,GMP
GTATACAGATGGAGTGGA-1_larry3,5.25625875,2.793854301,GMP
ACTCGAGTCTCTGAGATA-1_larry3,-1.635394072,4.901274507,GMP
GCGAGCAAGTGTGCTAAC-1_larry3,4.578934217,3.123469656,GMP
TTACGGACCTGTATCGTG-1_larry3,5.486053252,-2.323933299,EryP
TACTCGCTGTTATCCAAG-1_larry3,-5.675419545,-1.182930345,pre/pro-B
TGCAGATGCGTCCTTCAT-1_larry3,-0.812043762,2.118865316,GMP
TCGTTCTCCTCTTAAGTG-1_larry3,1.356835449,2.26502878,GMP
TTGATGCTGTGAGAATCC-1_larry3,-1.414373374,3.315818851,GMP
GTTGACGTGAGGTCAGCA-1_larry3,-0.601809358,0.325094228,GMP
GCTGGTAACCTCAGGTAC-1_larry3,-3.228608584,2.1239906,GMP
GTTATCGATGTCACAGAG-1_larry3,-0.16426698,-0.258140909,MPP3
TTCACTGGACCAAGTCGA-1_larry3,-1.865485644,0.256242876,GMP
TAGAGCGTCAATAACTCC-1_larry3,-1.878758645,-1.271589572,MEP
TCCTATTCCACTTGATCT-1_larry3,-1.022432422,0.283865457,MPP3
CCATTCTGCATCTGGTAG-1_larry3,-7.490873551,-2.810039456,pre/pro-B
GCTAGCTCCTTCCTAAGG-1_larry3,-4.51706717,0.253782635,MPP3
GACCGTAGTGACATAACG-1_larry3,3.006589198,0.153563743,MEP
GTCGCAGGTATATGCAGC-1_larry3,1.933473015,0.785106723,MPP4
ATTGATTGGGCAGATCCG-1_larry3,-0.026501036,2.397634809,GMP
GTCCTTCATTCAGCTCAG-1_larry3,0.986586654,2.270549362,GMP
CCTGTTAGCGGTCGGTCT-1_larry3,2.196221852,-0.268809634,MPP3
CGTGCTTGACACAACGCT-1_larry3,4.890300536,-1.033107395,EryP
GCGCATTACTCTGTGAAG-1_larry3,4.057386422,1.00818104,EryP
CCTTGACGGTGTATGTAG-1_larry3,-4.443841672,0.206991737,MPP3
TTCAGTGCCGACTCTCAC-1_larry3,-0.13673464,2.547864263,GMP
ATTAGCGGTACCGAGTAG-1_larry3,-1.125746345,-2.33611315,MPP3
TACTCGACCATCCGGTCC-1_larry3,-1.166921353,-3.156366284,HSC/MPP1
TAGGAGCTATCCAATCAT-1_larry3,4.169790292,-2.342380698,EryP
TTGCTCTGCCGGTAGCTT-1_larry3,4.667259002,3.071830576,GMP
CCTGACCTCGTCGTTGCG-1_larry3,1.481228554,1.448405688,GMP
CCAGTACTCTGCGCACTG-1_larry3,-5.391556477,1.150211876,MPP4
TGCGTGCCAGTAGCATAC-1_larry3,-1.516423917,-1.304149682,MPP4
GCGACAACCTGAAGACCA-1_larry3,5.163655067,1.327054088,MPP3
CGATTCGAGTTACTTACG-1_larry3,5.13214376,-2.582697804,EryP
TTACACCTTGACGCCGTA-1_larry3,-7.39974997,-2.784360344,pre/pro-B
CAACTCCAGTTCACTCCT-1_larry3,-1.819323277,0.077055131,MPP4
TCAGAGCGTACGAATCGC-1_larry3,2.245581651,3.069464986,GMP
CTGGTCGGTCAGGTATCG-1_larry3,-1.297062611,2.766985719,GMP
GCCTTCCATAATGCTATC-1_larry3,-0.550491786,1.103483026,GMP
TGATTATCGGTATCCTGC-1_larry3,-0.739918208,0.830668514,GMP
TCTAATACCTCAAGCGTA-1_larry3,1.118694657,0.594952946,MPP4
TACGACTTGCCTCAGGTG-1_larry3,-4.123996472,1.524564211,GMP
TATGAAGACAGACGGAGG-1_larry3,-7.518544411,-2.882962401,pre/pro-B
TCACGCGACATACGAGGT-1_larry3,1.420191312,1.840288227,GMP
CTTCTATGATCCTCTAGT-1_larry3,3.526171708,-1.872512634,EryP
TGTGGTCCTTCGCATTCG-1_larry3,3.106723094,-1.345755274,MEP
ATTGATCACCAAGTCGAA-1_larry3,2.004108095,-4.308065588,EryP
GAGTCCAATTCGAACGCT-1_larry3,1.909631753,3.476231163,GMP
CCAGTCTCAAACAGCAGT-1_larry3,-2.058508134,-1.295788343,MPP3
GTGCTCGGAATAGTCTCC-1_larry3,2.926514173,2.7305463,MPP3
TACGAACTCGCTCAATGA-1_larry3,-2.198071933,-2.366558964,MPP3
AAGCCAAGTACAGCATCA-1_larry3,0.082307005,3.244978254,GMP
TCATGCAGGGTGACTCTC-1_larry3,3.777174735,-1.997128184,EryP
GCGAAGCTCGCAACCAAC-1_larry3,-5.887768483,-2.068013842,pre/pro-B
GCTGGTAACTACCAGCCA-1_larry3,0.782147193,-0.156224604,GMP
CAGAAGTGAACAAGTACA-1_larry3,-1.288103199,-0.040408696,MPP4
GTTGCTCAGCGACCTAGC-1_larry3,-2.024352288,-1.311636503,MPP4
TTGGTAACTCATAGTATG-1_larry3,-1.169687128,-1.710527236,MPP3
GTGCTGACTCTAGTCGTC-1_larry3,-4.165830827,1.421977346,GMP
TGGACGAGAGGTACTTCC-1_larry3,-0.562014675,-0.051284532,MPP4
TCTTAAGTGAACTTAGCT-1_larry3,-2.029087519,2.798814123,GMP
TCCTGTCCGCCTCCTTGT-1_larry3,1.630133832,3.364285772,GMP
GAAGTGTGATATACGTGG-1_larry3,-2.218758559,-1.355928476,MPP4
GGATGCGAACTTAGAAGG-1_larry3,-1.108149028,1.623724525,GMP
GGTTGAAGGTGCAGTCGG-1_larry3,4.008256459,-1.847408588,EryP
TATCGAGCCGTCAGCGTC-1_larry3,3.185729766,-0.901025171,EryP
CCGTTAGACATATTCGCA-1_larry3,0.208695048,-0.55128261,GMP
ACAGAGATGACTTCTTGG-1_larry3,-4.387772775,1.278291409,GMP
CGATTCGAGCGTCAGCAC-1_larry3,-1.090646243,5.375279729,GMP
ACGCGTGACGCGAAGACA-1_larry3,-1.784297204,-2.568663294,MPP3
GACGTGGTCCCACCATGC-1_larry3,2.129185343,-1.687144096,MEP
TGTCAACCTGCTCAATGA-1_larry3,-0.536923981,4.747619455,GMP
TGGAACTAACTAACTAAG-1_larry3,-1.704418158,1.315106218,GMP
AGTTATCGCACGGTGCCT-1_larry3,-2.206984019,-2.440809185,HSC/MPP1
TAATCTGGATCATCAGAG-1_larry3,-5.989989495,-2.460038121,pre/pro-B
TGCAACTCTGTGCATCAA-1_larry3,4.191860223,0.448912923,EryP
CAGCCGCAACAGCCGCAA-1_larry3,-0.307057059,-2.502077277,MPP3
ACAGCGTATCGGTGTTAC-1_larry3,1.368776941,1.931359594,GMP
CTCGTGTCCAGAGGTGAA-1_larry3,3.040274882,-0.094489495,MEP
ATCGGTGGTTATAATCGC-1_larry3,3.494069839,-2.62483948,EryP
TGATAGAGGGATTAGACA-1_larry3,-0.038168526,1.404208486,GMP
GGACAGATTCAGCACGTG-1_larry3,-4.029903626,1.389200394,GMP
CTAGTTCCACTTGCGACC-1_larry3,0.214644844,2.140514677,GMP
AAGTTCTCTAGCTACTCA-1_larry3,0.225712562,0.791137998,GMP
GGATCGTTCGCATGTGGT-1_larry3,-4.435804105,1.029822891,GMP
CCTGCTCCATGTGTAGAG-1_larry3,1.823131585,3.990551298,GMP
CGTCTGTCCAGAGGACGT-1_larry3,1.945603037,-0.104845489,MEP
TAGGAGCTATGCTGCGTC-1_larry3,2.846890712,-2.359032805,EryP
GAGGTGAGCTTGATGAGT-1_larry3,-0.833109236,-2.329804356,MPP2
ACCGATCGACTCGTGTCC-1_larry3,-5.343581414,-1.722261364,pre/pro-B
TTCACCTTGCCGGTTCTA-1_larry3,4.37874105,-1.2381131,EryP
CACATGTGCCTCAGGTAC-1_larry3,1.82753613,1.820274656,GMP
CACACCTGTCCTAGTTAG-1_larry3,-0.779460287,3.206855362,GMP
ACCGTCACGAATCGCCAT-1_larry3,-1.106643653,5.598437135,GMP
TAGGAGGATGACAGGTTA-1_larry3,-1.160722112,3.186236923,GMP
TGTTAAGCCATGGAGGAA-1_larry3,-0.916811681,4.923280065,GMP
GTTGCTCAGAGCGACACC-1_larry3,-3.034269547,-4.076222117,MkP 2
AGGTATTCCATCCGACCA-1_larry3,3.057512784,2.401654069,MPP3
GGTGAGTTCCCGCAATGG-1_larry3,0.778909581,-0.866007979,GMP
ATCAGTCGAGATATATCC-1_larry3,-0.225806272,6.411734884,MPP3
TGCCTGGTTGACGTCAAT-1_larry3,2.522543574,1.183000867,MPP4
TAGCTAAGAATGAGTGTG-1_larry3,4.074956441,-2.784376557,EryP
CCACTTCGCCTCGCTACG-1_larry3,2.176730657,-1.664728339,MEP
ATCTACATCGCCTGCATC-1_larry3,2.69276669,0.474441831,MPP3
GTCAGCGTCACACACCGT-1_larry3,5.857679153,2.642608707,MPP4
CATATGCGAGAACGCTGT-1_larry3,2.527814889,-0.685805912,MEP
TTAACGGAGTCACTCGCT-1_larry3,3.990775371,0.9300893,MEP
CAGTAATGTGACACGCAA-1_larry3,5.098099971,-1.736175353,EryP
CAGTTACTGAGATGTTGG-1_larry3,1.741919065,3.538004463,GMP
TAATTCGTGCATCCACCG-1_larry3,-0.30756489,-1.368923957,MPP3
CACTTGGATAGTGTGCAC-1_larry3,-1.359767175,-2.343570168,MPP3
TCAGCTCAGAATGCTATC-1_larry3,1.253815377,1.94984371,GMP
CACGGAAGTCAATGCATT-1_larry3,4.99322393,-3.655846531,EryP
TCGCCAAGCAACAACCTA-1_larry3,4.455776715,-2.608334954,EryP
TCTCGATGCCGGTAGCTT-1_larry3,-1.63577888,2.226399963,GMP
TGCGCACTGGGAGCTCAA-1_larry3,-1.171635246,2.937246864,GMP
GTAACCATAATGCGCCGT-1_larry3,4.547005201,-1.83772629,EryP
GAGTGTGCCCATTCGAAT-1_larry3,0.225918675,0.542393391,MPP4
TGGTGGATCGGATAATAC-1_larry3,-0.892837858,1.015207951,GMP
CATATGCGAGTCGAGTAC-1_larry3,-5.580107903,-1.782830055,pre/pro-B
GACTATTGATAAGGTGAT-1_larry3,3.771026397,-1.119891221,EryP
CTGGTACATGCAGATCCG-1_larry3,4.73087194,-4.423447783,EryP
AATCTCCTACTTAACAGC-1_larry3,-1.775949931,2.297126119,GMP
TTCACTGGAGTGCATCAA-1_larry3,-2.215492463,2.032101696,GMP
AGTCTAAGCGATCCGCAC-1_larry3,-7.50875113,-2.875214751,pre/pro-B
CACCTTCCTGCCGTTGTT-1_larry3,-1.611618733,2.699197357,GMP
TATACGGATATAGAGCAG-1_larry3,1.386985386,0.328769212,MPP4
AATCCGCTGATCTAGGTT-1_larry3,-1.616614556,3.671094244,GMP
AATGCCTCAACCGATCGA-1_larry3,-1.041820979,1.43894357,GMP
TAGTTGACGTAACATTGG-1_larry3,5.80013969,0.248906081,MEP
GTTAGATTGTCCGATAAC-1_larry3,2.966827655,2.782129114,MPP3
CCTAGTCTCCGCTTGTAG-1_larry3,-1.066143489,5.096823995,GMP
AGGTGTACACAACACTCC-1_larry3,1.783907914,3.846727674,GMP
GTCTTATGCTATACGTGG-1_larry3,1.902470732,1.723300521,GMP
GAGTCGTACCCTCTTGTA-1_larry3,-0.78094337,-0.872944469,GMP
TACATGCACGATCTACTT-1_larry3,1.647995079,-1.6051349,MPP3
AACGAGAATGGAGCTCAA-1_larry3,-3.212999558,-4.114242489,MkP 2
ACATGGATTCACTTCCTT-1_larry3,1.966431046,-4.350706274,EryP
AGCCTCGCACAAGCTGCA-1_larry3,2.917790198,-1.361205752,MEP
CTCTAAGAGTCTAGTGAC-1_larry3,-1.140681839,1.211292093,GMP
CCAGGAGTTGATATATCC-1_larry3,1.161559427,-0.535751144,GMP
CAACGCACACCACACAGA-1_larry3,-0.575940466,2.704786842,GMP
TGCATACATTACGTTGGA-1_larry3,-2.002688861,1.385315125,GMP
ATAAGTTCGGACCGCTTC-1_larry3,0.700059758,-1.194908853,GMP
CATCAATAGGCTGGTTCG-1_larry3,-1.034972405,-0.615619744,MPP4
GGTAAGGATGGATCAGGT-1_larry3,-5.624847627,-1.158669467,pre/pro-B
AGTCCGTGTCACAGCGAA-1_larry3,-1.221748924,-2.444975312,MPP3
GCTTCTGAATGACCTATG-1_larry3,5.410870338,0.730307286,GMP
CCGCAGCTATGGTCCTAG-1_larry3,3.028927112,-2.003705556,EryP
ATTGATCACCATAGGTGT-1_larry3,-0.433139419,-0.173746238,MPP4
CCTAGCAATTCTCAGGAT-1_larry3,3.500607276,-1.657043035,EryP
ACTGACTACCAGAAGTGA-1_larry3,-0.776875353,2.347661083,GMP
CGTATAGCGATCTCGAAC-1_larry3,-0.56931529,-2.670640166,MEP
TAAGTACACCCTTATCCG-1_larry3,6.01636293,-2.67564481,EryP
ACCACGCTAATCTTACAG-1_larry3,-1.666623092,0.09920225,GMP
GGACGAGCAAGAAGAGTC-1_larry3,-0.011037206,3.21004874,GMP
ACCACTAGGATAGCCTAA-1_larry3,2.320821667,-0.435946177,MEP
AGAAGCTGCCTGTGCTCA-1_larry3,-5.659167027,-1.035899575,pre/pro-B
TGCCTTCAGCACTCACTA-1_larry3,-0.522870636,1.505296056,GMP
CCTAGTCTCAACTCCATG-1_larry3,-0.314480638,1.746051853,GMP
TAGCACACGAGGATCATG-1_larry3,1.698900128,-0.924395199,MPP4
CTAGTCGTCTCCATCATT-1_larry3,-1.136789417,2.232261484,GMP
CTTGGATCATGACGGTTG-1_larry3,0.989220762,0.142793362,GMP
TGTACACGAGTCAAGATC-1_larry3,-1.421781516,2.519268577,GMP
TCAAGCGTAAGTTAGGTC-1_larry3,-0.828815794,-2.35633343,MPP3
CTTGGTCATAGTTAGGTC-1_larry3,-2.863941169,-1.145020957,MPP4
CCTGTTAGCCCAAGCGAG-1_larry3,4.362362886,0.039715682,EryP
ACCTCCTAGATATGTCCA-1_larry3,0.129245842,0.694413369,GMP
GCCGTGAACTCCTTAGGT-1_larry3,-1.345935798,0.599246924,MPP4
CATCCAGGAATATGTCCA-1_larry3,-1.015621757,-2.266147072,MEP
TATTGACTGACTGTAATC-1_larry3,2.229275847,-0.287916599,MEP
ATCACCGCAAGAGAGTGG-1_larry3,-0.391367292,-1.724387581,MPP3
CGTATCGAACATTCAGTT-1_larry3,-1.107169723,1.935803955,GMP
CCATAATCGGACAATGTT-1_larry3,1.410880768,1.352810686,GMP
CGGTAGCTTTTACCTCTC-1_larry3,5.138499046,3.159956997,GMP
CACTGGTCCATTCACCTC-1_larry3,-5.480603909,-2.234182055,pre/pro-B
ATAATGTGGGTAACAGTC-1_larry3,0.690254347,1.046518986,GMP
ACACCGCCATGTTACTGA-1_larry3,-1.824221349,-2.733626063,HSC/MPP1
TAAGTGTAGCCGCAACAC-1_larry3,-1.109687662,2.637318199,GMP
GCTAGCTCCAGTCCAGTG-1_larry3,0.706395549,2.675967281,GMP
CAAGCCTCGAGTGTCTCT-1_larry3,-1.071957803,-2.996872599,HSC/MPP1
GATACTGTGACATTGACA-1_larry3,-0.566556549,1.095271175,GMP
GCCGTCTTCGCCTTCCAT-1_larry3,-0.246468758,4.015831773,GMP
TGACAAGTTGTAAGGTCC-1_larry3,-5.655505395,-1.843312318,pre/pro-B
CGCTGTAGTCCTCATAAC-1_larry3,1.632603014,2.33137614,GMP
ATGTCCTCCTGATGGACA-1_larry3,6.07800796,-2.791553433,EryP
CGGAAGACGCTGACGGAT-1_larry3,4.502991462,-2.360464508,EryP
CCTTGCTTGCTATCCATC-1_larry3,-1.650434232,-2.207893784,MPP3
GCCGTTGTTGTGCTCTTG-1_larry3,-3.326899028,2.349538391,GMP
CTGGACACTGCCAATGAA-1_larry3,-5.634315705,-1.278709109,pre/pro-B
GTGCGAGTAATCAAGAGA-1_larry3,4.670670772,-2.735155995,MEP
CGACGTACGCGGAATGCA-1_larry3,-0.695369458,2.289352481,GMP
AACGAGGTGCAAGAACCG-1_larry3,-0.579286074,-2.926367695,HSC/MPP1
CACATATCAGCTTAGAAC-1_larry3,-2.12869308,-0.636129672,MPP4
TGAGAGGACCAATGTGCT-1_larry3,0.549906092,4.255745237,MPP4
AGATCGAGTATAATGTGG-1_larry3,0.200417692,4.299347704,GMP
TATTCAACGAGTAGAGGA-1_larry3,-0.640350795,5.601930444,GMP
CTAGTGCTGAACGAGGTG-1_larry3,-1.756347394,-0.561895991,GMP
AGCCTCGCAATAGACCGA-1_larry3,-3.323294377,2.474637334,GMP
CAGCTCTTCCAACGTCTT-1_larry3,-5.437199807,-1.761274273,pre/pro-B
GAATCAACCACCATTCAC-1_larry3,-6.598812795,-0.837538774,pre/pro-B
GGATGCGAAGTTAGATTG-1_larry3,-5.680963254,-2.103208001,pre/pro-B
GGACTCCTTGTTAGATTG-1_larry3,-0.946892953,0.691108708,GMP
CACACCTGTTCTCAGGAT-1_larry3,3.069061065,2.81585223,MEP
AATTGGTGAAAGTTCTCT-1_larry3,-1.280873751,-2.649777825,MPP2
GCGCTAGAACGTTGATCC-1_larry3,-5.908768391,-1.450154121,pre/pro-B
TAGCGCAGCTATTGACTG-1_larry3,3.518408561,-2.673031504,EryP
CCAACAACACAGCAGTAC-1_larry3,2.987867379,2.837120836,MPP3
ATTCGAAGAGAGAACAGG-1_larry3,-5.170264458,-1.566746766,pre/pro-B
TAGTACGTAGTCAAGATC-1_larry3,-1.676068282,-0.756245191,MPP4
TCAGACAAGGAATTCAGT-1_larry3,1.780324245,1.743953292,GMP
TAGCCAGTGAGCCGGATC-1_larry3,4.182647729,-1.348704512,EryP
TTCACTGGATCTCAGGAT-1_larry3,2.132430339,3.379260604,GMP
CGATAGGTGGCACAGTAA-1_larry3,0.798305357,0.607734447,MPP3
AGCCACTTCATGGACGTT-1_larry3,-1.504278636,1.532181804,GMP
ATGTGAGACGCGACCTGT-1_larry3,-1.664522862,-2.19161361,MPP3
CTCAGTGATATAGCACGG-1_larry3,4.361878419,-3.122374947,EryP
CCACGAAGGCAAGCTGCA-1_larry3,-2.238903975,2.454546993,GMP
TGAACGGTTATAGCACGG-1_larry3,-0.39671359,2.77334482,GMP
CTTCTCATCTGTCTACAC-1_larry3,-0.120647704,4.04587013,GMP
TAGATCTGTGCCAACAAT-1_larry3,-1.359948373,-0.194422397,MPP4
TATTACTCGCAGGTTGTC-1_larry3,4.249671245,-3.319564278,EryP
AACAACCTAGTTAGATTG-1_larry3,-0.526686287,0.218318706,GMP
TACCAGCCACATCTCGAT-1_larry3,-0.394826507,2.392885034,GMP
CGATTCGAGGCTTCTGAA-1_larry3,-3.422875142,0.694088047,GMP
GAAGTGTGAGGTCGGTCT-1_larry3,3.841681981,-1.705082948,EryP
GTGACGTAAAGTTATCGC-1_larry3,-1.555404639,3.108601873,GMP
CTGACGATGCCATAAGTA-1_larry3,1.224402273,-0.641297246,MEP
AGAGGACGTCCTCAGGTG-1_larry3,-5.178554749,0.864979093,MPP3
GCGTATAGGTAATCTGGA-1_larry3,2.67355063,1.896727865,MPP3
GATTGGAAGTACCTCCTC-1_larry3,-1.980849719,1.563022916,GMP
TTCCAATTCGCGACCTGT-1_larry3,4.345459008,-2.547367985,EryP
TATACCACTGCACAACTC-1_larry3,-0.256746209,3.493404214,GMP
CTAATACGCCACTGTATC-1_larry3,-5.698993897,-1.771410997,pre/pro-B
TCGTGCCACTCGTAGGAA-1_larry3,-0.988159513,0.79706425,GMP
TCGCAAGCATACATGCAC-1_larry3,4.569371724,-4.359754736,EryP
TATCGGAACTACAGTTAG-1_larry3,-1.670644736,-2.602120573,MPP3
CTACGTTGGCGTCTGTCC-1_larry3,3.38616302,-1.357776816,EryP
CACCTAGCGTAACGTGTC-1_larry3,-0.914903736,4.79525358,GMP
GAGTTAACTATAAGACAG-1_larry3,2.337026858,-1.508679564,MEP
TAGCGCAGCCCTTGTTGC-1_larry3,-2.336158252,-3.13021558,HSC/MPP1
AGTGATGCGACTTCGCAG-1_larry3,-3.565354562,0.536752586,GMP
TCCTATTCCCAACGTCTT-1_larry3,1.686348105,0.761936491,MPP4
CCTTAATTCTACGGTCGT-1_larry3,-1.691147542,1.660393899,GMP
AAGCAACTATTCACCTTG-1_larry3,-0.612306094,-0.197965535,MPP4
TCGCTTAACGAATCAACC-1_larry3,0.082554364,6.186615293,MPP3
AGTGGAATGCAGCTCTTC-1_larry3,5.485104346,0.220325415,MEP
TTAGATCGGAGTAAGCCA-1_larry3,-1.697329259,0.454789524,GMP
CCTCGCGTTCCGACTTGG-1_larry3,-0.850737071,1.623416846,GMP
AGCGACACCAATGCTATC-1_larry3,3.658379102,-2.640009816,EryP
GGAGCATCTAACAACTGG-1_larry3,4.450477863,-1.406390245,EryP
ACTCGTAGGCGGTTCGTA-1_larry3,-0.030340886,2.999525373,GMP
CATCTCACGTGTTGTCGA-1_larry3,4.656141305,-4.290937121,EryP
ATAGCACGGTAACTCCGA-1_larry3,-0.107687628,0.186362033,MPP4
CGTTGATCCCCTCAGGTG-1_larry3,1.639592254,-4.320412333,EryP
GCGAGTCTAAGTGGAATG-1_larry3,-0.980764723,4.835960214,GMP
ACGTGTAGTAGACCAGCT-1_larry3,0.225465113,2.021584337,GMP
TCCGATAACGTCTCTTCA-1_larry3,3.181996608,0.314755445,MEP
GCGTGAGCTGCCTTCCAT-1_larry3,2.738592649,-2.2383514,EryP
ATAGTGGTTTGTGAGTAT-1_larry3,-0.566580748,2.696370905,GMP
ACAGGAACTCTGGTGACA-1_larry3,-0.895034289,3.161177938,GMP
ATAATCGAGTGTCTACAC-1_larry3,-1.976493573,2.054894035,GMP
CGGAACGAGTCGCATTCG-1_larry3,0.27929827,0.386808043,MPP4
GTCTGACGTACTGTGTCA-1_larry3,4.138080144,0.693631892,EryP
CTCTTCAGCGCGATATGA-1_larry3,4.308023715,-1.630321081,EryP
GAGTCAAGGGGTGAGCGT-1_larry3,5.876302982,-2.434938128,EryP
CGGATTCTCTACTTACCA-1_larry3,0.960620219,-0.495791341,GMP
CCGATCTCTCCGCATCCT-1_larry3,-1.075914001,0.946647828,GMP
AACAGCAGTGCTTCTACG-1_larry3,-0.97211895,2.24490339,GMP
GAGATTCCTTACTCGCTG-1_larry3,3.531182552,-0.351745724,EryP
ACCTCCTAGATTATGCAG-1_larry3,4.055270219,-1.349238212,EryP
TGGTGGTAACACGATAGA-1_larry3,4.88382318,1.197594946,MPP2
CTGTCACTTGATGCAGAA-1_larry3,-0.307973361,4.938938444,GMP
TTGCCGTAGGGTACGAGC-1_larry3,3.380863691,-3.465540345,EryP
GACCAGAGATTCTGCCGA-1_larry3,-1.638997292,-2.242355759,MPP3
ATGCAGTTCAGCCTCGCA-1_larry3,-0.015016174,1.200677936,GMP
CTAGGTACTACTATTGTC-1_larry3,-1.351935363,-0.533404077,MPP4
CTACGGTATAGAGCGGAG-1_larry3,3.725380922,-2.672310288,EryP
AGGAAGGTGGCAACCAAC-1_larry3,3.461770797,-0.181198629,EryP
ACTAAGTTCGAAGGATCA-1_larry3,-0.05443213,3.078943555,GMP
CACCTCGGACGCAGTGTC-1_larry3,0.259568209,4.270013158,GMP
CTGTCACTTAGAGCGGAG-1_larry3,-1.921602702,1.78095681,GMP
GGTGAGTTCAACTTAGCT-1_larry3,1.931077624,3.77038223,GMP
AACTTCTGCTGACCTATG-1_larry3,-1.933648085,2.047064369,GMP
GAGTCACCATGTGCAGTA-1_larry3,-0.994812941,1.297164505,GMP
TGCCGAACTCAGCTGGAG-1_larry3,-3.170758939,2.294491117,GMP
TTCAGTGCCTAGTGCACT-1_larry3,4.34303,-0.173590551,EryP
AATATCAGCTGCGACGTT-1_larry3,-3.206552958,-0.701991434,GMP
GCCTTCCATCACCTCGGA-1_larry3,-0.869270181,2.590411727,GMP
TAACGGATAAAGCAGCAT-1_larry3,2.558535957,-0.550335253,MEP
CGGAGACTTATCGCCTCT-1_larry3,1.558158422,2.009827917,GMP
CTCTGTCAAAGGTATTCC-1_larry3,5.841291213,-0.204369801,EryP
GCAATCACGTATCTAGGT-1_larry3,-1.789706921,-0.779727395,MPP4
GACGTGGTCGCGCTACCT-1_larry3,4.267620111,-1.883063013,EryP
AACGGAGATTGAGAATCC-1_larry3,1.435316289,0.41480351,MPP4
CTGCATGTTGTCTTATGC-1_larry3,3.211526656,-2.787579472,EryP
CAAGGTGTGCCAGGAGTT-1_larry3,-0.541086769,3.4800368,GMP
TTGCAGTCACGCGATGTA-1_larry3,-1.089636421,3.133722608,GMP
GTCAGTTGTATGCTTCAG-1_larry3,-5.753572202,-1.279457862,pre/pro-B
CCACGGATCCACATTCTG-1_larry3,3.796366954,-2.010279472,EryP
TTCCAGATTGAACCAGTT-1_larry3,4.081491971,0.497271066,EryP
CCATTCTGCCAGCCGCAA-1_larry3,0.009105945,5.805342977,MPP3
GATTGAGTATCGTACCTT-1_larry3,1.296484435,3.899236028,GMP
TCAGCGACCCCACGAAGG-1_larry3,2.899628186,-3.920523817,EryP
TAGCAGAGTCCGTTAGAC-1_larry3,0.280817801,1.760986393,GMP
TATACCACTCCACCATGC-1_larry3,1.122648025,1.393337672,GMP
GGTGGAGCTCTATCTTGA-1_larry3,-5.753167367,-1.425985033,pre/pro-B
ATCATGTTCGTCATTCTA-1_larry3,-0.575525379,-0.624806161,MPP3
CATCCGACATACGGTCGT-1_larry3,1.39880302,2.128271167,GMP
CCTGCTCCAAGACGCCTG-1_larry3,-2.97045753,-4.039555485,MkP 2
TACAACACCATCCATTAG-1_larry3,-1.458200908,-0.155102442,GMP
GCCTAACGGATTCGCTTA-1_larry3,1.71325829,2.132729118,GMP
GATTCTCGGATGTGACGA-1_larry3,-0.271946525,2.791152303,GMP
CAAGTCGAATGATCTCGG-1_larry3,3.37932303,-2.402959521,EryP
CACACCTGTGTTAATTCG-1_larry3,4.51207974,-4.447337325,EryP
GGAGATGAGAACGGAGAT-1_larry3,-0.739426589,1.785161083,GMP
GAAGAGCACATAGAGCAG-1_larry3,0.207967425,0.125328456,MPP4
ATAGAGCAGCTCGTGTCC-1_larry3,-1.460414862,-0.759582872,MPP4
ATGAGGTATCGCCACCAT-1_larry3,2.686213994,-0.606102313,MEP
GACGGACTATATGTATGC-1_larry3,-1.429042315,3.323184793,GMP
AGTCGCCGAGCGAACTCG-1_larry3,2.20839634,0.788850014,MPP3
AAGCTGAGGATCACCGCA-1_larry3,-0.465861893,5.562823598,GMP
TCCTATTCCACCGCTGTG-1_larry3,-0.086911058,5.904812162,MPP4
CTTAGGACTCGGAAGACG-1_larry3,4.733182216,-4.498816187,EryP
ATCAGAAGCCTCTACGCA-1_larry3,-4.432708001,0.982608383,MEP
CTCGTGTCCACGAGCTTC-1_larry3,-0.573959088,1.612363284,GMP
AACGGAGATGATCGCGAA-1_larry3,0.407129461,1.531726306,GMP
CAGGTATCGCTGGACACT-1_larry3,-1.690789914,-1.922555621,MEP
GCATGTAAGTGCATCGGA-1_larry3,-0.471765971,-0.154182757,GMP
CACATGTGCGTCGTTAGA-1_larry3,6.143412376,-2.761091406,EryP
CGAATGAGTGCAACACCT-1_larry3,-1.365100598,-0.814932878,MPP3
GTCGTCGACCCTCCTTGT-1_larry3,-5.328682637,-2.232535536,MPP4
TCGTAATAGTGAGGTCTC-1_larry3,-1.414518809,3.684881036,GMP
ATTGCCGACTCTCAGGAT-1_larry3,4.19709661,-2.445434983,EryP
AGCCAGGACTCTGCAACA-1_larry3,3.361324096,2.083027666,MEP
GCTTCACTCCTTGATCTA-1_larry3,2.82239821,-2.20440727,EryP
TACGAACTCCTGTCTAGT-1_larry3,3.724376226,-0.480765606,EryP
TAACACATCGGTGATAGG-1_larry3,-0.376935339,4.500219648,GMP
CCAGTTACGCCTGTCATT-1_larry3,-1.014878249,0.314985697,MPP3
TTCGGAGTCCATGACGTT-1_larry3,-0.091196811,1.301690881,GMP
ATGCAGTTCGTTGACCAT-1_larry3,4.147084975,-1.574552591,EryP
CCGGTTCTAAGTAGAGGA-1_larry3,3.489861274,-0.364390786,EryP
GGTAGTGTTAGGATCTCA-1_larry3,3.015130544,-0.024524445,MEP
AGTCAGTTGCGACGTGAT-1_larry3,-0.790549254,1.82104141,GMP
ATCCAATGATCCAGAACG-1_larry3,0.45432035,2.861690109,GMP
CACCAGAAGCGTCTGCTG-1_larry3,3.367749477,-0.199501584,MEP
GCTATGTAAATCACTTCC-1_larry3,3.527302528,-1.857886369,EryP
TTGTAATGCCAGTCCTAA-1_larry3,-2.392359233,1.08964843,GMP
TTACTAGTCTACGTTGGA-1_larry3,-5.957708096,-1.299209053,pre/pro-B
CCTAAGAAGCTGGTCGGT-1_larry3,2.315652514,3.673337047,GMP
GGAATTGGATGAGGTCTC-1_larry3,-4.541668629,0.319414561,MPP4
AGTCCGTGTAATCGCCAT-1_larry3,-5.607227063,-1.82844847,pre/pro-B
GCCGAACCAGACAGGTTA-1_larry3,2.870710397,-2.06378382,EryP
CTCTCAGTCTCCACGTGC-1_larry3,3.739647412,-0.045882041,EryP
TATCATGCTGTGTTCCAG-1_larry3,1.309533918,1.978697126,GMP
ATTAGCGGTTAGCCTTGT-1_larry3,-3.943482137,-1.240508373,MPP4
TAGCACTATCTTACCTAG-1_larry3,1.099902237,2.150213306,GMP
CGAAGAGGTACACCACAT-1_larry3,-1.298971391,4.816413705,GMP
TCTTAAGTGAGCGGTCTA-1_larry3,1.356301749,2.022306507,GMP
AGAGCGGAGGTTAGTCAA-1_larry3,-4.271176076,1.314975088,GMP
GCTTGTCCTCTGACAGCA-1_larry3,-1.043273663,2.966253345,GMP
GGTGTGACCAACTAACTG-1_larry3,-5.188033318,0.923191731,MPP4
TAATCACGCTGAGCAGAT-1_larry3,-2.228561854,0.295619195,GMP
CACCTACGCTCCTTCGTA-1_larry3,1.338082934,1.93018872,GMP
CATCCAGGAGTTGCTCAG-1_larry3,2.879468942,-4.006428654,EryP
TCAACACTCACAGGAACT-1_larry3,-2.232002473,2.038352077,GMP
ACACTAACGAGGATCATG-1_larry3,3.901549602,-1.72461849,EryP
GCGTGATACCACATATCA-1_larry3,-2.253288722,1.769862955,GMP
ATAGTGGTTTTCCGAGCG-1_larry3,5.044693256,-1.663451369,EryP
TTCCGCCAGCTGTAGAAG-1_larry3,2.771153236,-2.622389491,EryP
ACAACGAGCCTAGGTACT-1_larry3,-1.447816109,2.610724752,GMP
CGTTAATGGTCTAGTGAC-1_larry3,1.090622449,-1.667914803,MPP3
GTTAGAGACCTCTACGCA-1_larry3,2.058650518,3.884210413,GMP
CAAGAACCGCCTATTCAA-1_larry3,4.755083347,2.755551403,GMP
ATAGACCGAGGAACCTAG-1_larry3,0.888018289,2.178888385,GMP
ATGCAGTTCATGTGAGAC-1_larry3,-0.147091365,-0.843554671,MPP3
AATACCTTGCAATCATAC-1_larry3,0.933256263,1.21244139,GMP
CTTATTGAGAAGAGAGAG-1_larry3,0.164262289,4.17281801,GMP
TCACATACTTGCCACCGA-1_larry3,-1.716862416,5.500530546,GMP
ACACCGCCAGCCTTGTGA-1_larry3,3.606991315,-1.337212856,EryP
ACCGTACGCCGAGTAGCA-1_larry3,4.187469983,0.621458952,EryP
GCAACTCGCCAACGTCTT-1_larry3,-1.770958638,-1.665140922,MPP3
AATACTCCGATTCACCTC-1_larry3,-1.519193625,-2.268023665,MPP3
TCCGATAACGCCGAACCA-1_larry3,4.34878161,-3.583420451,MEP
AAGTTCTCTTGACGATGA-1_larry3,4.672770763,-4.430296595,EryP
GTTATCGATTTGACCTGA-1_larry3,-0.214202499,1.199863975,GMP
CCAGTCTCATCATCTGTC-1_larry3,-0.382798171,1.549388592,GMP
ACCGGAAGGCATTCCGAG-1_larry3,-0.41029892,-0.79554158,MPP4
CACACCACAGGTCCTAAG-1_larry3,0.299955273,2.583568637,GMP
TAGTGATCCATAATCGAG-1_larry3,4.528980756,2.62205941,GMP
AGATCGAGTTCGATTCAG-1_larry3,2.186839247,0.889827197,MPP4
TCATCAGAGCATATGCGA-1_larry3,-2.240002608,0.67428488,GMP
CTGTGCTCAGTACAATGC-1_larry3,0.273496175,1.426693981,GMP
GTCCGTAAGTCAGGACTG-1_larry3,-0.828224754,2.324378555,GMP
AGTGACGATACTGGACCA-1_larry3,2.066680455,-0.226818423,MEP
TCGTAATAGACCGAGACA-1_larry3,-1.352339482,6.062512224,GMP
GTAAGTGAGATAGTCAGT-1_larry3,1.440268421,2.103042429,GMP
TCCACGTGCATGAGTGTG-1_larry3,-7.399442887,-2.930588419,pre/pro-B
ATATCCGATCGACAGGAA-1_larry3,-2.227149939,-2.494895871,MPP4
CAGTGAGGATCGTGCCAC-1_larry3,-1.686518645,-1.944576437,MPP3
AGTGAGAGAACCTGTACC-1_larry3,-0.717188215,-2.532642062,MPP3
CGTGCCTATATTCCTACG-1_larry3,-1.066007113,0.461652939,MPP4
GAGACTCGATCTACGCAA-1_larry3,-1.15418551,1.027490442,GMP
GTCCTTCATGATTCTCGG-1_larry3,3.332204127,0.179313247,EryP
CGCGTGAGACCTATTGGT-1_larry3,3.076414848,-3.461488898,EryP
ATCCTGCCTCGCGCACAT-1_larry3,3.022991681,-3.231308396,EryP
GCTTGTCCTCATATGCGA-1_larry3,5.886601234,-2.633935387,EryP
AGATATGGACACATGTGC-1_larry3,-0.104608273,2.938021247,GMP
CTCCACGTCTACAGTTAG-1_larry3,3.284925962,0.180344676,MEP
CGACCTGTAGGATTACGC-1_larry3,-1.462331986,-2.206831748,MPP3
AGAATCAGAACCTGTACC-1_larry3,-3.095367884,2.603254144,GMP
TCCAGCAGCTGAGCTAGA-1_larry3,-7.291133618,-2.883696015,pre/pro-B
TGTCATAGCCTCTCAGTC-1_larry3,3.695223117,-1.268359001,EryP
CCATCTAGGCCACCATGC-1_larry3,-2.347269988,0.452884977,GMP
CTTAATCGTGATACCGGA-1_larry3,1.928164387,0.643960898,MEP
CATCGAAGCCTATTCCGT-1_larry3,5.61756351,-0.376989494,EryP
TACATGCACCCACTACCA-1_larry3,-0.842337704,2.755672281,GMP
ATCAAGAGATTGGACTTC-1_larry3,0.800538176,-1.321475561,GMP
ACATGACTACATATGTCG-1_larry3,-4.610505318,0.402957325,MPP4
TGATCTCGGCGTTGATCC-1_larry3,1.532308662,-1.273611958,MPP3
GCCAATGAAGGATAGTCA-1_larry3,-4.3003299,1.464771335,GMP
GAATCAACCCGAACAGAG-1_larry3,1.369289541,2.035371845,GMP
CGCACTCTTGCTATGTAA-1_larry3,-0.722635484,0.151245509,GMP
CATAGGTGTCACCTTCCT-1_larry3,6.044330859,-2.837039883,EryP
AGGAATTGGCCAACGGAA-1_larry3,4.589214826,-1.858579452,EryP
CTACGAGAATACGAGTGA-1_larry3,0.142636025,4.13323385,GMP
TAGATCTGTTGTAACAGT-1_larry3,-1.445733762,-1.027429933,MPP4
GCCACGAGTTGAGTGACT-1_larry3,-1.367474532,2.993278568,GMP
CCTTGCTTGAGTACTCTC-1_larry3,1.822896028,0.985942309,MPP4
GTAACGCGATCCTTCAAC-1_larry3,-4.379347539,-1.447852547,pre/pro-B
GGTACGAGCCCATATCTT-1_larry3,-0.840931988,-0.899046953,MPP4
GAAGTGTGAGAGTGTGCC-1_larry3,0.681469532,3.025361602,GMP
CTGACAGCAACACTAACG-1_larry3,-2.556737399,-3.30457967,MkP 1
GACTTGATTGCGGAGATT-1_larry3,-2.340593076,1.404387062,GMP
CTTCTATGATAATGTAGC-1_larry3,0.971103513,-0.207187327,GMP
ACACACGTCTGTCATAGC-1_larry3,3.809474969,-2.007144029,EryP
CCAACGGAATGTGCAGTA-1_larry3,-0.233474052,-1.223767157,MPP3
TCTTAAGTGAGGATGCGT-1_larry3,3.001575256,2.288990085,MPP3
AGCGTCGTCCTATCTTGA-1_larry3,1.034497285,0.111097877,GMP
CTGATCCGACGAATGAGT-1_larry3,-0.342342353,-0.619115407,MPP3
TGGAGAGTGTGCCAGACG-1_larry3,4.284767652,-1.999361689,EryP
CTGCAAGCCCGGTTCTAT-1_larry3,4.912436271,1.229712908,MPP2
TAGCACACGTGCGACGTT-1_larry3,4.560419583,-3.009986098,EryP
TTGGAGAACAACGAGAAT-1_larry3,-0.952010608,-3.3363499,HSC/MPP1
CGAATCCTGTGATTGTGC-1_larry3,-0.983408069,0.091540699,MPP4
TGTGTAGAGCGTGCTTGA-1_larry3,-1.08045218,2.008354251,GMP
AGCCGGATCTCGTAATAG-1_larry3,0.551210129,3.136412447,GMP
AATAACTCCTGAGCAGAT-1_larry3,-1.281813717,1.690285151,GMP
CCACGAAGGACGAGAGCA-1_larry3,2.329553509,-3.536751683,MEP
CCGAGTACTATGAGCAGG-1_larry3,1.060294026,-0.681945856,GMP
TAGCCTTGTACACCGCCA-1_larry3,-2.33812139,2.334221666,GMP
GGTTCTATCAGGTACCAA-1_larry3,1.533931637,4.037401502,GMP
GCTGACAGAGTACCACAA-1_larry3,6.072765136,-1.941086228,MEP
ACATGGATTCAGTACATC-1_larry3,2.566136384,3.405787056,MPP4
GGTAACTACCTCATTAGT-1_larry3,-1.261441326,0.141905462,MPP4
AACGGAGATTCCAGAACG-1_larry3,-0.571636772,4.715047185,GMP
ATACCGAAGAGACTTCGT-1_larry3,1.584762001,1.791463678,GMP
TTCATTCGCGTAACGCGA-1_larry3,0.740502203,1.221199935,GMP
TGACGGTTGTCAGGACTG-1_larry3,-1.944531178,-2.45569628,MPP2
TCTTAGCGAGTGTATCTG-1_larry3,3.004778171,-0.119663904,MEP
AGCGGTAAGACTACTCAT-1_larry3,-1.651007151,-2.148023183,MPP3
TCATGCAGGGCTAGTGGA-1_larry3,-1.927958464,-1.176347966,MPP4
CCACGGATCGCCTTCCAT-1_larry3,-4.086284852,1.517259543,GMP
GAACTATGGACATGACTA-1_larry3,2.435610318,3.564901655,MPP4
GACCGGTAGGTCTTCATA-1_larry3,-1.672428107,1.458520715,GMP
GAGCATACACGAACAGAG-1_larry3,-0.324983096,-1.695075924,MPP3
GCTTCACTCCACGATAGA-1_larry3,2.63211968,0.836591308,MPP3
AAGCCACACCCATAGCCA-1_larry3,-0.263301825,5.33752281,GMP
CTGTCTAGTCAGTGCCAT-1_larry3,1.086946064,-0.703138645,GMP
TTCGCTGAGCCTCGACCT-1_larry3,-3.198263383,-4.222497399,MkP 2
GAACTCGTAAGATCTGAC-1_larry3,-1.324903822,-1.598108942,MPP4
TGAGTTAAGGCGCTAGAA-1_larry3,-1.878488278,1.542181079,GMP
GATGCGACGCGCTTCACG-1_larry3,0.294907534,2.736739461,GMP
CGGTGAGTCCCACGCCAT-1_larry3,2.443449044,-2.382238085,MEP
CACGCGTAACATATGCGA-1_larry3,-0.284606135,2.945457761,GMP
GCCACGAGTGGTAGACAT-1_larry3,-1.292481041,5.321160142,GMP
CCATATGCCGCGAACTCG-1_larry3,0.141615534,2.77741081,GMP
TCACGCGACATACCGCTT-1_larry3,-1.230441546,2.418190305,GMP
ACAAGGTACACCGTCACG-1_larry3,-0.656919575,0.118615394,GMP
GAGGTCCTTACCACTAGG-1_larry3,5.066228652,-2.899200852,EryP
ACCGGAAGGCGGAAGACG-1_larry3,-2.10720489,1.702541654,GMP
CCAACGGAAAGCCAGGAC-1_larry3,-1.754972672,1.360691612,GMP
TCCACCGGTCTCAGCTGG-1_larry3,2.56871202,-2.197679574,MEP
AGTGTCTCTGTCTTATGC-1_larry3,3.432387614,-1.744178708,EryP
TATCCTCAGGTTAGAGAC-1_larry3,-2.308649754,-0.337925601,MPP4
CTTGTAACGTATGGTTGG-1_larry3,-1.459611153,4.643625562,GMP
TTGATGCTGGCGACACAG-1_larry3,-1.664284682,-0.68536293,MPP3
TCAGTAAGCCACATTCTG-1_larry3,5.103419089,-3.025402481,EryP
TGATAGAGGCCGCATCCT-1_larry3,-1.924669957,0.893565242,GMP
TCCTCTAGTACGTCGCTC-1_larry3,0.638933496,1.82792074,GMP
ACGACGATTGCGACAACC-1_larry3,3.511128211,-0.393145325,EryP
AAGAGAACTCATTCCGAG-1_larry3,0.619155066,-0.517753954,GMP
ATAGTCAGTACCATTCAC-1_larry3,-1.426088071,2.28888828,GMP
TTGATCGTAGAACAACCA-1_larry3,2.569769168,-2.389688666,MEP
GTCCTAGTTTATCCTCAG-1_larry3,2.558965588,-0.651710505,MEP
AGTCCAGTGCACTGGTCC-1_larry3,3.370376134,-1.275420482,MEP
GCGCTCTATCCAGGAGTT-1_larry3,-5.324578976,-1.544276411,pre/pro-B
GTGACGTAACCATATGCC-1_larry3,5.299137855,1.859055584,MPP4
CTAGACATGTGCTCACAC-1_larry3,4.690076137,-4.056095536,EryP
CGGTAGCTTCACCTCAAC-1_larry3,-0.259198761,-1.103839214,MPP4
GCGAGCAAGTGCATACAT-1_larry3,0.433083663,2.341878002,GMP
CCTACTAGAGTCGTTGCG-1_larry3,0.343727374,1.352707689,MPP4
CTAACTAAGAGATACGTT-1_larry3,0.264373565,3.684517686,GMP
TTAACGGAGAGCATTCCA-1_larry3,6.237206245,-2.222802932,MEP
CCTAAGAAGTGAGACAGC-1_larry3,-7.055042481,-2.496310646,pre/pro-B
ATCTAGGTTTCAAGGTCG-1_larry3,-5.830545163,-1.680099304,pre/pro-B
TGAGAATCCACCTAGTTA-1_larry3,0.661531722,-1.739254291,MPP3
AGCATATGGCAAGTCACT-1_larry3,-2.049788213,-0.72337773,MPP4
GAACATGACATCAGGATG-1_larry3,3.659580255,-2.715326483,EryP
TAGTGATCCGTTGATGCA-1_larry3,-1.661317324,2.978827541,GMP
GCGTATAGGTCTGAGATA-1_larry3,0.836401144,-0.528248931,GMP
GCTATGTAAAAGCAATCG-1_larry3,4.704707408,-4.521374876,EryP
GTCTTCATAATGAGATCC-1_larry3,0.492755452,1.641446655,GMP
GTAGCATACTGCCGACTA-1_larry3,-2.11671803,1.501976316,GMP
CCATCTAGGATCCGACCA-1_larry3,-5.693348622,-1.294544632,pre/pro-B
TGGTCGCTAGTGCTAAGC-1_larry3,-0.559563494,-0.238773919,MPP4
ATTATGCAGTGTATCGTG-1_larry3,3.606718803,-1.072728808,MEP
TATCTAGGTACACGTTGC-1_larry3,-0.592692828,1.663576071,GMP
AGCACCAGCGCGAAGACA-1_larry3,2.866717839,1.898770874,MPP3
CCTGTCGACCTCCTATCT-1_larry3,0.732678206,-0.807184513,GMP
ATATGTCCAATACTTGCT-1_larry3,-0.396943545,-1.828268583,MEP
CAAGCCTCGGCTGACAGA-1_larry3,-2.036787724,-0.845759268,MPP4
TAACGTGTCTCCACCGGT-1_larry3,4.631535316,-4.3147065,EryP
CAGCTAGTTGCGATGGTG-1_larry3,-1.360501027,-2.374488528,MPP2
GTGCGTTCCGTCTTCTCG-1_larry3,-3.202300048,-0.755457516,GMP
ACTATCCTGAGCCGTTCT-1_larry3,-2.988111949,-1.260583992,MEP
CTGCGATTCTAAGCCATT-1_larry3,-1.585590577,-1.697085197,MPP3
AGTCTGGAACAACACTCC-1_larry3,-2.081932998,-2.129823143,MPP3
ATAGCACGGTGTGCAGTA-1_larry3,-0.325939333,0.260415976,MPP4
ATAATGTGGTCAACACTC-1_larry3,-5.642126775,-1.874027903,pre/pro-B
GTCAGTTGTCAACACCTA-1_larry3,3.788214231,1.285451715,MEP
CAATGTGCTTTACCTCTC-1_larry3,-1.006743884,-0.860324318,MPP4
CTATCTTGACCGATCTCT-1_larry3,2.645476008,-2.385704453,MEP
TTCCTGCTACGGAGACTT-1_larry3,0.312489683,-1.312176759,MPP4
CAAGTACGAGTCTGACGT-1_larry3,1.686024332,-2.306941683,MPP3
CTATACTAGGATTAGTGT-1_larry3,-0.263034677,0.552184348,MPP4
TCCTTAGGTACAATTCGG-1_larry3,2.311597371,0.780060356,MPP3
CCTTGTTGCGGTAAGTGA-1_larry3,4.169495845,0.745508258,EryP
CAACTAATCGATGTTACA-1_larry3,1.9023036,3.248766248,GMP
CCTTCGAGCCGTACACAC-1_larry3,1.549049163,-2.157103355,MEP
GGACGAGCATCGGAACGA-1_larry3,-0.722014761,2.713066642,GMP
CTTAATCGTTGCCATCTC-1_larry3,3.816541696,0.986898487,EryP
CTTCCGTGGCAGGATCAA-1_larry3,0.169988537,2.772974317,GMP
AACTCCATGCGTATTCCT-1_larry3,2.972719455,0.114067142,MEP
AGTGATGCGTGCCTGGTT-1_larry3,0.85308505,-1.436550791,GMP
TGGTGGTAACGTGTATTC-1_larry3,-0.510747647,1.680458133,GMP
ATAGAGCAGTGACTGAGA-1_larry3,3.504061961,1.170364444,MEP
CGAACAATCAGTGTGCAC-1_larry3,-1.45532248,2.335892742,GMP
GAATCACATAGCTCTCCG-1_larry3,3.000175977,2.393996065,MPP3
GACTCTCACGCCGTCTTC-1_larry3,-0.800512171,0.958522146,GMP
TGATACCGTTTGTAATGC-1_larry3,-1.091264343,0.745319073,GMP
CGGTCGACACTGGTACAT-1_larry3,-1.716139769,3.741488283,GMP
TTATTCGACGTAACCATA-1_larry3,2.989149594,-0.702393825,MEP
GTAGAGAGCCTCTACGCA-1_larry3,-2.106765961,-0.766193743,GMP
ATCTCGAACCGCTTATGA-1_larry3,-0.454690909,1.883832042,MPP4
TGGTAGCAGGTGTTCCAG-1_larry3,-3.170668816,-4.28122967,MkP 2
ACGTAGTATACGTAGTAT-1_larry3,5.22112968,-0.571402187,EryP
TCGAATAGAAGCACACCT-1_larry3,-1.034875011,4.845687692,GMP
AGGTCAGCATGATTGTGC-1_larry3,-0.498826599,3.388792102,GMP
AGGTCAGCAATGGACGTT-1_larry3,5.188964152,-0.545655067,EryP
CGCCATTACGAGATGTAT-1_larry3,2.007986212,0.800803249,MPP3
CCTACTAGACGTTCGTAC-1_larry3,-0.234435117,2.398674314,GMP
GGAAGAAGCCCGGATTGC-1_larry3,-0.35947237,2.916543548,GMP
TTAGATCGGGAACATGAC-1_larry3,4.064947391,-2.322757895,EryP
GCTCAATGAACGACGATT-1_larry3,5.11087873,3.590881889,GMP
GCTACCGAGTTGAGCTCT-1_larry3,3.969753289,-2.606947834,EryP
CAAGAGAGTTCGTTCTCC-1_larry3,1.0876432,-0.300079777,GMP
TGACGATGAAGAGAGTGG-1_larry3,3.950831437,-2.520987923,EryP
GCGTGAGCTCCGTTCCAA-1_larry3,-0.202751434,1.818971222,GMP
TGTAGCAAGGTAATCAGC-1_larry3,-0.793492651,-2.802827532,MPP2
GCAGCGATACTCATGCCA-1_larry3,0.833696553,-4.120112116,MEP
TCACTACGTCTATCCATC-1_larry3,-0.311747467,2.510680263,GMP
GTCTGACGTATCATGTTC-1_larry3,-1.716010547,0.471771305,GMP
CCGATACCGTGCTCCTCC-1_larry3,0.632566575,4.039162939,MPP4
AATACCTTGTGATCTCGG-1_larry3,-1.033588862,0.275488322,MPP4
ATTCCGTACCAACCTGGT-1_larry3,4.093198562,-0.943685408,EryP
AACCGCTGAAGGTGTACA-1_larry3,-0.509803748,2.332485979,GMP
TACGAACTCGTCTTCATA-1_larry3,-3.256473756,-4.261214192,MkP 2
TGCCATCTCTGTGTAGAG-1_larry3,-3.528430199,0.461575036,GMP
CATCAATAGAGACCAGCT-1_larry3,3.898950839,-2.568621094,EryP
AACTGATTCTTCCATACC-1_larry3,-1.434030509,2.858252828,GMP
AGCGCATGATAACTCCGA-1_larry3,1.534778857,2.220403974,GMP
ATTCATGTGCTAGTCGTC-1_larry3,0.280673558,1.998978679,GMP
TGCCGAACTGTATGCCTT-1_larry3,3.454135204,-3.494653161,EryP
GCGACCTGTGCAGCAGTG-1_larry3,-0.62901113,3.149995868,GMP
CGATTGAACCATCAATAG-1_larry3,-1.046504474,-1.610158617,MEP
TGGTTATACGACGTAGCA-1_larry3,0.725061612,1.267985289,GMP
TGTACACGACCTAGAGTA-1_larry3,4.403281951,-1.716278369,EryP
TCTTGGTAGCAATTGTCT-1_larry3,-1.727143025,-2.483758862,MPP3
GCACAACTCCACTGCTTA-1_larry3,0.845899889,-0.313684926,GMP
ATGTCCTCCATGCGTGGA-1_larry3,-4.474117493,0.761352604,GMP
CTTCTCATCCCAAGCGAG-1_larry3,2.92599299,-1.960591609,MEP
GAGACTCGAAATCTGACC-1_larry3,-4.193550801,-1.230178709,pre/pro-B
ACTGGTCAGATCACTTCC-1_larry3,3.694372678,-1.569139178,EryP
CCAAGTCGACTATGGATG-1_larry3,2.228376651,0.995199506,MPP3
CTTATTGAGAATGAGTCG-1_larry3,3.13931706,-2.120679552,EryP
AGCAGACAATTCCGCCAG-1_larry3,2.143337631,3.179732626,GMP
GGACTCCTTAAGCTGGTC-1_larry3,2.851975703,-1.816900427,EryP
AGAGGACGTTCTCGTATC-1_larry3,1.593929672,1.758778398,GMP
TTCCGAGCGCGCCTGCAA-1_larry3,-1.074835276,0.169590716,GMP
GGTCGGTCTTTCCAGATT-1_larry3,4.657040858,-2.68589824,EryP
GATAGTTCTACCTGCAGA-1_larry3,2.640569353,-2.212758834,EryP
GGATCGTTCGACTTCACC-1_larry3,2.762925887,-2.573799069,EryP
GTCGACATTTATGTACCT-1_larry3,3.43142798,-1.38701647,EryP
AACAACTGGACTAAGTTC-1_larry3,-1.949503159,2.267432039,GMP
TACCGCGTTGTAGAGAGC-1_larry3,-5.405108189,-1.147056754,MPP4
CCGAATATGCCTTGTTGC-1_larry3,-1.480972504,0.34753937,MPP4
TAGACACGTTGTGTCTAC-1_larry3,0.976129586,-0.852865214,MPP4
CCACGTTCTGGATCAGGT-1_larry3,1.764632368,3.748502081,GMP
ATATCAGCCCACTGTATC-1_larry3,3.257777238,-0.983719404,EryP
TTGATCGTATGATGACAG-1_larry3,-5.578020787,-1.071251686,pre/pro-B
CGGTGAGTCCCGTCAGGT-1_larry3,-0.203971481,1.882609193,GMP
GATCGCACTACGAATCGC-1_larry3,0.078798139,4.068521802,GMP
TGCCTTCAGTTCCAGATT-1_larry3,-1.67500875,-0.211058575,MPP4
CCATAGCCAAGACGCTAT-1_larry3,2.458766723,1.118656104,MEP
ACATCGTCCAGAAGCTGC-1_larry3,4.284196401,-1.469516451,EryP
CCTATTCAATAGAGCGTC-1_larry3,-1.930235362,2.086430614,GMP
GCACGCATTTGATGGACA-1_larry3,-0.984223461,-2.100342328,MEP
CACACTGCCGAGTCGTAC-1_larry3,-1.349603867,0.404399519,GMP
AATCCTCGTGCCGTCTTC-1_larry3,-7.658024049,-3.036292965,pre/pro-B
GCATGTAAGTCTCCGCGT-1_larry3,-2.832898354,1.846229379,GMP
CAGAGCACCCCACAAGGT-1_larry3,-0.41387496,2.195561235,GMP
CTTCACTGTAACTGCGAC-1_larry3,3.405427957,-2.581548865,EryP
ATCTGGTAGTGCGTCTTA-1_larry3,-1.60450933,3.72793371,GMP
GGTAACTACTACGTTGGA-1_larry3,0.239858741,1.27466387,GMP
GAAGGATCATAACGGATA-1_larry3,4.232881808,-2.405938322,EryP
CTCTTCAGCACATTCCAC-1_larry3,3.198550725,-1.802932913,MEP
GCTGTTCGGGGTTGAAGG-1_larry3,-1.243935919,2.142878597,GMP
TGCTGCGTCAGCATTGTT-1_larry3,-5.556384778,-0.722753878,pre/pro-B
TAGTACGTAAATTGGTGA-1_larry3,-1.567088103,-2.278841789,MEP
TGATAGAGGCGGAAGACG-1_larry3,-3.482940888,2.365121667,GMP
ATTAGCACACAGTTGAGT-1_larry3,0.812394703,-0.437218587,GMP
CCGAAGCGTGAGCTCTCA-1_larry3,4.339436793,-1.396348412,EryP
AGCATTGTTCCTGTCGAC-1_larry3,1.641418004,3.60022146,GMP
TATACCACTTCGCTGATT-1_larry3,-0.742203927,-2.981449301,MPP3
CTCTTCAGCGGACTATTC-1_larry3,-0.280912316,2.199787443,GMP
CCAACGGAACCGCAATGG-1_larry3,-0.618182516,5.138736074,GMP
GACTAGCATAGTCGCGAC-1_larry3,0.391177946,0.836553876,GMP
ATCCAATGAGGAAGGTAT-1_larry3,-4.5763695,0.324370866,MPP4
GAGTCGTACGCAGCTTGA-1_larry3,-0.974681473,-0.582196499,MEP
ATTGCCGACCGTTGATCC-1_larry3,2.749703193,-2.257829244,EryP
CTCGCTACGTATGAAGAC-1_larry3,0.31083169,1.857010191,GMP
GCACATGTTGAGACTCGA-1_larry3,0.167307729,3.961593454,pre/pro-B
TAATGTAGCTCCGATCTG-1_larry3,4.497460866,-3.243570025,EryP
TCGCAAGCAAATCTGACC-1_larry3,-0.897050953,-0.506717454,MEP
GAACTCGTATTCTGAATG-1_larry3,-4.296885228,-0.067116107,MPP3
TGCCACCGACCGAAGCGT-1_larry3,0.729959668,1.594280546,GMP
AGATCTTCATCACGACAA-1_larry3,-3.084158873,-4.124184067,MkP 2
CGTACACACGAACATGAC-1_larry3,1.900691176,-0.084216098,MEP
TCCACGTGCCTTCTGAGT-1_larry3,3.533616567,-2.251334603,EryP
CCTATTCAATTGCCAGAT-1_larry3,1.974407101,3.442617004,GMP
GCGGAGATTCAAGTCACT-1_larry3,-0.111794805,2.937534874,GMP
GAGTATCGCACCGTCACG-1_larry3,-2.363084054,-2.700078185,GMP
TGTGTCTACCCATAGCCA-1_larry3,5.084933067,-2.379401858,EryP
CCTTCGAGCCCATACGAT-1_larry3,1.856159592,3.683402364,GMP
ATCCAATGATACGTTACC-1_larry3,-1.747946477,-2.784904416,MPP2
GACTAGCATGAGTGCATA-1_larry3,-1.316503024,5.205127065,GMP
TTAGGAAGGACGGTGTAC-1_larry3,0.573054241,-1.487422283,MPP4
TACAGGACTTGTGAGTAT-1_larry3,1.735953951,1.357071941,GMP
ACAGCGTATTAGATAGCC-1_larry3,-0.861415958,2.67084748,GMP
TCAGTGTTCCAGGTTGTC-1_larry3,3.776541495,-0.479125316,EryP
CGGTGTTACAGAGAGTGG-1_larry3,1.596414054,1.651488845,GMP
CAATCATACGATCTGAAT-1_larry3,0.807175467,-0.030875052,GMP
TGTCGTGAGCTACGTTGG-1_larry3,-0.389378047,-1.299728091,MPP3
GAACTCGTAGACACCGAT-1_larry3,-0.821955299,1.047439997,GMP
TTACTAGTCAGACCACGC-1_larry3,3.816230083,0.883066719,EryP
CCGGTTGAGCACGATAGA-1_larry3,2.970479274,-2.238106663,EryP
CTTATCTCACCGTCCACT-1_larry3,-6.009660458,-1.708181198,pre/pro-B
AGTCAGTTGCCATGATGT-1_larry3,0.292832846,3.165627306,GMP
CGGACAAGTGCGACAACC-1_larry3,-1.531369424,-1.522381003,MPP3
AGCGGTCTACTCAGTGAT-1_larry3,-5.609546876,-2.292281802,pre/pro-B
TAGCGCAGCCTTGTAACG-1_larry3,-2.901694751,-1.374454434,MPP3
CACTGTATCGATGCGGTT-1_larry3,3.176816964,1.764623945,MEP
ACCGACGGTACTCCGTCG-1_larry3,-3.111709809,-4.135617669,MkP 2
CACCTACGCAGCTCTCCG-1_larry3,-1.570175385,-2.404411013,MPP3
GTAGCCTTGCTCCTGACG-1_larry3,5.199968124,1.463084524,MPP3
GCGAACTCGCGCCATTAC-1_larry3,0.554202983,-1.01029777,MPP4
TTGGACTTCCCACACAGA-1_larry3,1.556539023,3.207628553,GMP
GGAAGTATGCCGCATCCT-1_larry3,4.123393798,0.502300923,EryP
GTGTCCGTGCAAGGTGTG-1_larry3,0.745860593,3.198996847,GMP
AAGCTGAGGTACTAGTAG-1_larry3,1.053340519,-0.43713444,GMP
GCCTAACGGGAGATTCCT-1_larry3,-0.245260453,5.73309881,MPP4
CAGTTGAGTCATAATTGG-1_larry3,-7.498872018,-3.032034571,pre/pro-B
GATGTTACAAACGAGAAT-1_larry3,-1.459797597,2.74541003,GMP
GCTATGTAACACCTTCCT-1_larry3,-2.037338948,0.661818867,GMP
TTGATCGTACAGTGAGGA-1_larry3,-1.829262948,1.258121674,GMP
CTTACCTAGAGAGCGCGA-1_larry3,-0.551177716,4.426885908,MEP
ACAACGAGCATGCGCTAC-1_larry3,1.8267627,-0.948896284,MEP
GCCTTAGAGCCTGTATCT-1_larry3,0.724614205,-1.438205297,MPP4
GTAGAAGTTCATCTCGAT-1_larry3,-5.309472775,-1.218843336,pre/pro-B
GATTAGACATTCCGCCAG-1_larry3,-5.928628182,-1.570358689,pre/pro-B
TACGAACTCCCGTAGTTG-1_larry3,-4.5412781,1.697606628,GMP
CAAGAGAGTTGAGAATCC-1_larry3,4.643784309,-4.298924143,EryP
GGTTAACAGAGCACACCT-1_larry3,0.781516174,1.000369136,MPP4
AACTCCATGCCTTGTTGC-1_larry3,-1.843142247,-1.810135062,MPP3
TAGCACTATCACTAGACT-1_larry3,-2.022245383,-1.198318834,MPP4
GAGAACAGGCATTGCAGA-1_larry3,-3.494553304,-0.973519201,MPP4
TCTCGTATCGACGCCGTA-1_larry3,-0.600039458,-1.428912933,MPP3
AGACTTCGTAAGGAACAG-1_larry3,0.173319215,1.276837652,GMP
GTCCACAACCAACGTCTT-1_larry3,4.176808858,-1.724078114,EryP
GGACGAGCACTTCTATGA-1_larry3,0.124568546,2.642642086,GMP
ATTCGAAGAATAGTGGTT-1_larry3,-1.17474029,1.224196498,GMP
TTCACTGGAAAGTACAGA-1_larry3,0.623841917,1.399035518,GMP
AGCTATATGCATTCGAAT-1_larry3,4.228942657,-4.220222886,MPP3
AGCACCAGCCAGTCGGTA-1_larry3,3.424925351,-2.875022824,MEP
ACCATTCACCCTTGTTGC-1_larry3,-0.654232359,-1.499484117,MPP3
CGTGCTTGACTGTGCTCA-1_larry3,2.228762293,-2.074554856,MEP
GAGCAGGAACTCTGCGGT-1_larry3,4.416287923,-3.95477217,EryP
GCCACATGGCAAGCTGCA-1_larry3,-4.72083447,0.451379602,MPP4
GCGTATAGGTGACGGTTG-1_larry3,3.953641439,-2.655356581,EryP
CAGTGCCATACATCGTCC-1_larry3,-1.102456546,0.671857719,GMP
TTCTGCCGATGGTCGCTA-1_larry3,-0.318141377,0.310984676,GMP
TACAGGACTACTAAGTTC-1_larry3,0.720015654,-1.67272907,MPP3
GGTAGCATCCCGTACGGA-1_larry3,-0.847223258,-3.252009327,HSC/MPP1
AGCTCGTCTCAATGCATT-1_larry3,-1.428340649,1.229116147,GMP
GTAGACTCTATAGAGCAG-1_larry3,1.0637519,-0.160306434,GMP
CGACCATCAGTTAATTCG-1_larry3,-1.298424697,2.133203571,GMP
TCTCAGGATCAGCTTCGA-1_larry3,-3.300330853,2.279433315,GMP
CTGACGGATCGTTAATGG-1_larry3,-5.256515717,-1.30770808,pre/pro-B
CTTAGAAGGTCTAGCTGG-1_larry3,4.708383823,-1.696376617,EryP
CCGCAGCTAAGCCAGGAC-1_larry3,-2.067740893,0.340726261,GMP
CACAGCGAAACGATGACC-1_larry3,1.544437909,3.553516214,GMP
ACCGGTTACACTCCGGTT-1_larry3,2.055900002,3.927880113,GMP
TTGCTCTGCCCGGATTGC-1_larry3,-0.428795791,1.860655611,GMP
GATCTAGAGCACATATCA-1_larry3,-1.360104537,2.025936906,GMP
GGAGTTAGCAATCGCCAT-1_larry3,-1.607242799,0.095827346,MPP4
ATCAGTCGATAGCAGAGT-1_larry3,1.27321645,3.158917253,GMP
GCCATACAAAATGCTATC-1_larry3,-4.063774323,1.262739127,GMP
TCCGATAACCTATCTTGA-1_larry3,2.422466779,3.488707607,GMP
CTAGAGTCGGCTCAGCCA-1_larry3,-1.0934026,-3.242454941,HSC/MPP1
TGTGCCATGCTTGTAACG-1_larry3,-0.18693552,3.214457576,GMP
CGTGGTACCCCTTGCTTG-1_larry3,-1.857755875,2.751980131,GMP
GAACCTTCAAGATGAGAT-1_larry3,-0.449500179,-0.167797665,MPP4
TACCGATTGTTCCGCCAG-1_larry3,3.734558845,-2.729125912,EryP
CATCTCACGAGCCACTTC-1_larry3,1.873723889,3.983188455,GMP
GATCTTCGCATCCGTCTC-1_larry3,-1.708330846,-2.844674523,HSC/MPP1
CGCTTGTAGTCACGACAA-1_larry3,3.483594203,-2.59184521,EryP
ACCATACTTTTCCTTGAC-1_larry3,-4.499344086,0.15561143,MPP3
GATGCAGAATCATGCTCA-1_larry3,3.792226577,-1.706788714,EryP
AGTACGAATAGTACGAAT-1_larry3,-0.631355619,-1.556819851,MPP3
TCGCATTCGGTACAATGC-1_larry3,-1.006621218,4.902499979,GMP
GTAGCATACGACTAGCAT-1_larry3,-4.534573293,0.630640154,GMP
TGCGTAATCAGCATTCCA-1_larry3,2.71982553,-1.153867598,MEP
AGAGGACGTAACGGAGAT-1_larry3,-5.273268437,-2.179797347,pre/pro-B
CGGACAAGTTGCCGAACT-1_larry3,-0.882650828,3.561825578,GMP
ACTTGATCTCCGCATCCT-1_larry3,0.767004067,-1.936450298,MEP
TCCAAGTAACGCACTCTT-1_larry3,5.355805659,-0.565613265,EryP
TTAACGTTCGCGCTACCT-1_larry3,-3.099088883,-1.290699835,MEP
AGCTGCACTAACAACTGG-1_larry3,-0.89690361,2.838866298,GMP
CGTCAGCACTGGATTAGC-1_larry3,1.83540442,2.054140394,GMP
TCTCGATGCATGAGGTAT-1_larry3,-4.372243142,1.291115587,GMP
TACGAGTGAGTCGACATT-1_larry3,1.14414134,-0.211436781,GMP
GTGGAGGTCATTGCCGAC-1_larry3,2.164988661,3.204658811,GMP
AGTCATACTAGCCAGGAC-1_larry3,-5.480190015,-0.703086193,pre/pro-B
TGAGTGACTACCAGCGTT-1_larry3,-2.045695519,-3.025302107,EryP
GAACCTTCAGTGTTGGAA-1_larry3,2.31111362,-1.719793136,MEP
GGATTCGTCGGTCTTGCA-1_larry3,4.563730025,-4.561126883,MEP
TATGACCGAAACGCCTAC-1_larry3,5.942338252,-0.337828244,EryP
GATCGATACGTGGACTGG-1_larry3,2.284953737,3.14244086,GMP
CTAGTATAGCGTGTATTC-1_larry3,-1.184675073,1.902678077,GMP
TGCTCACACTGCGTATCT-1_larry3,2.426286841,3.036032503,GMP
CAACCGGTCCTTCCTGAT-1_larry3,-0.78452096,-0.190664398,MPP4
GGTAGTGTTGCGGACGAA-1_larry3,-0.146728253,1.223141973,GMP
CCGTTCCAAAGACGCTAT-1_larry3,-0.064621663,4.036708181,GMP
GGACTATTCCCGCTATCC-1_larry3,4.741805816,-1.758252079,EryP
GCTTCTGAAAGTGAACGG-1_larry3,4.509861493,-2.055842216,EryP
GACTCAGTGGTGTCTGGA-1_larry3,4.859725738,-2.952310259,EryP
AGACATCCATTGTATCAC-1_larry3,3.677908206,-1.762528832,EryP
AAGCAGCATTGGTTATAC-1_larry3,2.480739737,-3.707954581,EryP
ATATCCGATACTCACGAA-1_larry3,2.97655108,2.345722025,MEP
TCAGCGACCGGTAGCATC-1_larry3,3.423964048,-1.345980103,EryP
CACTTGGATTATCGGAAC-1_larry3,3.154667163,-0.876336689,EryP
CTTCTGAGTCACATATCA-1_larry3,-1.893480754,1.899324243,GMP
TCATCTGTCCCGCAATGG-1_larry3,3.746524596,-1.929179604,EryP
AGTCGTCCGGTCGCAGGT-1_larry3,-1.396877265,3.043280428,GMP
TAAGCCATTGCTCTCCAA-1_larry3,5.480078483,0.553410475,MEP
CTCGTTCACAGTACGAAT-1_larry3,-1.806051946,0.118929033,GMP
AGTTCAACCGTGCTCTTG-1_larry3,-2.078572011,1.763888424,GMP
TGTGTCTACCATTGTTCA-1_larry3,3.676375175,-2.662588532,EryP
GACTGCCTGTCCACCTCA-1_larry3,-2.032680726,1.207912867,GMP
ACGTAGTATTGATCGGAA-1_larry3,-0.361591077,2.339558666,GMP
ACCTGTACCCACCTTCCT-1_larry3,2.817283416,-1.086616213,MEP
GTCGTGTTAGTAATCAGC-1_larry3,0.094814086,4.01850683,GMP
TGTCAACCTATCACTTCC-1_larry3,6.137088561,-3.087575848,EryP
CCTGCTCCACATTCCGAG-1_larry3,-4.879433369,2.401198452,GMP
TGAGAGGACCGCGTGAGA-1_larry3,-3.683528161,0.046778743,MPP4
GACTAGCATGAACTGCAA-1_larry3,2.960047031,-1.326452787,MEP
AGTCGCGACCACTTCCTT-1_larry3,-1.038557505,-3.269713814,HSC/MPP1
AACGCCTACTATAATCGC-1_larry3,-1.974503493,-1.201443369,MPP4
ACAAGTACATAATTCGTG-1_larry3,-1.391528344,-1.094308789,MPP4
CCAGGAGTTGATTGGAAG-1_larry3,0.223338241,3.912369077,GMP
TTCCAGATTCCAATGCCT-1_larry3,-0.223170554,4.093839471,GMP
ATCCACAGTACAACCGGA-1_larry3,-5.963751054,-1.54042917,pre/pro-B
TAACGTGTCATGCTCACC-1_larry3,-1.896896815,0.699118559,GMP
TGCGATACTTGTGGACAA-1_larry3,-0.258973753,3.073592489,GMP
TGCCAATGGAGGATTACT-1_larry3,-1.465249753,0.121560817,GMP
GATGCAGAATTCATCCAA-1_larry3,-0.805999851,4.869317834,GMP
GCGTTCAGACTTATCTCA-1_larry3,-3.903837418,1.597811763,GMP
GCCTTCCATGATGCTCCT-1_larry3,3.455428863,-1.609739835,MEP
CTATTAAGGCTTGGATCA-1_larry3,0.039061928,1.691763346,MPP4
GCGTATAGGGCCACGAGT-1_larry3,2.47066989,2.64899308,MPP4
GCTGTTCGGCGAACAATC-1_larry3,-1.199377632,2.148811166,GMP
TCCAGCAGCCGAACAGAG-1_larry3,2.038793826,0.780125206,MPP3
TCGGACAGTAGAGCCGCA-1_larry3,-5.46512196,-1.712960298,pre/pro-B
GCTGGTTCGACCACGCTA-1_larry3,-5.557816243,-1.552981789,pre/pro-B
CGACCTGTACTAGACATG-1_larry3,2.640927696,0.906785314,MPP3
AAGCTTGCAAGCGGTAAG-1_larry3,-0.537035322,3.199880903,GMP
GTATTACTGCCGATGTTC-1_larry3,-1.151965475,2.520679777,GMP
TTCCTGCTAGAGCTCTCA-1_larry3,-5.289713597,-1.775674159,pre/pro-B
CTATCTTGACCAAGCGAG-1_larry3,-0.609632349,2.864665334,GMP
CCAAGCGAGCCGTAGTTG-1_larry3,-2.305498576,-0.341756842,GMP
CCTCGACCTTAATGTAGC-1_larry3,0.842692906,1.026466911,GMP
AGTCCAGTGCAATCTCCG-1_larry3,3.354018474,-3.458877499,EryP
CGAGTAGCAGCGCATTAC-1_larry3,1.973907375,3.627713745,GMP
CTTACATGCGAGTCACCA-1_larry3,-1.771353936,1.798530881,GMP
TAGTGCACTACTTCTTGG-1_larry3,-1.683216309,2.939541881,GMP
ACCGGAGTATTCCTGCTA-1_larry3,-1.39374659,-1.503381665,MEP
GCTTCTGAACAGTGCCAT-1_larry3,3.018763566,-2.261441643,EryP
GATGCGACGTTCTCCACA-1_larry3,3.596525216,-2.774010832,EryP
CAAGCTGCAAATGTGCGT-1_larry3,3.541839624,-3.029241259,EryP
GTGCATCAACGTTAATGG-1_larry3,3.345421577,-2.403807814,EryP
TATGCCTTCGAGTCTTCG-1_larry3,-0.478396988,5.579818552,GMP
TAGGTTAGTCTTGTAACG-1_larry3,-0.657142138,-0.006763751,GMP
TTGGTAACTCTGTCTAGT-1_larry3,1.790049458,1.945734327,GMP
TTGAGCTCTAAGCTGGTC-1_larry3,-0.085793233,0.613099997,MPP4
GCCTTATCTCGTAATGAC-1_larry3,4.585249925,-2.538181002,EryP
ACATTCCACCCTGTTAGC-1_larry3,-2.172185159,-0.396580647,GMP
GTGTCACACCACGTCATA-1_larry3,1.459975028,3.379628723,GMP
CAGTTACTGCATTGTTCA-1_larry3,-5.863489842,-1.847482259,pre/pro-B
TTATCGCACTCACGCGAC-1_larry3,0.315613741,2.213281457,GMP
GCGTGAGCTAGGATTACT-1_larry3,4.944953704,-2.097453649,EryP
AATACGTCTGATCTACTT-1_larry3,3.836315417,-2.838631327,EryP
GCTTCACTCTGGAACTAA-1_larry3,-0.030107772,2.928579395,GMP
GCATGTGGTCCATACGAT-1_larry3,-0.787107086,-2.556132014,MPP3
TCTGTGAAGGAACAACCA-1_larry3,3.558108592,-1.772175248,EryP
GATGCAGAAGCATGTAAG-1_larry3,1.256779754,-1.003072197,MPP3
TCGAATAGAGTGGAGGTC-1_larry3,-0.126499808,2.028470819,GMP
TCCACGTGCGACGCTTGC-1_larry3,-2.768918013,-2.297163899,pre/pro-B
TGGACGAGAGTGCGTTCC-1_larry3,0.142350221,0.66985101,MPP4
TATTCAACGCACCTCGGA-1_larry3,-0.707613563,5.826957052,GMP
GGTTAACAGGAACAACCA-1_larry3,4.562821651,-4.384948428,EryP
GCCATTAAGAAGGATCGT-1_larry3,0.590239243,0.427146499,GMP
TTCCAATTCCCACATTAG-1_larry3,-1.333012199,5.076116388,GMP
CCTCGCGTTCTTAACAGC-1_larry3,0.877093131,-0.166165064,GMP
GAACATGACAACAACTGG-1_larry3,0.420554781,4.107039278,MPP4
ACAGTATTGACAGAGATG-1_larry3,-4.335670209,1.330858057,GMP
ACGCTAGTGGCCACATGG-1_larry3,-0.045793807,1.533970182,GMP
CCTCTCTAGCTCTAAGAG-1_larry3,-2.529475427,-3.168821986,MkP 1
ACCGTCACGTTCGGAGTC-1_larry3,4.197312617,-2.46660393,EryP
TCTATTAGGGAGATACAC-1_larry3,-1.264572358,2.606689279,GMP
CATAGTATGCAGTCTAAC-1_larry3,5.618614459,-0.338924235,EryP
ACTGGTCAGGGATTCGTC-1_larry3,-1.760489201,-0.510560329,GMP
TACCATGTAACGGTGCCT-1_larry3,4.606698775,-4.519927676,EryP
CCTATTCAACTGGTAATC-1_larry3,-1.017800188,1.522227352,GMP
GCTGAGCAGTGAAGACCA-1_larry3,-5.662168717,-1.224735315,pre/pro-B
ACTGGTGCTGATGTAAGG-1_larry3,3.322581077,-5.190595801,EryP
AATGAGTCGCACTTGGAT-1_larry3,3.163245464,-0.912061508,EryP
CAGGTTGTCCTAACCGGT-1_larry3,-3.839351868,1.56206507,GMP
TATGTACCTCAACGTCTT-1_larry3,6.615655208,-2.134624059,MEP
ATCCAGCTGACCACGCTA-1_larry3,-0.221806085,2.8794995,GMP
CTGGACTAAGTGCGTTCC-1_larry3,4.292307878,-3.307910855,EryP
TGAGTTAAGAACGAGAAT-1_larry3,-0.827426052,2.396536415,GMP
TGAACTTGCCATATGCGA-1_larry3,3.151089931,-1.220673437,EryP
CCGTTCCAAACTCTCACA-1_larry3,0.080347681,2.553474491,GMP
AGTCTGGAATGTGTCTAC-1_larry3,-5.455709195,-1.498446996,pre/pro-B
CATGGTTACCATCGCTGG-1_larry3,5.607811713,-2.436596568,EryP
TTCCAGGAGCATGGTTAC-1_larry3,5.284886623,2.132668083,MPP4
AACGCATTGACACGTTGC-1_larry3,0.934342498,0.855909531,GMP
ATCCGACCACCGTCCACT-1_larry3,3.412670636,-3.14935034,EryP
GCGACAACCGTCAATACA-1_larry3,-1.085459924,-0.005061443,MPP3
CACAGCGAAGCTTCTACG-1_larry3,0.943174923,2.044506376,GMP
CATCTCACGTCCATCATT-1_larry3,-1.020978069,3.217948978,GMP
TATGGTTGGCGTGTCCGA-1_larry3,-5.82480309,-1.941008742,pre/pro-B
AGCTTGGTGAGTGAACGG-1_larry3,-0.738422131,3.128908937,GMP
TCACGACAACTCAGTGAT-1_larry3,2.945336366,-1.988188441,EryP
TCAGTAAGCTGTACACGA-1_larry3,-5.714146828,-2.240261967,pre/pro-B
GCAGCTCTTTCTCATCGG-1_larry3,3.514100099,-0.22097336,EryP
AGCACCGTGAGGTCCGTC-1_larry3,3.109023833,-1.267719324,MEP
TGAACCAATACACTAACG-1_larry3,-0.600644564,2.90871412,GMP
AGTATGACGTGGTGGTAA-1_larry3,-1.693455672,-0.885622973,MPP4
AAGAGAACTGTAGCTACA-1_larry3,-0.784813142,2.165453737,GMP
GCGTCGTCTCTACTGTCA-1_larry3,4.857140804,-3.499395783,MEP
TCGTCATTCGTTAGTCAA-1_larry3,2.448561335,0.735059445,MEP
TTACACCTTACACTAACG-1_larry3,3.484234357,-0.385280098,EryP
CGATCCAGAGGTTGCTAT-1_larry3,3.18982079,-3.332415039,EryP
AGGAAGGTGTAGCCTTGT-1_larry3,-4.314466691,0.967740243,GMP
CTATGGATGGAGATTCCT-1_larry3,-1.971932149,1.778431003,GMP
CTGTACGACAACTAACTG-1_larry3,2.428375149,-3.458810503,MEP
GTCTCTTCAAGTACGAAT-1_larry3,-1.127998566,1.134957259,GMP
GAGTCACCAGTCCTAGTT-1_larry3,0.068484271,5.842238252,MPP3
GTTAATTCGGAGATTCCT-1_larry3,1.821972037,3.590534275,GMP
CAGTCGGTACGAATGAGT-1_larry3,4.912745738,1.227094357,MPP2
TCACAGGTAAACCATGGT-1_larry3,2.142537618,3.316452091,GMP
CATCAATAGCATCCACCG-1_larry3,1.577648544,1.986572807,GMP
GACCTTGTGCGTCATGGA-1_larry3,4.300970817,-1.29948705,MEP
CGAATCCTGGATGCGGTT-1_larry3,4.966699386,-1.59928077,EryP
AATAACTCCTTGTATCAC-1_larry3,3.765375638,1.302902167,MEP
AATTGGATCGGATAGTCA-1_larry3,-0.409751987,1.57240588,GMP
CAACGTCTTCGCAACCTC-1_larry3,2.692189956,-2.464170868,MEP
AATAACTCCTGATAGAGG-1_larry3,0.787217552,-0.611781861,GMP
ACCGTCACGGAATTCAGT-1_larry3,3.785236144,-3.161698277,EryP
TAATCTGGACTTGCGACC-1_larry3,-1.720818019,-1.996574099,MEP
CCTTAATTCGAGATTCCT-1_larry3,2.574580693,-3.362736399,MEP
TGTATGTAGTTAGCGTCT-1_larry3,5.45925405,1.475431745,MEP
GCAGATCCGGACACGCAA-1_larry3,-1.06189034,3.009995525,GMP
TCATCATCTCCATAGCCA-1_larry3,-1.815544581,-0.406584519,GMP
CGAGTAGCAAGAGAGTGG-1_larry3,3.896272206,-1.737015898,EryP
TATGTACCTACCATGTCT-1_larry3,0.482908005,1.919581478,GMP
CCTAAGTCTTAATCTGGA-1_larry3,4.865958953,-1.723995383,EryP
GACGGACTACAACTAATC-1_larry3,2.672298217,0.291268115,MEP
GCTACAATGTGCAGTTCA-1_larry3,-1.523573375,-1.290098722,MEP
AGACTTCGTAATCCGCTG-1_larry3,0.919315899,-0.815259035,GMP
TGGAGAACCTGAGTGACT-1_larry3,1.025466794,-1.360605652,MPP3
GAGATTCCTGATGCTCCT-1_larry3,-1.573835587,1.589477484,GMP
CATTGTTCACTTCCGTGG-1_larry3,-1.031035757,3.321268385,GMP
TAACGGATAGTAGTTGGT-1_larry3,-1.643592334,-0.207520599,GMP
TAGGATGCCCGAACAGAG-1_larry3,-0.765049553,0.903331702,GMP
TGTACACGAGGATTCGTC-1_larry3,0.538390623,-3.649664576,MPP3
CTCCTATCTCCAGTACTC-1_larry3,2.333074355,-2.892368014,MEP
AGCTACTCAAATATCAGC-1_larry3,-0.067712045,1.136106079,GMP
TGTAACAGTTGCAGTTCA-1_larry3,-1.54347012,1.56497783,GMP
AAGGTGCTGCAGCTAGTT-1_larry3,4.519049907,-1.150698001,EryP
TAGACCTACTGCGACGTT-1_larry3,3.695296312,1.356131618,MEP
ACGCAAGATGCAGATCCG-1_larry3,0.086335862,-2.537374909,MEP
ATCCACAGTCCAGTCTCA-1_larry3,-1.813831305,-1.176174934,MPP3
GCATACATGCACCTTCCT-1_larry3,3.726460481,-2.518607314,EryP
CGGTTCTATGAGAATCAG-1_larry3,1.465046311,3.887677019,GMP
TGATGACAGATGACACAA-1_larry3,4.094822669,-2.754746373,MEP
TACGAACTCTTACACCTT-1_larry3,-2.067478871,0.004773294,GMP
CGTGCCTATTTACACCTT-1_larry3,-0.428461408,4.998558824,GMP
TAGCTAAGAGAGGTGAGC-1_larry3,-0.932621217,1.087732737,GMP
TACCAGCCAGTCGTGTTA-1_larry3,-4.557373738,-1.494973953,pre/pro-B
CCTGACCTCTTAGTCGGA-1_larry3,0.111822093,1.350322192,GMP
TACAGGACTCGACCACTT-1_larry3,-1.622382378,2.432956522,GMP
TATGTACCTTGAAGACCA-1_larry3,3.319918418,0.201472645,EryP
TCAATGGACGATTCTCGG-1_larry3,0.39066782,1.619843071,GMP
TCCAAGTAAACGACGATT-1_larry3,3.307988668,-2.405036147,EryP
CCACGCCATTCACCGAGG-1_larry3,3.544090533,-0.005210097,EryP
GTATGCCTTTGCGTGCCA-1_larry3,-5.513039327,-0.735198761,pre/pro-B
TATAATCGCTTAGATCGG-1_larry3,-1.899607158,-2.031048114,MPP3
GAAGAGCACGTCGAGTAC-1_larry3,4.148134971,-2.007443483,EryP
TTCCTAAGGTACGGTCGT-1_larry3,-0.339606559,3.022028749,GMP
CAAGTACGAAAGGAAGTC-1_larry3,1.068076098,0.548044925,GMP
CGTGCCTATAATCTGACC-1_larry3,0.246133739,3.025297229,GMP
ACCGGAAGGCCGTTCCAA-1_larry3,1.138393784,-0.462185467,GMP
CCATTCTGCATCGTAGTG-1_larry3,-3.239427304,2.581170862,GMP
TCCAATCATATCGTAGTG-1_larry3,-1.244723534,1.908963268,GMP
TAGTCAGACATCTAGGTT-1_larry3,1.840976739,3.526675527,GMP
GATAAGCTGGATTCCTCT-1_larry3,3.534665132,1.641572182,MEP
TTGGACTTCGCGACAACC-1_larry3,-0.369271135,5.160472696,GMP
GGTACGAGCTAGGATGCC-1_larry3,2.518100286,0.605868225,MPP3
AGTTGAGCGGGTTCAGAC-1_larry3,-2.539083695,-3.314211066,MkP 1
TAGAGACTAGTATACAGA-1_larry3,-1.966945863,1.763057773,GMP
AGATATGGAATACAACCG-1_larry3,1.228725755,1.90259177,GMP
AGAGCCGCATATTGACTG-1_larry3,-2.473834491,2.071795766,GMP
ATTCTCTGGTATCGAGCC-1_larry3,3.393001342,0.676654761,MEP
ATATGCAGCTACTCGACC-1_larry3,0.261746341,-1.598985727,MPP3
AGGTACCAATACTTACCA-1_larry3,2.609336758,1.009583061,MPP3
CCATGATGTGAGGTGAGC-1_larry3,-0.11111114,1.806076114,GMP
ATGCCTGTCACGTACTGC-1_larry3,-5.697914815,-2.008275921,pre/pro-B
ACGACATCTAGGTACCAA-1_larry3,-0.545076942,1.973305528,GMP
GACATATGTTAGTGATCC-1_larry3,3.63185885,-0.116077985,EryP
GCCATACAATCGCAAGCA-1_larry3,2.799428725,2.835330551,MPP4
AACTAACTGTGTCCATAG-1_larry3,-5.707896924,-2.297187264,pre/pro-B
AAGGAAGTCAACGCATTG-1_larry3,-3.021696305,1.780791824,GMP
TGGACTGCCAGACGCCTG-1_larry3,2.353883887,-1.789649422,MEP
ATCACCGCACAGAGCACC-1_larry3,2.290252948,-2.054907377,MEP
TGGTAACCACCTTGCTTG-1_larry3,-7.510224557,-2.90483063,pre/pro-B
CTCGCAAGAAGCACACCT-1_larry3,0.75797558,-1.425267394,MPP4
AATGCGTGCAGCGGAACA-1_larry3,-0.595331645,1.071872537,GMP
ACATTCCACCTAGTTCCA-1_larry3,4.226938033,0.466932778,EryP
TGATCTCGGCTAGACATG-1_larry3,-1.392006135,-1.753698046,MEP
CAGGAGCCTGCTGGTAAC-1_larry3,2.106771851,1.535287087,GMP
CTTACATGCAGTCAGTTG-1_larry3,5.059007907,-3.128923113,EryP
GCCTAACGGCACTAGACT-1_larry3,0.368998492,1.800714319,GMP
GAGATACACAGCATATGG-1_larry3,0.266413444,0.486163263,MPP4
GCTCAGCCATCCATCATT-1_larry3,0.211557651,0.356439774,MPP4
CCGTTAGACGTTGACCAT-1_larry3,4.026180291,0.900434797,EryP
GAACAACCATGTAGGTTA-1_larry3,-1.923511243,-1.139814551,MPP4
AACGAGGTGGAGTCACCA-1_larry3,0.461993867,-3.956469948,MEP
GAGCAGGAACCGCAATGG-1_larry3,-1.442274785,-2.456536467,MPP2
TGCTCCTCCGGTTACGCA-1_larry3,1.249374175,1.999291246,GMP
TTCACTCCTGTGCGAGTA-1_larry3,-4.747858262,1.841295068,GMP
GTCACAGAGAAGGAAGTC-1_larry3,4.648882175,-2.462147171,EryP
CTTAAGTTGGAGTCCAAT-1_larry3,-2.627478576,-3.356345112,MkP 1
TGCCACCGACCAGCCAAT-1_larry3,2.108985329,-2.307860787,MEP
TCCGATCTGCCTTAATTC-1_larry3,0.923270726,2.395957534,GMP
TGTTACTGACCGACGTCA-1_larry3,0.585864076,2.314451521,GMP
TGCTGCGTCTCTAGCTGG-1_larry3,-0.950869536,-3.393044169,HSC/MPP1
ATAGCACGGCTTGGATCA-1_larry3,-1.45805738,-1.569611723,MPP3
CGACGTACGAAGCCACAC-1_larry3,0.291193271,1.626444881,GMP
CAAGAGGAGCCATCACGA-1_larry3,2.849355006,-3.845698531,EryP
ATGAACTAGTCTAGCTGG-1_larry3,-0.527982092,0.282129412,GMP
AGTATGACGCGGTAGCTT-1_larry3,-1.051129556,4.505510156,GMP
GAAGAGCACGTGGACTGG-1_larry3,3.276611352,-0.914588268,EryP
AGTGAACGGACTCCGTCG-1_larry3,-2.603916621,-3.374379094,MkP 1
GATGCTCCTAGGAATTGG-1_larry3,0.888615588,2.665667121,GMP
ACGCACACTACTGTAATC-1_larry3,1.837354326,-0.730061973,MPP3
TGAGTTAAGTGCAGCCTT-1_larry3,1.791085863,3.792618578,GMP
GCACTGGATATTCGAAGA-1_larry3,-2.545976138,-3.328189309,MkP 1
GAGGTGAGCCCTGTCGAC-1_larry3,2.786674524,-1.583942707,MEP
GCAACACCTTGCTGCGTC-1_larry3,4.931205058,-2.944002802,EryP
ACCGTCACGCAGGATCAA-1_larry3,4.361482406,0.20576716,EryP
GGTTCGCAAATCACCGCA-1_larry3,-7.421217179,-3.033242638,pre/pro-B
TCTAGGATGTTACGCTCG-1_larry3,2.171875262,-1.864968474,MEP
TAAGCACTAGACGTCAAT-1_larry3,2.192673826,-2.608604844,MEP
ACTCCAACTATCCGACCA-1_larry3,0.286851758,1.105530684,GMP
CCACCATGCTCGTAGGAA-1_larry3,0.710192056,2.802211587,GMP
CAAGTCACTCCTCTTGTA-1_larry3,-0.530559397,3.23240072,GMP
TCAGTGCAATAATGTAGC-1_larry3,3.582112813,-3.288664038,EryP
CGACCTGTATACAGGACT-1_larry3,-4.551871514,0.77864701,GMP
AGCTTCGATGACTGCCTG-1_larry3,2.053839111,3.621881549,GMP
CAAGCGCATAGAGGACGT-1_larry3,-1.670598245,-2.684994156,HSC/MPP1
GTACCTAACGATATGGAC-1_larry3,3.700015569,-3.013010914,EryP
CCATGATGTGCACATGTT-1_larry3,-2.058317399,-2.56971019,HSC/MPP1
GATATATCCAAGGATCGT-1_larry3,-1.998020148,1.7999211,GMP
CATCTCGATTACATGCAC-1_larry3,-1.364601111,-2.457092936,MPP3
CAGAGCACCCGTCTGTCC-1_larry3,3.288542772,-1.38107651,EryP
GGAAGTATGTCCGATAAC-1_larry3,0.707679296,-1.412551696,MPP4
TCTTGGTAGAGCCACTTC-1_larry3,0.842104697,-0.09599712,GMP
TGAGTTAAGTATGTATGC-1_larry3,1.770284081,1.967796152,GMP
CTATGGATGATAATGTGG-1_larry3,-5.683280206,-1.476292307,pre/pro-B
CTACGGTATGTAGTTGGT-1_larry3,-2.194074607,1.197081988,MEP
GATTAGTGTCAGTTACTG-1_larry3,0.507477799,2.468576257,GMP
CTCTCAGTCTCGCTGTAA-1_larry3,-1.19460175,4.630528276,GMP
AGATACGTTATGCCTGTC-1_larry3,-0.717685556,-1.020260508,MPP3
TGGATAGGTAGTACGAAT-1_larry3,-1.594253754,2.47940213,GMP
TCGTAGGAAAACGCATTG-1_larry3,3.789423013,-0.596932436,EryP
GCTCAGCCAGTCTGAGCC-1_larry3,4.237918163,-3.004921372,EryP
CAGCCGCAACGTACACAC-1_larry3,-0.152620947,-2.122994239,MPP3
CGATACTCTTACGACTTG-1_larry3,1.455857241,0.521235292,MEP
GAGATTCCTAGAGCGGAG-1_larry3,-0.433742261,-1.150877471,HSC/MPP1
TAGTGATCCTATGATGTG-1_larry3,1.457081878,1.688791339,GMP
GTCACAGAGTCACCGAGG-1_larry3,1.823678398,1.14874727,GMP
AGGTCCGTCACCGTACGC-1_larry3,6.339290404,-1.775542195,MPP3
GTACAATGCGTTGATGCA-1_larry3,2.91078713,2.479577606,MPP3
TCCTGAGACTCGGATGTT-1_larry3,-1.47351954,0.447627072,GMP
CAACGTCTTAAGCTGGTC-1_larry3,3.536141181,-1.777015622,EryP
GCAGCGATATGATTGTGC-1_larry3,-3.418721413,2.402324026,GMP
AAGGATACGATCAAGCAT-1_larry3,-0.227161801,-0.564762379,MPP3
AACGCCTACGGTAGACAT-1_larry3,-2.101570344,1.495091503,GMP
CTATTCCGTCGCGAGTGT-1_larry3,3.046290898,-1.440156515,GMP
TGTCGTGAGGGTAGACAT-1_larry3,-2.47609446,-3.033843691,MPP3
AGTAAGCCAGAGTTAACT-1_larry3,-0.649788833,0.199598347,GMP
ACCGATCGATTACACCTT-1_larry3,0.008172,0.468000953,MPP4
TTCCATACCGCGATATGA-1_larry3,-1.482737279,0.544575398,MPP4
GAGCTCTCAGTGCTCTTG-1_larry3,-3.116424537,-4.229747469,MkP 2
CGGAAGACGCGAAGAGGT-1_larry3,-1.254163837,-2.737037594,HSC/MPP1
GCCACATGGACAATTCGG-1_larry3,-2.89331696,-3.983408625,MPP2
CAGTCGGTACCGCTATCC-1_larry3,-1.874976849,-1.891536887,MPP3
GGAACTGCTCGAGCTTAC-1_larry3,-2.334614968,-0.990864868,MPP4
ACCGCTGTGAGGTATTCC-1_larry3,0.802522519,-1.198282297,MPP3
GACAGGTTATAGTTGACG-1_larry3,-0.366819358,2.070546215,GMP
GTAGAGAGCTTCCGAGCG-1_larry3,1.40602895,1.825186794,GMP
TCCACCTCAGTTGCTCAG-1_larry3,0.62468311,0.887980287,GMP
GACATATGTGGTGATAGG-1_larry3,0.750797616,-1.560303862,MPP3
AGCCAGGACGATACCGGA-1_larry3,-2.082236743,0.219118958,GMP
ACGCGACAGATCATGTTC-1_larry3,0.366223329,2.785210435,GMP
CCAAGTCGAACAGGAACT-1_larry3,2.405113006,-2.036232884,MEP
CTAGTTCCAGTACGTCTA-1_larry3,1.026297653,-1.66678148,MEP
TTCCAGGAGCCGCTATCC-1_larry3,-4.032560563,1.479288762,GMP
TCGTGACGTAGTTCAACC-1_larry3,2.271977925,2.656774824,MPP4
AATCCTCGTAGTTCAACC-1_larry3,4.914480472,-3.298269923,EryP
ACGTATGTCATTCCGTAC-1_larry3,-0.940120792,-3.344482834,HSC/MPP1
GGTGTTCATACAGAAGAG-1_larry3,1.762177611,3.772264307,GMP
GTACGTCTATCCAGCTAT-1_larry3,2.230932856,-1.241510744,MEP
ATAGTCAGTATGCAGTTC-1_larry3,3.539466167,-1.422271426,MEP
GTAACCATACATATGTCG-1_larry3,1.839511061,3.890638177,GMP
CTGACGGATGTCCTAGTT-1_larry3,2.234033013,-0.591882284,MPP3
GTACAATGCCCTATTGGT-1_larry3,0.477530459,0.804675167,GMP
TATCACCTGAGCGTCGTC-1_larry3,-0.731833076,-2.695196087,MEP
GGAGTTAGCCAGTACATC-1_larry3,-0.521887636,-0.302804359,MPP3
AGTCCAGTGTTGCCGTAG-1_larry3,1.692512298,1.397551601,MPP4
GTCCACAACGGAGCATCT-1_larry3,4.257537866,-1.470635827,EryP
TGTGAGTATTTCCTTGAC-1_larry3,-0.006811654,2.785932844,GMP
CGTTAATGGTTGATGAGT-1_larry3,1.82143774,2.187251155,GMP
GCAGCGATACCATATGCC-1_larry3,4.174671436,0.566555862,EryP
AACACACTCATGGTTCGA-1_larry3,5.086066032,-3.734567578,EryP
GACAGGTTATATGAAGAC-1_larry3,-1.955461001,-0.135735581,MPP4
GTAATATCGGGAAGAAGC-1_larry3,-2.147922969,1.885797565,GMP
CAGTATGATGCTATGTAA-1_larry3,-0.867851472,1.162636464,GMP
CGCTTATGAACCACTAGG-1_larry3,-5.780155873,-1.602166469,pre/pro-B
GCTCTGTGTCACTTCCTT-1_larry3,-4.459181523,0.574450498,MPP4
GCCGAACCATCTCATCGG-1_larry3,-4.214704728,1.246668403,GMP
AGATCTTCACTATAGCTC-1_larry3,1.691267395,-1.204423959,MEP
CATGACGTTCCACTTCGC-1_larry3,0.168153757,3.313450878,GMP
TGTCACATATAGTAGTCT-1_larry3,5.610365176,1.230107133,MEP
TCACTCGCTGATTAGTGT-1_larry3,-4.440926766,0.287109261,MPP4
GTGTCACACGCATACATG-1_larry3,1.038961494,2.358120267,GMP
CCAATGCCTCAGATCGAC-1_larry3,-5.750111794,-1.37171107,pre/pro-B
AGTTAGGTCACAATTCGG-1_larry3,-0.03164432,2.627964323,GMP
CTAACACTGCCGTTCCAA-1_larry3,0.554986948,-1.953246648,MPP3
TACTTCCAGTCCTGTGGA-1_larry3,3.031324172,-3.257161076,EryP
TCTTAAGTGCAGTCTAAC-1_larry3,0.204995239,1.797716205,GMP
AGGTACCAAGTGAACCAC-1_larry3,-2.181075787,1.909239118,GMP
GCGTGATACCCACGAAGG-1_larry3,4.203151012,-2.690448697,EryP
GCTGAGCAGGCTGACAGA-1_larry3,-0.856032586,-1.841624434,MPP3
CAGTCCTAATTCAACTAC-1_larry3,-4.444389081,-1.428163226,pre/pro-B
GAGCATACACTGCTTAGG-1_larry3,5.307393336,-0.911107058,EryP
AGACCACGCTCGTACCTT-1_larry3,-0.568302131,2.724282091,GMP
TTCCGCCAGCACTGCTTA-1_larry3,1.29195925,2.096808736,GMP
GAGATGTATCTTAACAGC-1_larry3,0.68052998,2.177420681,GMP
ACTCGTAGGTTGCGAACA-1_larry3,1.802813673,-0.872084076,MPP3
CTGCATGTTACCGTACGC-1_larry3,1.572367692,2.705566471,GMP
GATGTTACAGATCGTTGA-1_larry3,-6.603452897,-1.849376376,pre/pro-B
AAGAGAACTGACAGGTTA-1_larry3,4.337619329,-1.892896588,EryP
ACTAAGTTCACTCTGCTC-1_larry3,-2.042800641,-0.759866531,GMP
GATATATCCATCATTACG-1_larry3,3.872164035,-2.095157201,EryP
GCAATGAGAACATTGACA-1_larry3,-1.5242872,3.556509082,GMP
GTTAGAGACATAATGTGG-1_larry3,3.796936774,-1.675998504,EryP
GATGCGGTTGATCTGAAT-1_larry3,-0.563503957,-0.681150342,MPP3
AATTAGAGGACCATGTCT-1_larry3,1.124105627,0.780342405,GMP
TCCGGAGCTATGGACGTT-1_larry3,5.354028011,-0.693863864,EryP
TTCCAGGAGAGCGGAACA-1_larry3,2.479929114,2.731535976,MPP4
CGGAAGACGAATACGTCT-1_larry3,-0.856103992,-0.480355556,MPP4
TGGACGAGAATGTCCTCC-1_larry3,1.044615859,-0.368738013,GMP
CATGTCCTGAGGTATTCC-1_larry3,-1.660082078,1.264557426,GMP
ACCGACGGTACAGCGTAT-1_larry3,-5.101258492,-1.700225766,pre/pro-B
CGAATGAGTACGTCTATG-1_larry3,1.274818742,1.842233484,GMP
TCGCAAGCATCCTCTAGT-1_larry3,1.328676486,3.037384098,GMP
ACGACATCTATCCGACCA-1_larry3,-1.626147246,0.434977119,GMP
AGGATTGAGGCAGCAGTG-1_larry3,3.611986184,-2.9017505,EryP
GGATACCTAGCAGCAGTG-1_larry3,-3.465684628,0.010458355,MPP4
CTACGTTGGAAGGTGCTG-1_larry3,1.585596407,1.965428417,GMP
ATCGATCCTTAGCCTTGT-1_larry3,4.40199759,-1.885925348,EryP
AGCACCGTGAAGTCATGA-1_larry3,-1.421128011,3.240099971,GMP
CGATAGGTGCGGTTGCGA-1_larry3,-0.702365613,1.780775611,GMP
GGAGCATCTCGTATCGAA-1_larry3,-2.912822461,-3.794137652,GMP
CCATGCGTCCCGAGCTGA-1_larry3,-6.962521767,-2.403256829,pre/pro-B
GATTGGAAGCGAGCTTAC-1_larry3,-0.668871498,3.358748739,GMP
GTATCGTCGGGAAGGTAT-1_larry3,2.066781306,3.663688486,GMP
GCACCATCGCGAACAGAG-1_larry3,3.948520446,-2.662694867,EryP
TGGAATCGTAAGGATACG-1_larry3,-5.769169545,-1.544794018,pre/pro-B
CGTGGTACCACGACGATT-1_larry3,1.690874958,3.084872072,GMP
TTCCAGATTACACACGTC-1_larry3,-1.01143775,1.464466279,GMP
AGCCGTTCTCTCGACTGC-1_larry3,-1.552904105,2.39011318,GMP
CCAACAACAACATCGTCC-1_larry3,-0.516936636,-2.242654974,MPP3
GCCTTGTGACCGGATTGC-1_larry3,1.834345246,1.043668811,MPP4
GTAGTGGAGCTGCGTCAC-1_larry3,-0.327665603,5.279838388,GMP
GTGGAGGTCCGTGCAAGG-1_larry3,2.067435527,3.374581401,GMP
ATCTCTGCTCTCCTGACG-1_larry3,-2.566322064,-3.318422015,MkP 1
CGATACTCTGATCTGAAT-1_larry3,4.267423654,-1.801858957,EryP
CCGTAGTTGAGTGTGCAC-1_larry3,-4.339520192,0.981931036,MPP4
TGAACGGTTTTGTCAACC-1_larry3,5.734048152,2.894416397,GMP
CAAGCTGCAGGATAGTCA-1_larry3,0.474464351,3.168300932,GMP
TCACATACTTAACCGTGA-1_larry3,1.332532132,3.38348419,GMP
CCGGTTCTACCTGTCGAC-1_larry3,4.334897781,0.140884702,EryP
CGTAATGACTGTCGTGAG-1_larry3,3.290782714,0.025025164,MEP
GGTGAGCGTGTCGCAGGT-1_larry3,1.593632484,1.703756516,GMP
CAGTTGAGTCTCGAACTG-1_larry3,-5.484441495,-2.601212676,pre/pro-B
TATAATCGCGCGTATAGG-1_larry3,3.593919063,-0.404737281,EryP
TGTGGTCCTGTCCGCTCA-1_larry3,3.212542558,-0.043791021,MEP
CTCGAACTGACGACAGTC-1_larry3,-0.821991539,-2.472920115,MPP3
GAATCAACCGTGGATAAG-1_larry3,5.601588512,3.071831529,GMP
TCGCTGTAAAAGACTGGT-1_larry3,4.753669524,-0.512127618,MEP
CCTCTGCATTGTGTAGAG-1_larry3,-1.362666821,0.321152155,MPP4
ACAGGTATCGCATACATG-1_larry3,1.319448972,3.609191959,GMP
GAGCCGTTAGTAATATCG-1_larry3,-0.144262528,3.04036886,GMP
TGAACTTGCGAGCCATCC-1_larry3,1.079897577,-1.418178971,MPP4
TCGATTCAGCGTCATGGA-1_larry3,-0.347191071,1.674014275,GMP
GTGCATCAAATCAGAAGC-1_larry3,-1.822932458,-2.139720137,MPP3
CCTCCTTGTTGTGCAGTA-1_larry3,-1.286618686,2.404379909,GMP
ACGAGAGCAGAGATTCCT-1_larry3,-1.056163406,0.678831821,GMP
GGACAGATTCGTTACACC-1_larry3,-0.92911849,3.022849863,GMP
TCAGTGCAAAACAACTGG-1_larry3,-0.832047319,3.167810505,GMP
CTGAGATAGTGATGACAG-1_larry3,-0.51835165,1.782472198,GMP
CCTGTTAGCACCTCCTAG-1_larry3,3.709975028,-2.245403225,EryP
GAGTCACCACTCCACGTC-1_larry3,-1.595128512,-1.945242102,MPP4
GTATCGTCGATTGATTGG-1_larry3,4.384411836,-1.416362817,EryP
CTCTCGATAGCACTGGAT-1_larry3,0.751664536,-0.243850062,GMP
GTGGACTGGGGAGCTCAA-1_larry3,2.455242419,-2.766942913,MEP
TCAGAGTCACCATAGCCA-1_larry3,-1.088889694,2.672355001,GMP
AATATCAGCGTCGTCGAC-1_larry3,-1.012579059,-3.108527834,HSC/MPP1
TCGGACAGTTTCTCCACA-1_larry3,-0.998990989,2.651251619,GMP
CTGTACGACCCAGGAGTT-1_larry3,4.87691524,0.833181803,MPP3
TGTCCATAGCGAGTAGCA-1_larry3,3.397720361,-1.354971344,EryP
GTCTTCATACAGTATGAT-1_larry3,3.399655366,-4.060735638,EryP
CCTTAATTCTCCTTCAAC-1_larry3,-4.464641785,0.210838621,MPP3
ATGTGAGACGAACTATGG-1_larry3,-4.420073247,1.117461984,GMP
GTCAGCGTCAGATATGGA-1_larry3,0.082451844,4.166023557,GMP
TAGGAGCTACCACGCCAT-1_larry3,-0.267533994,0.743558233,MPP4
TGCTTACGGAACTGATTC-1_larry3,1.128798986,-0.31822922,GMP
TCATGCAGGGAGGACTTA-1_larry3,-3.028409219,-4.109084065,MkP 2
AGTAACGTACTGAGTCCA-1_larry3,-0.116501844,2.488899772,GMP
CGGTGTTACTCAGGACTG-1_larry3,-0.025953686,1.834119861,GMP
AACTTGTCGAGTGATGCG-1_larry3,0.123441303,1.957575624,GMP
GCGATATGATACATGCAC-1_larry3,5.350217605,-1.95563596,EryP
CGACCACTTACCTGTACC-1_larry3,0.868968436,2.336273973,GMP
GCAGCAGTGCTTCCGGTA-1_larry3,1.036929304,-0.60297739,GMP
CGTTGATCCTCACACTGC-1_larry3,-0.524811959,3.494951313,GMP
GAACAACCACAGTTACTG-1_larry3,1.939389253,-1.595479901,MEP
ACTCATTCAACGCACACT-1_larry3,0.982921803,-0.204075846,GMP
CACGTAGACTACGAACTC-1_larry3,-0.591036415,0.404341226,GMP
ACCATTCACCTTAACAGC-1_larry3,2.424772763,3.630592411,GMP
CTGTGCTCACGCAATCGA-1_larry3,1.593339944,3.183867042,GMP
CTACTGTCAACAAGTACA-1_larry3,2.727859283,-1.302787955,MEP
AGCGACACCTCACTACGT-1_larry3,-4.264831757,1.1081757,MPP4
CCTGTCATTGACGCTTGC-1_larry3,-1.195439672,-2.641039069,MPP2
TAGTCGCATCGAGCTTAC-1_larry3,-0.512389636,0.959086006,MPP3
TCCTGAGACAGCCAGGAC-1_larry3,0.070150936,2.790103977,GMP
CCACGCCATCTTAGAAGG-1_larry3,-2.052545285,-0.193294304,GMP
TCCAACGTGTTAGATCGG-1_larry3,1.892460847,2.967615669,MPP4
ACTATCCTGCCATTCTGC-1_larry3,1.998977328,3.126324241,GMP
AGCGGTCTAATACTTGCT-1_larry3,3.616954112,-2.35831445,EryP
AACGTCGAGCCGATCAGC-1_larry3,3.828682685,-2.513116295,EryP
CGATCCAGACGGTGTTAC-1_larry3,2.269746447,3.645186489,GMP
CAGTCTAACGCGTAACAA-1_larry3,-6.635771489,-1.788201625,pre/pro-B
AGCATTCCATTAACGTTC-1_larry3,-0.414308882,-1.400101001,MPP4
CAACACTCCTGTCTACAC-1_larry3,4.198756004,0.564850276,EryP
TCTATGACAGTTAGTCAA-1_larry3,-2.468363738,-2.828713114,MkP 1
CCACTTCGCATACCGCTT-1_larry3,-0.698293423,-1.431414659,MPP3
ATAGTCTCCTTAGCGTCT-1_larry3,5.92651155,-2.471781428,EryP
GCTGGTTCGTGCGACGTT-1_larry3,-5.583834386,-1.702123697,MPP4
CTCTAGTAACTCCTATCT-1_larry3,-0.076000905,-1.39362591,MPP3
TATGACCGAACTTCGCAG-1_larry3,2.549586797,2.908060854,MPP4
ATGTCGCCTCTGACAGCA-1_larry3,5.074607158,3.286872451,GMP
GTGCATCAAAGTTCAACC-1_larry3,4.288718724,-2.60033601,EryP
TGGTCTACGCTGATGCAC-1_larry3,2.146476293,-0.456447462,MEP
AGTAGAGGATCACACTGC-1_larry3,-4.064438557,1.547470157,GMP
AGCGGTAAGCTATGGATG-1_larry3,4.388037944,-1.685150559,EryP
GGATTCGTCGGATAGTCA-1_larry3,-4.175438142,-0.970593328,GMP
GCGCTTCTCTCGGTATCA-1_larry3,0.538291456,-1.242097433,MPP4
AAGGATACGCGTTCGTAC-1_larry3,4.089434409,-0.75278389,EryP
CGTGAGACTATAGTCAGT-1_larry3,-1.294171309,0.770351713,MPP4
CTATTCCGTCATAGGTGT-1_larry3,-0.005472219,2.84696347,GMP
TGTCACATAGAGTCACCA-1_larry3,-0.241218662,4.009769743,GMP
CCTTCGAGCAGACCAGCT-1_larry3,-0.942817783,-3.279950077,HSC/MPP1
CGCCACCATAGCTGCACT-1_larry3,1.080031061,0.059429919,GMP
ATCAGTCGAGAGATACAC-1_larry3,4.144257331,0.657850509,EryP
CACATGTGCCGTTCCATT-1_larry3,0.462615186,3.495542352,GMP
CTTCCTGATTCGTTCTCC-1_larry3,2.553922916,-1.259832735,MEP
GAAGAGCACAGAAGTCCT-1_larry3,2.639812136,0.377098148,MEP
GCAACCAACGAAGAGCAC-1_larry3,0.847625607,-1.160722608,MPP4
TGTGTAGAGTAGATAGCC-1_larry3,-3.141872144,-4.2241556,MkP 2
ACAGCGGTCAGCAAGTCC-1_larry3,3.009770656,-0.855986769,EryP
CGCATAACTTGAGTTAAG-1_larry3,4.308826947,-0.574179615,EryP
GGTCCTGGTATGTCGCCT-1_larry3,4.192191148,0.653858607,EryP
GTGCGAGTACGATAGGTG-1_larry3,-1.928490853,-1.171267266,MPP4
GCCGAACCAGACTTGATT-1_larry3,-3.57058928,0.192586725,MPP4
ATGTCGCCTTCTCGTATC-1_larry3,4.212000632,-1.582909758,EryP
AACTTGTCGATTAGCGGT-1_larry3,1.28290906,3.38439328,GMP
AGCAGACAACCGTAGTTG-1_larry3,-5.906452393,-2.024329717,pre/pro-B
GATCGCGAATTGAGACGG-1_larry3,-0.219148314,4.626848524,GMP
GTCACAGAGGGAATTCAC-1_larry3,-7.493274903,-2.953723843,pre/pro-B
CGTGTCCGACCACATTAG-1_larry3,4.146123672,-2.259006436,EryP
TCCGATCTGTCGGATGTT-1_larry3,3.994064117,-3.285209353,EryP
ACACCACATGCGGTAAGT-1_larry3,-4.521441674,0.421602373,MPP4
ATCCGACCACAATGTGCT-1_larry3,-6.645166135,-1.862330253,pre/pro-B
CCACGTTCTGCAGCAGTG-1_larry3,-2.514179921,-3.191101963,MkP 1
TCCTGAGACGCCAACAAT-1_larry3,3.869927669,-2.494149859,EryP
GCGACACAGGATCGCACT-1_larry3,4.310081744,0.245466774,MEP
GTCTTATGCCTATTCCGT-1_larry3,3.870347285,-2.695276434,EryP
CTAGGTACTAGATACGTT-1_larry3,-4.882157063,2.072228258,GMP
CGACAGGAAAACGCTCAA-1_larry3,-1.722107625,-0.623424406,MPP4
AGGTGTACAACACACGTC-1_larry3,-5.67663548,-1.119331355,pre/pro-B
AACTAACTGCCTATTGGT-1_larry3,1.334872627,1.730886285,GMP
AGCGGAACAGCGAGCAAG-1_larry3,-2.151154494,-1.38493746,MPP4
ATAGCACGGCCAGATCAC-1_larry3,-1.855035281,3.243617122,GMP
ATGTGAGACCGTGTCCGA-1_larry3,3.844203019,-2.048791344,EryP
TGTCGTACAGATTGGAAG-1_larry3,2.977300668,-2.046389515,EryP
TAACTCCGAGCCTTGTGA-1_larry3,-4.404659486,1.117592518,GMP
TTAACGTTCAGCATTGTT-1_larry3,0.1851879,2.685979908,GMP
ACTCTGCTCTTAGGAAGG-1_larry3,-0.817493415,-3.291098292,HSC/MPP1
GGATTACGCAGAATCAGA-1_larry3,2.34013989,1.54059655,GMP
CCACGCCATTGTCGTACA-1_larry3,-0.769834733,1.00557441,GMP
CACCAGAAGATAATGTGG-1_larry3,4.160561347,-1.802660758,EryP
GCGATGGTGTGCCTGGTT-1_larry3,3.897635722,1.087111538,MEP
TGCAGTCGGATTGATCAC-1_larry3,-0.800814009,3.353315179,GMP
GTCACTATGGAGATGTAT-1_larry3,0.380047167,0.693015878,MPP4
CTTGTAACGGCAGATCCG-1_larry3,-0.474977469,2.958638733,GMP
CGCTGTAGTATTCCGTAC-1_larry3,-1.42941401,3.279156511,GMP
GCCTTATCTCATAGAGAT-1_larry3,2.8483248,-1.340387399,MEP
CCATTCTGCTATGAAGAC-1_larry3,-6.296178555,-2.488063986,pre/pro-B
TGGAGAGTGTGCCAATGG-1_larry3,-1.228206134,0.41265208,GMP
ACTCGCTGTACTCCAACT-1_larry3,-1.999868131,0.456913655,GMP
CACTTGGATCAACTAATC-1_larry3,-2.616436457,-3.327296669,MkP 1
AGTTGTGTAACGAGAGCA-1_larry3,-0.685351467,-0.155877004,MPP4
GTGGTTACCAGATGTTGG-1_larry3,-0.017242348,3.148999279,GMP
GATCGATACTAGACCTAC-1_larry3,3.337113643,-5.278753455,EryP
AACCATGGTGATTCCTCT-1_larry3,2.616189504,3.069774931,MPP4
ATGATAGCTAGTCCAGTG-1_larry3,3.826105857,-2.041717942,EryP
CTAGTCGTCAAGCAATCG-1_larry3,3.087635064,0.408902769,MEP
TCCGATCTGGGTTGAAGG-1_larry3,0.619803706,1.881955926,GMP
TGCCAGACGCGAATGAGT-1_larry3,-0.858407593,2.829050367,GMP
GCTGAGCAGGGTAAGTGA-1_larry3,-0.93344543,1.903876607,GMP
GGTAAGGATCCATAAGTA-1_larry3,-6.029664254,-1.040251131,pre/pro-B
CAGTAATGTAACGCATTG-1_larry3,-5.447849965,-0.638678188,pre/pro-B
ACGGACCATAGCCGTTCT-1_larry3,-1.122607922,1.8842395,GMP
CTGCTGCTTCGACAGACC-1_larry3,4.191310191,0.603095477,EryP
AAGCAATCGCAGTTGAGT-1_larry3,1.309479618,1.945980136,GMP
TGATTCACCCCATATCTT-1_larry3,-1.722496009,-0.044770117,MPP4
GTCGCAGGTCGTTGATCC-1_larry3,-2.113083577,-2.603391344,MPP3
CAAGTCGAATGTCCATAG-1_larry3,4.617347026,-1.43687504,EryP
TTCTCCACAATCAGGATG-1_larry3,2.736773515,0.29779995,MEP
CGCGAGTGTGCAGCAGTG-1_larry3,-1.632346606,2.706290071,GMP
ACCGTACGCTGCAGTCGG-1_larry3,-1.810080743,0.176793133,GMP
TTACAGTGTATCGAATCG-1_larry3,-3.493956303,-1.089028354,MPP4
CTTCCGTGGACGTCGCTC-1_larry3,4.509133363,-4.289154942,EryP
AGGTCAGCATAGTAGTCT-1_larry3,-1.832065797,-0.565769221,GMP
TAGGTCAACAACTCCATG-1_larry3,0.678405985,-1.724224026,MPP3
ATCTCGAACGATCGCGAA-1_larry3,-1.790744042,3.593988006,GMP
TTAAGTGGTCTTAAGTTG-1_larry3,2.408034945,2.828163688,GMP
GTTCAGAAGCACGATAGA-1_larry3,4.753205085,-1.652121956,EryP
GATAACGTCCGAATCCTG-1_larry3,2.921219134,-0.72130471,EryP
GAGATTCCTGCTGAGCAG-1_larry3,0.835806766,-0.067213337,GMP
TTCCTGCTAGTATACAGA-1_larry3,3.956081176,-2.500621016,EryP
GTAGAAGTTACGTTCAAT-1_larry3,-0.644419288,-2.846685584,HSC/MPP1
AGTATGACGTGCGACGTT-1_larry3,3.827183509,-1.430435235,MEP
TATGATGTGGAAGTGTGA-1_larry3,-2.063914513,-1.14646631,MPP4
TGGATAGGTGAGAATCAG-1_larry3,3.950745845,0.875773494,EryP
AGATGTTGGTGAGTTAAG-1_larry3,-0.483067608,1.142408912,MPP4
GGAGCATCTGATCTGAAT-1_larry3,-1.411537623,3.452317779,GMP
CACACTGCCCACTGGTCC-1_larry3,4.58355763,-4.407906229,EryP
TACAACACCGGAGTACAG-1_larry3,-1.764949059,4.449758356,GMP
GCTCAGCCATAGAGACTA-1_larry3,1.420639241,1.826237028,GMP
TGCCAATGGGACTTGATT-1_larry3,2.74246862,2.093285863,MPP3
ATAAGTTCGTATGATGTG-1_larry3,3.810235524,-3.16823333,EryP
GGTAGCATCGCCGAACCA-1_larry3,-2.667229152,-3.878408606,MPP3
TATACCACTCAACTAATC-1_larry3,0.26064753,2.942740982,GMP
CAAGGTGTGACAGGAACT-1_larry3,-5.490370488,-1.36748534,pre/pro-B
AGAAGAGTCGGATCGTTC-1_larry3,0.647528977,-0.860632474,MPP4
CCGCTATCCGATACCGGA-1_larry3,-0.188527858,-1.828825529,MPP3
TCCTTCGTACCTGCAGAT-1_larry3,0.193156892,1.768295353,GMP
TATCCTCAGATACCGCTT-1_larry3,-0.785414553,-1.280935223,MPP3
AGGAGCAATTCTAGGATG-1_larry3,3.714137817,-1.55915683,EryP
GTTACTACTCCTGTCGAC-1_larry3,-4.011272645,1.517374938,GMP
AGTCATACTCCGTTCCAA-1_larry3,-2.501973367,-1.351278717,MPP3
CTACCTGCGGAGGTCCTT-1_larry3,-0.346819973,3.021804159,GMP
TGGTCCTAGAATCAGGAG-1_larry3,4.4033921,-3.127538855,EryP
ACATTCCACCCTTATCCG-1_larry3,-1.084855771,1.81907398,GMP
GTAACTCATTATACGGAT-1_larry3,3.001865411,0.03053457,MEP
TAGAGCCAGCCATGCGTC-1_larry3,-0.429017043,3.341352527,GMP
TGCAGTCGGAGTACTCTC-1_larry3,2.778514409,-1.775857742,MEP
AGTCATACTAGTCCGTGT-1_larry3,-0.931254721,1.144485061,GMP
TACCTCCTCTTACAGTGT-1_larry3,-1.646795726,1.673450892,GMP
AATTGGATCTAGTTGACG-1_larry3,1.739966059,0.872082536,MPP4
GTTCACTCCATGATAGCT-1_larry3,1.883408213,2.064342325,GMP
CTCGACGATTCGTACCTT-1_larry3,-0.573677397,3.020349329,GMP
CACGACTCACAGTATGAT-1_larry3,-0.009624696,2.405811136,GMP
CACACCACACACACTGCC-1_larry3,-1.719891047,-0.913691397,MPP4
TCCTGTCCGGGTGTGACC-1_larry3,3.570399785,1.59690172,MEP
AACGGTAGCAGCGCATGA-1_larry3,-0.349646544,1.992618148,GMP
CTGGTAATCCCTTCGAGC-1_larry3,4.219355607,-2.672577794,EryP
CAAGTCACTCGTTAATGG-1_larry3,-1.836962199,-1.069270546,MPP4
TAGACACGTCACGTCATA-1_larry3,-2.126950717,-1.385391409,MPP4
TGCCGCTACCTGGACACT-1_larry3,3.284227157,-2.372636731,EryP
ATCCGTCTCCTGGACTAA-1_larry3,-1.30241642,1.998777931,GMP
CATTCCGAGATAGCTTGC-1_larry3,-6.097352242,-1.225111003,pre/pro-B
CCTCTCTAGTGCAGCCTT-1_larry3,-1.909799552,-1.239306087,MPP4
CCGGTTCTAAGTTGCCTT-1_larry3,-2.064821458,-2.218003685,MEP
TCGACGTTGTGTATGTAG-1_larry3,2.369706178,-2.074155862,MEP
TAGGTTAGTTACACGGTC-1_larry3,-0.150518989,3.969975298,GMP
TTGCAGTCAGTCTTATGC-1_larry3,2.955517554,-1.570542152,MEP
ACAACGAGCCAGATCATT-1_larry3,-2.357674336,-0.890365298,MPP4
CGGAGACTTGAGTGCATA-1_larry3,-1.546224809,1.498226945,GMP
TTCTGGTGCGGTTCAGAC-1_larry3,3.280233646,1.912099426,MEP
ATTCTCTGGTGATTGTGC-1_larry3,-3.125629639,-1.256002123,MPP3
ACCGGAGTACATCTCACG-1_larry3,-0.526281571,1.451730197,GMP
AAGACGAAGGCGTCGTCT-1_larry3,4.18768003,0.700487201,EryP
TAGCAGAGTCCATGATGT-1_larry3,1.158973837,-0.569278504,GMP
AGATATGGATCAGACAAG-1_larry3,-1.568052029,0.13058651,GMP
AGGAGGTGAGATTGAGTA-1_larry3,-2.280487752,-2.979634221,HSC/MPP1
ACCTTGAAGTCCAATCAT-1_larry3,1.671991611,-2.438908036,MEP
ATTAGCACAGGATACAAT-1_larry3,-5.767650342,-1.35002845,pre/pro-B
CGTGTCCGATACGACTTG-1_larry3,4.365398193,-1.831777389,EryP
GCAATCACGACTCGCTGT-1_larry3,-1.976165271,-0.100962336,MPP4
ACGTCTATGACCAGCGTT-1_larry3,1.54954114,1.958326404,GMP
CAGATCATTGCACATGTT-1_larry3,5.031920695,1.342701857,MPP3
ACTCATTCAGATCTGTTC-1_larry3,0.434760893,0.643245642,MPP4
GACCGCTTCCCGTCCACT-1_larry3,4.220435643,0.465319519,EryP
ACAATAGGTCTTACCTAG-1_larry3,-0.245609021,2.677721565,GMP
CATCCAGGATATACGGAT-1_larry3,2.166271353,3.687789266,GMP
CATCGAAGCATGCTTCAG-1_larry3,-0.74653635,0.005368685,GMP
CTGGACACTGCGCTTCTC-1_larry3,-0.90626595,-2.802559073,MPP3
GTGTTCCAGATAGCCTAA-1_larry3,-0.865879273,-0.062197144,MPP4
CCATCACGATTGAGCTCT-1_larry3,1.585029268,3.618372743,GMP
CAACGCACAGCAACTCGC-1_larry3,4.142158771,-1.389021928,EryP
TGGAGAGTGACACGTTGC-1_larry3,-1.290075755,6.282824342,GMP
CGCCTGCAAGTGCTAAGC-1_larry3,-0.579497075,2.184873169,GMP
CGTGCCTATGGATCGTTC-1_larry3,2.766738677,2.8585797,GMP
GTTGACCATGCCTAACGG-1_larry3,-1.700300908,-0.531269694,MPP4
GTACTCTACGCGCTTCTC-1_larry3,-1.919581151,-1.590629036,MPP3
GGTACGAGCCCTCTTGTA-1_larry3,-1.97664473,2.962144678,GMP
CTTGCACAACTTAGAAGG-1_larry3,-4.168585515,1.43026871,GMP
ACATTCCACAATCAGGAG-1_larry3,3.996123815,0.626216357,EryP
GCTGAGCAGACTCATTCA-1_larry3,4.630349422,-2.591491158,EryP
AATCAGGAGAATGCTATC-1_larry3,1.672919655,3.788346593,GMP
CGTCATGGATTCTCCACA-1_larry3,0.933388853,3.151315992,GMP
TGTGGTCCTCGCTGTAGT-1_larry3,1.947116637,0.903230374,MPP4
TGTCTACACACAACGAGC-1_larry3,-1.155693149,2.314348047,GMP
ACAAGGTACAGTGAGAGA-1_larry3,-4.009831166,1.447530692,GMP
ACTCATTCATCCAATCAT-1_larry3,4.244038844,-3.272332604,EryP
CTTGGTCATCTGGTCGGT-1_larry3,-0.280518985,2.789778535,GMP
GAATTGTTGATGAGGTAT-1_larry3,2.605015659,2.503793304,MPP4
ACTGCTAGTGTCAGCGTC-1_larry3,3.933326507,-1.668303425,EryP
AATCTCCTACCGAATATG-1_larry3,-3.567265248,0.414962416,GMP
GCCGTCTTCTAGACCATG-1_larry3,-5.367277837,-0.493172626,pre/pro-B
GTCCTTCATCAGTAATGT-1_larry3,-5.602331853,-1.03967833,pre/pro-B
TGACCTCCTCTAGTATAG-1_larry3,-0.825426912,0.994098609,GMP
GGAGAATGAGTTGCTCAG-1_larry3,-4.346869683,0.042136614,MPP3
GTCAGTTGTTTCCAGATT-1_larry3,3.397735381,-1.39243644,EryP
CGCAATCGAACAAGGTAC-1_larry3,0.994945818,-1.686292822,MPP3
CATTGCAGATCGGTATCA-1_larry3,-1.313912964,-0.106255199,GMP
CTCGCTACGGCGCTCTAT-1_larry3,2.769063735,-3.166397507,EryP
TCAGAGTCAGTTATCGAT-1_larry3,-1.796955561,1.181323116,GMP
GCTTAGAACTCACAGGTA-1_larry3,5.16242578,2.748902147,GMP
GTGTCACACGAGGTCCTT-1_larry3,-0.257887876,5.282965963,GMP
CATCCTCTCGCCGCTATC-1_larry3,3.988904023,-1.402234847,EryP
GTCGAGTACTGGTGCCTG-1_larry3,2.521309519,3.133999651,GMP
TTGATGCTGCAGTCTAAC-1_larry3,4.65401175,-4.393434699,EryP
ATCGATCCTGGATGCTCG-1_larry3,-0.243045664,2.815473383,GMP
GACGTTCAGTTGATGCTG-1_larry3,-1.252317047,1.517225211,GMP
GTGGTACGGTTACGGACC-1_larry3,-2.197695947,1.064859097,GMP
AGCCGGATCCGAATCCTG-1_larry3,-2.170426345,2.033298557,GMP
ACACATCTGAGACCACGC-1_larry3,0.858472073,-0.086385111,GMP
AGGAGCAATGCAGCAGTG-1_larry3,3.234542394,-0.062071259,MEP
CGCAACCTCCGTGCCTAT-1_larry3,0.069912279,2.135300462,GMP
AGCTCGTCTACCGTACGC-1_larry3,-0.924716687,-0.403459678,MPP4
TATCTAGGTGTCCACAAC-1_larry3,-4.652846074,-1.29949897,pre/pro-B
GTAACCATAGTCGACATT-1_larry3,0.859785104,-1.374936278,MEP
ACACACCGTGAGGTGAGC-1_larry3,3.013758922,-2.161115224,EryP
GACATATGTGATAGTTCT-1_larry3,-1.426747298,3.145120924,GMP
AGCGGTAAGTTGCCGTAG-1_larry3,-3.761284089,1.719673936,GMP
TACCTCACTAGCATTGTT-1_larry3,2.243864441,1.671812837,GMP
TGTAACAGTTCTGCGCTG-1_larry3,-2.048869824,-0.229215841,MPP4
AGGAAGGTGTCATGCTCA-1_larry3,-5.588377213,-1.119800205,pre/pro-B
ATCTCGAACAACCATGGT-1_larry3,4.683645988,-4.316440279,EryP
CTTCCGTGGTTCCTCGGT-1_larry3,-0.998759723,2.771093433,GMP
GAGTGTGCCCCTACTAGA-1_larry3,5.430465961,2.731339042,GMP
ACGAGAGCACTGTCTAGT-1_larry3,-1.347114301,0.553945963,GMP
CCTCTGCATCCGAGTACT-1_larry3,0.072444523,2.451510494,GMP
GCAACTCGCCGTGTATTC-1_larry3,-1.950602984,1.960662906,GMP
TCATCTGTCGTACAATGC-1_larry3,3.905582929,-2.292642529,EryP
CCAAGTCGATGCCACCGA-1_larry3,-1.441648698,1.824701135,GMP
AGGATGCGTCGCCATTAC-1_larry3,2.465065622,-1.38932162,MEP
CCACAAGGTACTATCCTG-1_larry3,-1.833491301,-1.853713567,MPP3
ATCAAGCATACCATTCAC-1_larry3,-0.224443114,2.777755086,GMP
GAAGTGTGACCAGTCTCA-1_larry3,-1.664578891,3.657894914,GMP
TATCATGCTCTGTGGTGG-1_larry3,4.185552383,-2.705888207,EryP
TAGTACGTAGATGCAGAA-1_larry3,-1.128050303,2.098069255,GMP
TCCTGTGGATCCATCATT-1_larry3,2.254423404,-1.618231709,MEP
CGCACTCTTTGGTGGATC-1_larry3,-0.740221834,2.442945545,GMP
CGCCACCATAGGATGCGT-1_larry3,-0.427074408,-0.371089007,MPP4
AGGATCATGCTCAGTGAT-1_larry3,-4.407109475,1.146338408,GMP
TGTCCATAGGAGGTCCTT-1_larry3,4.451760316,-1.640011365,EryP
ACAAGGTACAGGATTGAG-1_larry3,-5.86451838,-1.568782861,pre/pro-B
GGAGTTAGCGTAGTTGGT-1_larry3,4.353759313,-1.277206654,EryP
AGTGAGAGATCAATCTAG-1_larry3,4.418582463,-1.260659392,EryP
GTGACGTAATGGTCGCTA-1_larry3,-0.15625689,1.567596738,GMP
AGCCACTTCAACTTAGCT-1_larry3,4.530270839,-2.692890341,EryP
TTCCAATTCATGTGAGAC-1_larry3,3.391523624,-2.631249602,EryP
ACTCTAGGAGCTTCTGAA-1_larry3,-2.458971,2.475568597,GMP
TACAGTTAGGAGTGCATA-1_larry3,-1.851844525,-0.810545738,MPP4
GGTACGAGCATGTCGCCT-1_larry3,5.152006412,1.107594078,MPP3
GCACGCATTAGATCTTCA-1_larry3,2.529502058,-1.815935666,MEP
CCTGCAGATAACCATGGT-1_larry3,-4.255127644,1.325183337,GMP
CGTACACACTCTATTAGG-1_larry3,1.982341314,-0.195801432,MEP
ATCATGTTCTCCTCTAGT-1_larry3,4.689653659,-4.534474547,EryP
CACAATAACCTCGACGAT-1_larry3,0.814023966,-1.282956953,MPP4
CGATCCAGAACGCTAGTG-1_larry3,-1.196480012,5.735801046,GMP
AGATATGGACATCTCACG-1_larry3,0.336471343,2.081703727,GMP
GTGATGTGCAGGATTGAG-1_larry3,4.141014123,-2.368624384,EryP
CGGTTGCGACCATTCTGC-1_larry3,0.887141252,-0.570609446,GMP
CGAGCTTACCATTCGAAT-1_larry3,-0.643467283,0.183086847,GMP
TGAGTTAAGTGCCGACTA-1_larry3,-2.140392041,0.440292482,GMP
GGTGCGTAGCACTACAGG-1_larry3,4.407895351,-1.253933067,EryP
GACACGCAACTACTGTCA-1_larry3,1.458515191,-1.216032083,MEP
CGGAATGCAGCAACTCGC-1_larry3,1.942740345,-1.030726368,MEP
AGATCGAGTTGCCTTCAG-1_larry3,4.729910636,1.1156655,HSC/MPP1
TTCACTGGAACATGGATT-1_larry3,-0.602271056,4.936130827,GMP
GGAAGGTATAGAGCCGCA-1_larry3,-0.368501401,1.779431408,GMP
CCAATATACGCCGCCTAA-1_larry3,-1.059130168,2.474131172,GMP
CTTCGACTGCGTGTGTGG-1_larry3,1.879620218,2.602319067,GMP
AGCGGAACACTGTAGAAG-1_larry3,0.820694783,-1.952171142,MEP
CAAGCTGCAGCTGGTTCG-1_larry3,-1.623822427,1.263803904,GMP
TTACCTCTCATTCTCTGG-1_larry3,3.619367385,-2.773417647,EryP
CAGCTCTTCCCATAATCG-1_larry3,-0.389282441,1.124078934,GMP
AGAGAGTGGTGACTGAGA-1_larry3,-1.945661521,-0.901749308,MPP4
GCGAAGCTCTTCGGAGTC-1_larry3,-5.598491883,-1.67846113,pre/pro-B
TTCCAGATTTCCAATCAT-1_larry3,-0.461501813,-2.181538637,MPP3
AACAATGCACGGAATGCA-1_larry3,5.342362666,-0.632086213,EryP
CGACGTACGATGGAGGAA-1_larry3,4.464022184,-1.015146489,GMP
CATGGTTACCGGTAGCTT-1_larry3,2.836827779,2.535032575,MPP3
ACGATGGAAAGGTCACGT-1_larry3,2.749699855,-5.282122786,MEP
AGGTCACGTGCTCTCCAA-1_larry3,-0.365965581,2.836016243,GMP
CCACTGAAGTCCAAGTAA-1_larry3,1.586442316,3.270630186,GMP
TAGTAGTCTACTCCGTCG-1_larry3,-0.898272729,5.570405786,GMP
AGAGAGTGGACTTCAGTA-1_larry3,-1.686657643,0.373799567,GMP
CAAGTCACTCGTAATGAC-1_larry3,-1.383866763,1.154169386,GMP
CATGGTTACAAGGAACAG-1_larry3,-5.519569611,-1.719078476,pre/pro-B
GACCAGAGAAACTTAGCT-1_larry3,-0.895709252,3.232695882,GMP
TGACGATGATGTGCCATG-1_larry3,2.13593545,-1.710732515,MEP
CAGCTTACCAGGATTGAG-1_larry3,6.490992809,-2.821663315,MEP
TATTCAACGAGCCAGGAC-1_larry3,2.964436555,2.416914289,MEP
GTCAGCGTCTCGAACGCT-1_larry3,-0.458336806,2.73950011,GMP
TCACGCGACGTCGAGTAC-1_larry3,-1.029228544,-1.111490424,MEP
GTAACAGTCATGCCTTCA-1_larry3,-1.99691627,-0.211402173,GMP
GCGGAGATTGCAACTCGC-1_larry3,5.159927154,-0.821654494,EryP
ACGTACTGCTGCGCACTG-1_larry3,0.100658202,0.068034475,MPP3
GGTCCTGGTCCGATCTCT-1_larry3,-1.8526232,-2.621760781,MPP3
GTTGCATGGCATTCCGAG-1_larry3,-1.410381532,2.819470947,GMP
GCTAGCTCCACATGGATT-1_larry3,4.397068048,-1.74544769,EryP
TGCGCTGCAATATGCAGC-1_larry3,-2.854199385,-2.303515131,pre/pro-B
GTGCTCTTGCAGTATGAT-1_larry3,2.659996772,-2.353054459,EryP
TTGAGCTCTTATGATGTG-1_larry3,5.143105769,1.357719247,MPP3
GCGAACTCGCGAAGAGGT-1_larry3,-2.444727874,-3.087811167,MkP 1
GGTCTCATGCGCGTGAGA-1_larry3,-5.551881528,-0.950129206,pre/pro-B
TCCAGAACGACTGTAATC-1_larry3,3.793326402,-2.502874548,EryP
TTGGACTTCGTTAGATTG-1_larry3,-3.375230527,0.816554849,GMP
GTTAATTCGCCTAGCAAT-1_larry3,2.119753981,-3.266577418,MEP
CTTGCGACCCTGGTCGGT-1_larry3,-2.291767573,-3.121560032,HSC/MPP1
GTGTCCGTGCTACGGTAT-1_larry3,-0.66337738,0.023345207,GMP
GCTACCGAGTGAACCAAT-1_larry3,-1.366463399,1.491547053,GMP
ACCACTAGGGCTTAGAAC-1_larry3,1.73347249,-2.274114187,MEP
TCCACGTGCTCAGGTGCA-1_larry3,-1.574928021,2.913279359,GMP
CACTAGACTCGATTGAAC-1_larry3,3.92633965,-1.07158571,EryP
CGAACAATCTACTTCCAG-1_larry3,4.55036881,-1.863842065,EryP
GTCAAGATCCTCAGGTAC-1_larry3,-4.261145806,0.946786945,MPP4
GTAGCTACAGCAGCAGTG-1_larry3,-4.654547906,0.577214782,MPP4
GACGCCGTAAGTGGAATG-1_larry3,4.135223174,0.731695597,EryP
AGCGTCGTCTAGTTGACG-1_larry3,-2.077620005,1.903971975,GMP
AGCCTCTAGATCGGTGGT-1_larry3,-0.991078353,2.001931732,GMP
ATGGACGTTTCTATGACA-1_larry3,-1.512313819,-0.082117404,GMP
TATTACTCGTTCCAGGAG-1_larry3,2.865861201,-1.763589675,MEP
ATTCGCTTAGATACACTA-1_larry3,1.951704168,-1.3492822,MEP
CCTATTGGTGTACCTAAC-1_larry3,2.806800389,-2.306016381,EryP
CCGACTTGGTGAACTTGC-1_larry3,-1.684018111,1.95138437,GMP
GCGAGCAAGAACGGAGAT-1_larry3,-2.409054255,-0.687954093,GMP
GAAGTGTGAACCACTAGG-1_larry3,-2.284831261,3.506384437,GMP
TATTCAACGCGGTCGACA-1_larry3,5.557057643,0.927176898,MEP
GAGCGACTCACAGAGATG-1_larry3,-0.034671223,-2.017975147,MPP3
GAGCCATCCATTAGCGGT-1_larry3,-1.117416477,5.093797987,GMP
GTACTCTACCTGAGATAG-1_larry3,-0.061968124,3.836717908,GMP
CTGACGGATTTCTGCCGA-1_larry3,-2.049144721,1.047762458,GMP
TGGTGGTAAACCGGAAGG-1_larry3,-0.043139076,1.292028492,GMP
GAACTATGGACGGACCAT-1_larry3,-1.37290976,-0.874619896,MEP
AAGCTGGTCTGACGATGA-1_larry3,-0.876642918,2.089098518,GMP
TATCACCTGTGTCAACCT-1_larry3,-0.159285939,5.744869535,MEP
TTGTATCACTCAGAGTCA-1_larry3,-0.272938764,2.928289239,GMP
GTAAGGTCCCATAGGTGT-1_larry3,-0.005598044,-1.672395523,MEP
AGTTGTGTATCGTACCTT-1_larry3,2.856287503,2.638818805,MPP3
ACTCGTAGGAGCGACACC-1_larry3,-0.542335725,3.425835435,GMP
TGGTAGCAGCTCGTTCAC-1_larry3,-0.218714869,3.157233064,GMP
CCTAGCAATCGTGCTTGA-1_larry3,3.163160587,-2.226615364,MEP
TTCCAGATTCCGTCCACT-1_larry3,-1.668359256,2.957798545,GMP
ACACTGTGACGTCAGCAC-1_larry3,-2.314719891,-0.524959783,MPP4
ACCGGTTACCAGTGCTGC-1_larry3,3.32688191,-1.798417981,EryP
TATGCCTTCCGCATCTAC-1_larry3,-0.402121997,5.29665262,GMP
GAGGTCCTTACATGGATT-1_larry3,-1.94804976,2.985208576,GMP
GATCGCACTACTCACGAA-1_larry3,-1.558807826,0.701760476,GMP
TGAGTGACTTTATCCAAG-1_larry3,5.105507159,2.622483795,GMP
AGTAACGTACGACCATCA-1_larry3,2.93072393,-2.292842801,EryP
TATAGTGCGCAATGCATT-1_larry3,-1.475807881,-0.800388749,MEP
ATCTACATCATTAGCGGT-1_larry3,4.019801879,0.503770833,EryP
CCTAAGAAGCCTTGTTGC-1_larry3,5.487983012,1.202835147,MEP
TGGTGGTAAATGTCCTCC-1_larry3,-1.788811183,-0.695202674,MPP4
CTCCGCATTCAACCGGTC-1_larry3,2.330725813,0.761793201,MPP3
TGACGATGATGTGAGTAT-1_larry3,0.811521286,-1.329766209,MPP4
TCAAGCGTAGCGGAGATT-1_larry3,-1.799673533,-0.758804138,MPP3
CATCTCACGGGAGCTCAA-1_larry3,-2.177679515,-0.382274332,GMP
AGGAAGGTGTCGAATAGA-1_larry3,2.864244008,-1.144524271,MEP
ACCGGAGTAGCTTCACTC-1_larry3,-1.161018705,-0.373117368,MPP4
TAGGAGCTAAATGCCTCA-1_larry3,-3.432390904,-0.927211101,MPP4
TCAGTGTTCGTCTTCATA-1_larry3,0.064346039,1.65192694,GMP
TGGTAGCAGGGAGTACAG-1_larry3,3.678121829,-1.016256864,EryP
GGTAATCTACACTGGTCC-1_larry3,3.355268979,-3.446274693,EryP
CCAGGAGTTTCAAGGTCG-1_larry3,2.88221767,-2.297130997,EryP
TTCCAATTCCCATACGAT-1_larry3,-0.188900626,2.737613742,GMP
ACCTTGAAGCACGACTCA-1_larry3,2.519837761,3.488439386,GMP
TTGAGACGGCGAATGAGT-1_larry3,-1.668303227,0.393294995,GMP
GCATACTCCGGTAAGGAT-1_larry3,3.57916596,-2.370804484,EryP
CACCAGAAGCTTCTCATC-1_larry3,0.65738661,2.016866748,GMP
GGTGTGACCTATACGTGG-1_larry3,5.560080314,2.321597164,GMP
ACGTGAATCTGCCTGGTT-1_larry3,-0.151655888,3.982752626,GMP
TGATTGTGCCGATACTCT-1_larry3,5.816479945,-1.80052572,MEP
CTTGCGACCCTATTAAGG-1_larry3,0.139081443,2.806996172,GMP
AGTGTCTCTGGTGAGTTC-1_larry3,-0.052690124,2.208340709,GMP
CCGAGCTGAAATGCCTCA-1_larry3,4.09140923,-1.088315422,EryP
CAGAGCACCTATGTACCT-1_larry3,-0.197421527,0.008131777,MPP3
CTGCTTAGGGACGCCGTA-1_larry3,-0.305182612,-2.910260136,MPP2
GTTCAGAAGGCTGATGTC-1_larry3,-0.872475838,1.397857254,GMP
ATTCATGTGGTCATTCTA-1_larry3,-1.423759436,0.821634834,GMP
TACCTCCTCACCGGTTAC-1_larry3,4.556061769,-1.449880178,EryP
TACAGGACTCTACGTTGG-1_larry3,4.181523585,-0.947102899,EryP
AGGTGCGAGTTCCAATTC-1_larry3,-5.121038174,-1.764942343,pre/pro-B
AGAAGTCCTCTGCTGCTT-1_larry3,2.259927774,-1.656574185,MEP
TCAGGTGCAACCTGCAGA-1_larry3,-0.637678838,2.549833124,GMP
TATCTGTCACATTCGAAT-1_larry3,4.299578929,-4.318914587,EryP
GTCCGTAAGCATGACGTT-1_larry3,-1.750790095,1.540893858,GMP
GTTAGAGACATTGCGCTA-1_larry3,-0.952243423,3.107832973,GMP
CGCATCTACTAGTCGCAT-1_larry3,6.350717807,-1.934153016,MEP
ACAATAGGTCGGAATGCA-1_larry3,-0.22653923,4.689796274,GMP
GACTCTCACAGCGTAGAA-1_larry3,-0.897754764,-3.139916832,HSC/MPP1
TCGCATTCGCGCTTATGA-1_larry3,-0.932855701,1.714266603,GMP
CAAGGTGTGCACATATCA-1_larry3,-5.867135739,-1.473825629,pre/pro-B
CGACCATCACTGCGATTC-1_larry3,2.052181268,-1.974166329,MEP
GAGCATACAGCCATACAA-1_larry3,5.82454803,-0.440412114,EryP
CGTGTCCGATATCCTCAG-1_larry3,-0.420792198,2.926992481,GMP
AACGAGGTGAGTGACGAT-1_larry3,3.047081971,-0.831313546,EryP
CTAGAGTCGAGCTCTCCG-1_larry3,4.61030891,-4.530710394,EryP
TCTTGGTAGACTCCGGTT-1_larry3,-0.901731586,-3.307373936,HSC/MPP1
CAGCTGGAGCGATCCAGA-1_larry3,4.361752534,-3.526594098,EryP
CCGCAACACACGACATCT-1_larry3,1.676864529,-4.41271847,EryP
CAACGTCTTAGTGATGCG-1_larry3,1.650268161,-2.32020777,MEP
CGATCCAGACTCATGCCA-1_larry3,0.651782387,-1.167605455,MPP4
GACAATGTTCACGATAGA-1_larry3,-1.0004637,2.417493169,GMP
AGTCCGTGTCAGTGCCAT-1_larry3,3.539560342,-3.012966568,EryP
ATCGAATCGTGGTCCTAG-1_larry3,4.102170015,-0.767060275,EryP
GAACCTTCACAAGTCACT-1_larry3,-0.948968267,5.856865232,GMP
AGAAGTAACGTCAACTGA-1_larry3,-2.113511777,2.267447774,GMP
TTCGTGATGTGAGTTAAG-1_larry3,3.560177589,-2.412639553,EryP
TGCAGTCGGAGGAATTGG-1_larry3,-0.317251301,4.106503789,GMP
GAATCACATGGTAAGGAT-1_larry3,2.965054774,-0.637831206,EryP
TCATGCAGGGCAACTCGC-1_larry3,3.716331268,-1.828588898,EryP
GGTCTTGCAACTCCTGAG-1_larry3,-1.939906812,-0.112250457,GMP
ACGTCGCTCGGTAGCATC-1_larry3,-1.979799723,3.203296249,GMP
CTTCGTGCATTGTAATGC-1_larry3,-0.309850252,1.509555881,GMP
ACACCACATTCCGATAAC-1_larry3,-1.67597816,-0.290455185,GMP
GTCTTATGCCTACGGTAT-1_larry3,-0.406540608,-0.044633533,GMP
CTAACCGGTGACTCTCAC-1_larry3,0.34851175,2.49130923,GMP
GAATCAACCACTTCAGTA-1_larry3,4.320643687,0.226862137,EryP
CGCTGTAGTTTGCGAACA-1_larry3,-0.099981761,-2.022116716,MEP
CCTATTCAACTACGGTAT-1_larry3,-1.257220721,1.028389876,GMP
TTCCATACCGGATGCTCG-1_larry3,1.452874208,1.588332002,MPP4
GGTCCTAAGGATATGGAC-1_larry3,2.340356374,-0.504304732,MEP
GAATTGTTGAAGTTGCCA-1_larry3,4.335814023,-1.522833641,EryP
AGGTCAGCAAAGGTCTGA-1_larry3,-1.387122845,2.260021751,GMP
ATCATGTTCGCACGCATT-1_larry3,3.023479247,-2.118222649,EryP
GGTAAGGATCTGTAGAAG-1_larry3,-0.86201427,1.184493606,GMP
GACAGGTTACAGCAGTAC-1_larry3,3.193547511,2.139783447,MEP
TGCTCCTCCAGCAGACAA-1_larry3,-1.048643446,2.779644554,GMP
TAGTGCACTTCTTAGCGA-1_larry3,2.843400502,-2.015242155,MEP
GCTCAGCCAATGCTTCAG-1_larry3,-1.44392035,2.805477445,GMP
CTTCCGGTACGCATCTAC-1_larry3,2.008285666,-2.365156825,MEP
AGAGCGGAGCTGCGTCAC-1_larry3,2.855815673,-1.960966165,EryP
CAGTCTAACGAAGAGCAC-1_larry3,3.579739356,-1.203311915,EryP
CAAGGTGTGGCCGTCTTC-1_larry3,-0.269564009,-1.197647746,MPP3
TAATCACGCCAGCTTCGA-1_larry3,-0.843494749,2.282948797,GMP
GCACATGTTCGTGCTTGA-1_larry3,-5.897794938,-1.677679832,pre/pro-B
CCTCTCTAGCTGGACACT-1_larry3,-3.612377858,0.528173451,GMP
CCAACGGAAACCGACGGT-1_larry3,-0.896187758,0.77888233,GMP
CAGTGAGGAGAGTCTTCG-1_larry3,2.561046863,0.588743632,MEP
GGTGGAGCTTCTACAGTT-1_larry3,-1.872351861,0.387662177,GMP
TATTACTCGGTATACAGA-1_larry3,-4.392061925,1.063221757,GMP
ATGCGGATTGAACGCTGT-1_larry3,0.611531256,-0.808542664,GMP
TAGCACACGCCAGTACTC-1_larry3,-3.358314252,2.326882188,GMP
CACGATAGAGTCCACAAC-1_larry3,1.620246554,-1.783207948,MEP
TGTGTAGAGCCACAAGGT-1_larry3,-0.127552724,2.852293079,GMP
GTCTGACGTCGAAGAGGT-1_larry3,3.052008414,-1.068175967,MEP
GACTTCACCTCCTGTCCG-1_larry3,5.323921943,1.656969969,MPP3
ATCAGAAGCTCTGAGATA-1_larry3,4.464293027,-1.508902366,EryP
ATTCTCTGGGCTTACTAG-1_larry3,-0.465743756,2.638379161,GMP
AACTTCTGCCCGTCAGGT-1_larry3,2.716020131,-0.672627921,EryP
CCTTGCTTGAATCGCCAT-1_larry3,0.253419781,-0.738937582,MPP4
CCAGGAGTTACAAGAATG-1_larry3,2.071283126,3.832817857,GMP
CAGTCTAACCGAATCCTG-1_larry3,1.593741739,1.095337336,GMP
CACGGAAGTCGTTACACC-1_larry3,-1.110040164,5.13124687,GMP
CTTATCTCAATGAGTGTG-1_larry3,-1.691112017,-2.37048691,MPP3
CAGTCGGTATCGGTATCA-1_larry3,-0.979356623,5.445968454,GMP
CCAACGGAACCATGCGTC-1_larry3,-1.523503518,4.380774801,GMP
GTCAACTGAAAGGATCGT-1_larry3,-1.131335115,1.319269364,GMP
CTAGAGGTAGTTGCTCAG-1_larry3,-1.212088203,1.125814979,GMP
GCAGCAGTGGCGTCGTCT-1_larry3,-1.369631982,3.171188419,GMP
GCTTGGTTCCCGAGCTGA-1_larry3,-1.945585465,2.872468059,GMP
GAGGTGAGCCCTTCCTCA-1_larry3,-2.36010406,-1.640178974,MPP3
AAGCTTGCATCCACGTGC-1_larry3,0.216607714,-3.115284378,MPP2
GGACACTGGTGGATTAGC-1_larry3,-5.486223435,-1.775933678,pre/pro-B
CGTGCAAGGTGACAAGTT-1_larry3,-0.062454021,5.662244146,MPP3
GTCAACTGAAGATGTTGG-1_larry3,4.041444564,-2.214568193,EryP
GTCAGCGTCACGCACACT-1_larry3,-0.612359857,2.615380113,GMP
CGCGATGTAAGTCAGTTG-1_larry3,-1.521356797,-1.004319186,MPP4
CGTATCGAAATGCTTCAG-1_larry3,-4.605147576,-1.365138347,pre/pro-B
AACGAGAATGTCCTAGTT-1_larry3,4.668585086,-2.496607478,EryP
TGGATAGGTCCATTACAG-1_larry3,4.00938704,-1.939725811,EryP
GCGACACAGAGTACTCTC-1_larry3,-0.4505584,0.274321084,GMP
GTTAATTCGGCTCTGTGT-1_larry3,-1.820484376,0.596101945,GMP
AATGCAGCGGTTGCATGG-1_larry3,-2.765070414,0.590591376,GMP
TAACCGTGACTCTCGATA-1_larry3,6.218896175,-2.324987109,MEP
TTGTTAGAGCAGGAGCCT-1_larry3,-0.685476756,3.470441406,GMP
AGACCACGCGGTTCTATC-1_larry3,-2.105408883,1.48088402,GMP
GAGCAGGAACATCGCTGG-1_larry3,-1.537576651,3.044821088,GMP
ACAGGTATCTCCTGTGGA-1_larry3,-1.49616096,0.400497918,MPP4
TAGGAGCTAGCGGTAAGT-1_larry3,1.140107268,-0.746401633,MPP4
AGTTACAAGATCCGGTCC-1_larry3,5.201792026,1.592804377,MPP3
CCTAGAGTATGCCTGGTT-1_larry3,-2.174196935,-1.67766505,MPP3
AATTGGTGAGTGCTGACT-1_larry3,-0.665449118,1.128017132,GMP
TAACATTGGTGCGTCTTA-1_larry3,-2.942413783,-3.858132775,MkP 2
GAGGTCACGAAGTCATGA-1_larry3,-4.348688817,1.39690048,GMP
GCATACATGGTCCGCTCA-1_larry3,0.91879096,0.003821646,GMP
CGAGCTTACACTCGTAGG-1_larry3,-0.378154969,1.143694346,GMP
TTATTCGACCTTCTATGA-1_larry3,4.522005344,-2.015897567,EryP
ACAGTATTGAGTTCGATA-1_larry3,3.384774947,-1.808301742,MEP
CCGACTTGGGCGCATTAC-1_larry3,-3.2747545,-1.069396491,MPP4
GAATCAACCGATGTCTAG-1_larry3,-0.175803697,1.877615993,GMP
ACAAGAATGACGCACACT-1_larry3,-2.416696286,-0.735696549,GMP
AGTTAGGTCGTTGACCAT-1_larry3,6.214392924,-2.271859939,MEP
CCAAGCGAGGAGTGCATA-1_larry3,4.569172168,3.04376847,GMP
GAGATACACGCACAGTAA-1_larry3,-0.932821727,-3.203267748,HSC/MPP1
AATCGCCATAATGTGCGT-1_larry3,-6.403760171,-1.828702385,pre/pro-B
TATGCCTTCACCGGTTAC-1_larry3,-5.93239901,-1.626685316,pre/pro-B
CAAGCTGCATTCCATACC-1_larry3,4.463250423,-1.469115789,EryP
TTACTAGTCCTATACTAG-1_larry3,-0.908284044,2.619131391,GMP
TAGTGATCCTGCCGCTAC-1_larry3,4.53204062,-2.73758548,EryP
TCAACACTCCTGTAGAAG-1_larry3,-0.607112384,-1.058793421,MPP3
CGACCTAGCCATACAACC-1_larry3,-0.936804509,-3.088003571,HSC/MPP1
TACCATGTATGCCAATGG-1_larry3,0.329278016,1.371768777,GMP
TAGGAGCTATACTCGCTG-1_larry3,1.667629385,1.483933156,GMP
GATTGGAAGCATCCGACA-1_larry3,3.003174329,-5.44898432,EryP
CTGGTGACACTGTGCTCA-1_larry3,-0.794124818,6.341039007,MEP
AGTTGAGCGGTGTTGGAA-1_larry3,5.275311732,-2.097937162,MEP
AGTAATGGTCCGAGCTGA-1_larry3,0.366745109,1.255355184,GMP
TTCCATACCAGTTCAACC-1_larry3,2.850641036,-1.750366743,MEP
TCAGAGTCAAGATCTGAC-1_larry3,-1.362135863,2.699323957,GMP
CTAGTTCCAGATCTGAAT-1_larry3,0.539463097,-1.541580613,MPP3
CTTCTCATCTACCAGCCA-1_larry3,0.632529042,1.923370903,GMP
TGACGGTTGAAGGATCGT-1_larry3,2.074610973,-1.74711674,MEP
TCACTCGCTTACCTCCTC-1_larry3,-1.850160575,0.106958692,GMP
CCTACTAGAAGTTGCCTT-1_larry3,-1.673867917,1.10280246,GMP
TGGTGGTAAAAGTCATGA-1_larry3,-0.580807185,0.243071561,GMP
GGAACTGCTGCCTTATCT-1_larry3,-0.50601933,3.922321622,GMP
CATCGAAGCATCTCGTGA-1_larry3,0.870872715,0.993206089,GMP
GGAGCATCTTGAGTTAAG-1_larry3,-3.499613976,0.087139582,MPP4
GACCGGTAGCATATGCGA-1_larry3,1.168198967,-2.240674431,MEP
CTTAGAAGGATGCGGATT-1_larry3,4.193153882,0.51722229,EryP
TGTCACATAACAACCGGA-1_larry3,1.825211907,3.421842163,GMP
GACCAGAGATTCTCCACA-1_larry3,-0.232757544,3.368644779,GMP
TCTAGGATGAGTTATCGC-1_larry3,4.87242105,-2.8493697,EryP
ATATCAGCCTTGAGCTCT-1_larry3,-0.380511856,-2.395229275,MPP3
GTGGACTGGCGACCTGTA-1_larry3,2.372178817,-1.626074607,MEP
ACACTGTGAAAGCCACAC-1_larry3,3.642931247,-1.093451734,EryP
TACGAACTCCTAGTCGTC-1_larry3,3.855498338,-2.23661917,EryP
TCAGGTGCAGGTTAGATG-1_larry3,1.428008402,3.502015178,GMP
TGATTATCGCAGTTGAGT-1_larry3,1.114911193,-0.322204954,GMP
ATCATGTTCGTTGACCAT-1_larry3,0.114583695,-3.722608025,MPP3
AACAACCTAGCCGTGAAC-1_larry3,-0.981692171,1.174902384,GMP
GAGTCGTACCTGAGGTTA-1_larry3,-1.309798693,2.25100023,GMP
GACAGGTTATGACGATGA-1_larry3,3.854468608,-1.626641209,EryP
CTTAATCGTGACATAACG-1_larry3,-3.435382581,0.464193528,GMP
GTTGCTCAGGGTTCTATC-1_larry3,2.57111671,-2.124864275,MEP
TTGGTAACTGTCCGTAAG-1_larry3,-1.076005077,-0.207615132,GMP
AGGATCATGGACGCCGTA-1_larry3,2.548741841,-0.573403175,MEP
GTGTACCGTTATCTGTCA-1_larry3,-0.63925848,-0.690299148,MPP4
CACGGAAGTAATCCGCTG-1_larry3,-0.34131459,2.587672298,GMP
GTAGAAGTTGGTCTCATG-1_larry3,5.952925468,-2.533963854,EryP
GAGTCAAGGCCGACTGTT-1_larry3,3.835746312,-1.639364655,EryP
TCCTGTGGACCTGACCTC-1_larry3,-5.587233281,-0.734088178,pre/pro-B
GTAGTTGGTTGGTAACCA-1_larry3,0.080043519,2.611408298,GMP
ACAGGTATCATGTGACGA-1_larry3,4.184882665,-1.57576483,EryP
GAACCAGTTAGACTTCGT-1_larry3,3.776745582,-3.009596999,EryP
TCGGATGTTCGGAACGAG-1_larry3,4.375787997,-3.45258611,EryP
ACCACGGATTTCAGTGCC-1_larry3,4.882741237,-2.91829675,EryP
GTAACCATAGGAGATGAG-1_larry3,-0.398767805,-0.459313671,MPP3
ACAGGAACTAACTGCGAC-1_larry3,2.908555055,-2.010828788,EryP
GTCTCCAGGACTCCAACT-1_larry3,-1.751353478,0.800802057,GMP
ATGACACAATCAGTGCAA-1_larry3,3.114391351,-2.989019806,MEP
GCTAGCTCCAGTCGATCA-1_larry3,3.654282355,-1.693039472,EryP
TGCACGATGGCGAAGCTC-1_larry3,-0.979615187,3.033269708,GMP
AGATGAGATACGCTCTTA-1_larry3,2.876000667,2.8904267,MEP
CACGATAGAAGCTTGGTG-1_larry3,3.042513633,-1.355254466,MEP
GTTCCAACAGCTTCTGAA-1_larry3,2.822816396,0.276191001,MEP
TAGGAGCTAATCGGTGGT-1_larry3,-0.321793651,-0.220477412,MPP4
CCACTGAAGCACACCTGT-1_larry3,0.43699182,2.448331659,GMP
TACACGGTCCAGTGCCAT-1_larry3,2.054915095,-2.185170109,MEP
ATATGTCCAGCAGCTTGA-1_larry3,-1.206865406,2.576514547,GMP
GTGCATCAAATATAGCGT-1_larry3,0.344569022,3.722043817,GMP
CCACTTCGCTACCAGCCA-1_larry3,-1.316388583,1.493250196,GMP
TACCGATTGATACTTGCT-1_larry3,0.065380776,2.566089933,GMP
GCAGCGATAGCAACTCGC-1_larry3,-0.036998188,3.574754064,GMP
CTGCTGCTTAGGTCCGTC-1_larry3,1.62142905,0.155522232,MPP3
CAACTCCAGTCATCTGTC-1_larry3,4.976141715,0.479384308,MEP
CAATGCATTTAGCCAGTG-1_larry3,2.054374004,-1.069581563,MPP4
GCTGGTAACTCACTCGCT-1_larry3,-1.344709134,2.630460565,GMP
GACCGTAGTGATAAGCTG-1_larry3,-3.34535191,-0.836167629,GMP
GCGACACAGCCTGTATCT-1_larry3,4.290387416,-1.222783739,EryP
GCTCTGTGTTATACCACT-1_larry3,4.70485332,-2.890119965,EryP
GCGATATGAAGAGAGTGG-1_larry3,4.275136733,-2.062327678,EryP
ACGACAGTCGCTTAGAAC-1_larry3,-4.552986836,-1.417238648,pre/pro-B
CCTCTGCATTATCAGTGC-1_larry3,-2.452104068,3.032147234,GMP
CGTCTGCTGCCTTAACAT-1_larry3,-0.757196164,1.939583128,GMP
TGGAGTGGACGTGTATTC-1_larry3,-2.397746539,0.647419875,GMP
TTGTATCACTATGAAGAC-1_larry3,-1.269018626,2.394625967,GMP
TCAGCGACCAGCCAGGAC-1_larry3,-1.199840164,0.208588367,MPP4
AAGGTCTGACAACTAATC-1_larry3,1.961753512,-0.029149259,MEP
GCAACACCTACTACTCAT-1_larry3,-0.365579343,-2.872010405,MPP3
TGAACCAATCGTACACAC-1_larry3,-6.010811066,-1.714047368,pre/pro-B
GCACCATCGGTCCTAGTT-1_larry3,6.376504207,-2.432596142,MEP
ACAGAAGAGTGCAGCCTT-1_larry3,4.047982478,-1.747427757,EryP
GCCGAACCATATGCCTTC-1_larry3,1.859957838,1.313330834,GMP
AATATCGCTACTTAGCTT-1_larry3,2.489893103,-2.134306247,MEP
TAGCTGTTGAATCCGCTG-1_larry3,-7.622436738,-2.838245804,pre/pro-B
GTACGAACGACTCCGTCG-1_larry3,-1.736668563,1.946897571,GMP
TCCTGTCCGATCGCCTCT-1_larry3,3.746278072,-0.561746443,EryP
CCTAGAGTAGAGGACTTA-1_larry3,-1.988119101,-1.505454118,MPP3
CGGTTGCGATGCGATACT-1_larry3,-1.928074813,1.220557039,GMP
CCACGAAGGCCGTCAGGT-1_larry3,2.724515462,-2.586297209,EryP
TTATCCAAGTTGCGAACA-1_larry3,1.601500893,-4.468619997,EryP
AGCGGAACATGGACTGCC-1_larry3,-0.046129024,-1.96265393,MPP3
GTCGACATTCAAGCCTCG-1_larry3,2.39659586,0.787283008,MEP
TCCTCGTCGTGCCTGGTT-1_larry3,0.234736228,2.528792684,GMP
ATGTCGCCTAGGTCAGCA-1_larry3,4.133578801,-2.731914933,EryP
ACAGCGTATCACGTAGAC-1_larry3,0.238903368,2.001488035,GMP
GCGCTAGAAATTCACCTC-1_larry3,-0.376082754,3.037167375,GMP
CCTTATCCGTGATCTCGG-1_larry3,-0.663311457,1.224713271,GMP
TAGTGATCCAGGTCACGT-1_larry3,0.562904836,-0.650779332,GMP
AAGAGAGAGGTCAGTTGT-1_larry3,-0.652925825,2.219677274,GMP
CGACCTGTAAATTGGTGA-1_larry3,0.947777087,-0.175282824,GMP
AGCGGTAAGGCGTCGTCT-1_larry3,-5.052652097,-1.674753244,pre/pro-B
CCTAGTCTCCGTCATGGA-1_larry3,2.865070367,-1.379883463,MEP
TCATGCAGGTCTCGTATC-1_larry3,-0.599955058,1.230156367,GMP
TCGCCAAGCCCTCGAGAG-1_larry3,4.449841762,-2.388947422,EryP
ATACTTGCTACTCTGCTC-1_larry3,-0.781179523,-2.738619025,MPP3
ATAGTCAGTCAACGTCTT-1_larry3,3.986006999,-2.136963899,EryP
AGTCCAGTGAGTCCAGTG-1_larry3,4.142819429,-2.284569795,EryP
TACTCGACCATCAGGATG-1_larry3,2.926889682,-2.044134195,MEP
GACAGGTTACTTCTCATC-1_larry3,0.08922478,-1.932287509,MEP
AGCTGCACTCACCTTCCT-1_larry3,-1.049029803,1.61558861,GMP
AGTAACGTAGTAGAAGTT-1_larry3,4.603403592,-4.421393568,EryP
GCCATCGCTACAGCGTAT-1_larry3,-4.512459969,0.950768058,GMP
CTACGTTGGAATGTGCGT-1_larry3,-1.312748647,-0.648033227,MPP4
GACCACTCGATCCGTCTC-1_larry3,1.618663395,0.07837746,MPP3
GAGTCGTACCCTTAATTC-1_larry3,2.829546952,2.241678779,MPP3
GAGCATACAAAGCAGCAT-1_larry3,-0.913897371,3.262749975,GMP
ACAGAAGAGCCACATTAG-1_larry3,-0.827608919,2.782340114,GMP
GACCTTGTGCCTACTAGA-1_larry3,-2.624729848,-2.617642338,pre/pro-B
CGACCACTTTAACTCCGA-1_larry3,3.011459613,-2.178356464,EryP
TTACTAGTCCTCTAGTAA-1_larry3,3.543779397,-2.999696429,EryP
ACGACATCTCGTTCGTAC-1_larry3,4.045261407,-2.316355641,EryP
CCTAGTCTCTCCTTAGGT-1_larry3,4.252048993,0.203253632,EryP
CTCTGCAAGGCGTGATAC-1_larry3,4.266365791,0.557695692,EryP
GTGAACCACATACAACCG-1_larry3,4.389129901,-1.873636658,EryP
TGTCCATAGGGATGCGAA-1_larry3,2.209260726,-2.340660269,MEP
ACCGGAGTAGCGTCGTCT-1_larry3,1.210046733,1.930642192,GMP
AATTCGGAAGACCTTGTG-1_larry3,0.906830812,0.292217915,GMP
GACGTCAATTGCAGTTCA-1_larry3,-3.408863759,-1.069440062,MPP4
AGCAACATTAGACTTCGT-1_larry3,4.497068191,-3.35140651,EryP
CCGTTCCAACATGCCAGT-1_larry3,-1.27381978,6.18194515,GMP
AGCACACCTGCGAAGCTC-1_larry3,-0.518538689,1.954217022,GMP
TTACAGTGTCGGAAGACG-1_larry3,-0.399517751,6.557624643,MPP3
GGTAGACATTGGTCGCTA-1_larry3,1.425481165,-1.260392542,MPP3
CACTGCTTAGTAACGCGA-1_larry3,3.169473195,-3.351582224,EryP
AACGGAGATCGCACTCTT-1_larry3,4.876863265,-1.816304023,MEP
CGTCAGCACCCGTTCCAA-1_larry3,-1.682021355,-0.485720197,GMP
TGGTGGTAAGTGCTCGGA-1_larry3,-0.486502981,3.636765544,GMP
TCCTGAGACATTGCGCTA-1_larry3,-0.322214043,1.289516275,GMP
CATCGAAGCTATAATCGC-1_larry3,-0.132651722,3.215632742,GMP
ATCTAGGTTGACAGGTTA-1_larry3,-1.483959174,5.723358934,GMP
GACATAACGGAACTGCAA-1_larry3,-1.713382935,0.742869203,GMP
TGAACTTGCCCGCATCCT-1_larry3,-0.903932786,1.934720104,GMP
CGTGCTTGAATGGTTCGA-1_larry3,1.15965333,-1.090581174,MPP3
CGATAGGTGATCTACATC-1_larry3,4.526976848,-2.080303962,EryP
GCCGTGAACGATACCGGA-1_larry3,3.346642757,-0.403125147,MEP
ATGCGCCGTCTGACGATG-1_larry3,-1.696537471,-2.630548651,HSC/MPP1
ACAGCGTATACGCTAGTG-1_larry3,4.767692828,2.905002658,GMP
TAGTGATCCACATTCCAC-1_larry3,3.963028693,0.861704652,EryP
CTAACTAAGTATGACCGA-1_larry3,-1.174487209,0.490443413,GMP
TCGCGTCATGAACAACCA-1_larry3,1.134732896,-1.05351382,MPP4
ACGCAAGATAGATGAGAT-1_larry3,3.620739246,-0.428305517,EryP
AATATCGCTAGAGCGCGA-1_larry3,2.789207244,2.698911493,MPP3
ATAATGTGGATGAACTAG-1_larry3,-1.743287062,2.14719898,GMP
CTAACTAAGTGCTTACGG-1_larry3,-1.000991082,5.625512426,GMP
ATAATGTGGAAGCTGAGG-1_larry3,2.309578204,0.907298033,MPP3
AGGTGTACAGAATCGAGA-1_larry3,4.115358138,-2.339086468,EryP
CGCGAGTGTCAGCTGGAG-1_larry3,0.476528043,2.395059173,GMP
CCTCCTTGTTAATTCGTG-1_larry3,-0.063486671,1.975610321,GMP
TAGAGACTAAGACCACGC-1_larry3,-1.507257914,2.727987115,GMP
GAGACATTGCTATTAAGG-1_larry3,3.358141208,-0.504030819,MEP
CGTGGTACCATCACTTCC-1_larry3,-4.640010094,0.522718196,GMP
CTAACCGGTAGACGCTAT-1_larry3,5.435099864,-0.846935387,EryP
CTCGTTCACGAGAACAGG-1_larry3,-1.506918645,-1.667299683,MPP3
CTTCTCATCCATCGCTGG-1_larry3,0.208650017,2.542682712,GMP
CAATGTGCTCATCGAAGC-1_larry3,1.706044579,0.275040393,MPP3
CAACGCACAAGCAAGTCC-1_larry3,4.833393359,-1.770487363,EryP
CGTGCCTATTGGTGCCTG-1_larry3,5.171021724,2.116680448,MPP4
CAATGTGCTGTGAATGCC-1_larry3,3.951195979,-2.823174889,EryP
CATGGTTACTGGTCCTAG-1_larry3,1.874965334,1.111090009,MPP4
CCAAGTCGATTGCCAGAT-1_larry3,-5.455399728,-1.556509311,pre/pro-B
ATCCGGTCCGTACAATGC-1_larry3,2.916086221,2.499791448,MPP3
CCATAAGTACTTCTATGA-1_larry3,-4.111219621,1.397096818,GMP
ACAATTCGGGATGTAAGG-1_larry3,-4.2767174,0.685708289,GMP
AGAAGTCCTTAAGTACAC-1_larry3,1.254842186,3.204593723,GMP
GCTGACAGAGCGCATTAC-1_larry3,-0.87017045,0.883643692,GMP
CCTCGGTCAGACGTGGTC-1_larry3,-0.013538217,-0.329514104,MPP3
GGTCCTAAGCATAATTGG-1_larry3,4.261633897,0.492023115,EryP
AGCGTAGAAGACGCTTGC-1_larry3,-1.358413195,1.587669675,GMP
ATCCGGTCCCCATTACAG-1_larry3,4.102663064,-2.439884837,EryP
CCTCTCTAGTTCACTCCT-1_larry3,-0.715194559,2.416853731,GMP
GGACACTGGAGGATGCGT-1_larry3,-0.207966602,5.656830137,GMP
TACCGATTGTAACTCCGA-1_larry3,2.517647171,-1.090845461,MPP3
TGTCAACCTTGGAATCGT-1_larry3,-0.964797115,-0.362475159,MPP4
CGCATCTACGTACGTCTA-1_larry3,-2.059246516,-1.513679202,MPP4
GTCTTATGCCATCTCACG-1_larry3,0.142021501,-2.280747707,MEP
CATAGTATGCCAATGCCT-1_larry3,3.654908919,-2.178271944,MEP
GCTAGTGGAAATGCACTT-1_larry3,4.427567268,-2.420527155,EryP
CTGTGGTGGCTGACGGAT-1_larry3,2.337239885,-1.348659451,MEP
AGAGGTGAATCACAGGTA-1_larry3,-6.171481824,-1.322178776,pre/pro-B
TCCATCATTCGCGTACTA-1_larry3,-1.613716101,1.375352924,GMP
TGGATTAGCTCTAGCTGG-1_larry3,-2.65309093,0.576419537,MPP4
GTGCACGAGCAAGAGGAG-1_larry3,3.922143483,-2.965425904,MEP
GTGTATCTGACGATGACC-1_larry3,1.542777085,3.320659225,GMP
TGCGTATCTTGCAGTTCA-1_larry3,5.350993419,1.44632036,MEP
ATGTGACGAATGTCCTCC-1_larry3,-4.577158665,0.379563873,MPP3
CATGTGAACGTATCCTGC-1_larry3,-1.208672023,1.648230259,GMP
TCTAGGATGAGCGACACC-1_larry3,5.073807025,-1.617031629,EryP
GTGGTACGGCTTGATCTA-1_larry3,-4.584998822,2.516444986,GMP
ATAATGTGGCCAGTTACG-1_larry3,3.140451217,-0.894145186,EryP
CTCTGCGGTTATCGGAAC-1_larry3,-0.626503682,1.657617633,GMP
ACGTGAATCCAGCAGTAC-1_larry3,0.481060589,-1.017611618,GMP
AGAAGAGTCCTTCTGAGT-1_larry3,4.291856551,-2.009983237,EryP
CTATTAAGGACAACCGGA-1_larry3,0.686192954,-3.755395825,MEP
GCGATGGTGACGTAGTAT-1_larry3,1.504282797,1.549225514,GMP
CGTGCTTGACATCTCGAT-1_larry3,-0.625779247,0.003132974,GMP
TACTCGCTGGTCACTATG-1_larry3,0.327645326,0.332469647,MPP4
CCGTCAGGTATAAGTTCG-1_larry3,-0.705365753,-0.100837122,GMP
GTTGCATGGCAGCTTACC-1_larry3,1.322839046,2.272597854,GMP
ACGTGCTCGTACCGATTG-1_larry3,-1.356887078,-0.129831831,MPP4
TCACAGGTACCACGAAGG-1_larry3,1.395026052,1.848517244,GMP
CATTCCGAGTGCGCACTG-1_larry3,0.74281344,-0.212415154,GMP
AGGTCACGTTGAGCAGAT-1_larry3,3.86688807,-2.470183785,EryP
ATCAAGAGAGGAATTCAC-1_larry3,1.624220693,1.350180929,GMP
CGTATCGAACTGCTTAGG-1_larry3,0.966164822,-0.512974123,GMP
GGTAAGGATTGCCTGGTT-1_larry3,-0.50685904,2.093653743,GMP
TGACGATGATAACTCCGA-1_larry3,0.449646825,1.244014924,GMP
GAGCATACACACTGCTTA-1_larry3,-0.851079917,2.227264707,GMP
ACTATCCTGGTCCACAAC-1_larry3,-0.547690606,0.757809823,MPP4
TCCACCTCACCTGTCATT-1_larry3,2.869117046,-2.394283945,EryP
TGCAGTCGGTAGCTGTTG-1_larry3,1.227237547,3.883571451,GMP
ACAAGGTACCTCCAGCGT-1_larry3,0.309440905,1.298056071,GMP
ATCGAATCGACTCGTCTA-1_larry3,-0.052506125,2.845072334,GMP
TCGCATTCGCGTTAATGG-1_larry3,-3.301907754,-0.951077993,GMP
CCATCTAGGCCATATGCC-1_larry3,-0.735911345,1.719838207,MPP4
ATTGACACGGATGCGGTT-1_larry3,-0.30773685,1.844749754,GMP
CCGCAGAATCTAGAGTCG-1_larry3,-0.625786638,0.151646589,MPP4
ACTGCTAGTGTCACAGAG-1_larry3,5.438308978,2.650455062,GMP
CCAGGAGTTCTTGCGACC-1_larry3,4.787570262,3.422924106,GMP
GTGTTGGAAGGTGAGCGT-1_larry3,3.560847783,-3.016156371,EryP
GCATGTGGTTCTCCGCGT-1_larry3,-1.240821338,-0.576278801,MPP4
GCCTTCCATTCGCTGATT-1_larry3,2.723837161,-2.821738417,EryP
CCGCACTCAGTCTTCATA-1_larry3,3.248092675,-1.71946388,MEP
CTGAGATAGAACCATGGT-1_larry3,3.571142221,-0.318388012,EryP
TCGGACAGTAGTGTGCAC-1_larry3,-2.000458693,-0.272463658,GMP
AGAAGCTGCGATCGTTGA-1_larry3,-1.961317515,-1.857505376,MPP4
CTCGTTCACAACAACTGG-1_larry3,-1.975213504,-1.888657982,MPP3
CCGATGTTCGTAAGTGAG-1_larry3,1.556054497,1.583412235,GMP
TTCATCCAACTGTCACTT-1_larry3,3.18644836,-0.239013987,EryP
CAAGAGAGTCGACCTGTA-1_larry3,-0.037052667,2.861841028,GMP
GCCATACAAGCCATCGCT-1_larry3,-0.210092521,5.707637613,MPP4
CCGTCCACTCGCGTGAGA-1_larry3,-0.454130626,2.589071815,GMP
CCTAGTTAGGCAGCGATA-1_larry3,-0.547907567,-1.042480524,MPP3
CTAACCGGTGAGAATCAG-1_larry3,3.631571555,-1.808723504,EryP
TTGTCAACCAGTCAGTTG-1_larry3,4.380032802,-3.198514874,EryP
GTTGACCATCGTGTCCGA-1_larry3,4.886343265,1.188209241,HSC/MPP1
GCGACCTGTACGATGGAA-1_larry3,-1.992552733,2.903336351,GMP
TGTAGCAAGGAGAATCAG-1_larry3,-1.719663358,-0.73810115,MPP4
GAGTGTGCCACACAGAAC-1_larry3,-3.533715463,0.014987891,GMP
GCAACCAACTCGCTGATT-1_larry3,-0.880696511,3.053705995,GMP
GCCGCTATCCGGTGAGTC-1_larry3,0.152062977,0.185277884,MPP3
CGATTCGAGGATCTTCGC-1_larry3,-3.992459988,1.479742711,GMP
ACAAGGTACGGTGGAGCT-1_larry3,6.333251739,-2.534053023,MEP
TCAGAGCGTCTGTGCTCA-1_larry3,1.187497938,2.289905136,GMP
CATTGTTCATGATTGCTG-1_larry3,-7.492987847,-2.971471484,pre/pro-B
GGTAGCATCCCACGCCAT-1_larry3,1.317318583,3.928630655,GMP
AGCACCAGCGCTGGTTCG-1_larry3,1.701391483,3.832323854,GMP
TGCTGCGTCACGAGCTTC-1_larry3,4.659900451,-2.870837147,EryP
CGTCATGGACAAGTCACT-1_larry3,5.13087585,-1.762914593,MEP
ACAAGAATGGATTGAGTA-1_larry3,2.952461267,-0.645183201,EryP
TCATCTGTCATATCCGAT-1_larry3,1.609291816,3.842161958,GMP
CCTCGCGTTTAATCACGC-1_larry3,0.107084418,3.328017061,GMP
ATGAGCAGGCATTGCAGA-1_larry3,3.792914176,-2.859376604,EryP
GATTCCTCTTTAAGTGGT-1_larry3,-0.436413026,1.420659607,GMP
AGCGCATGACTCGTCTTG-1_larry3,4.39359262,3.462584322,GMP
GGATGCTCGCCTCTGCAT-1_larry3,4.994143748,-2.772942002,EryP
AGTAATGGTCCATACGAT-1_larry3,0.788814375,0.998691266,GMP
TTAACGGAGCATGCCAGT-1_larry3,4.165629888,-2.393914874,EryP
AGCTATATGAATGCTATC-1_larry3,-1.788845992,-1.088347847,MPP4
ATGCTCACCAGTACGAAT-1_larry3,-1.986783242,-0.272075987,MPP4
TGAGGTCTCCCTTAATTC-1_larry3,3.215811038,-3.605485613,EryP
GCTCTCCAAATCAAGCAT-1_larry3,-0.632401085,4.852845972,GMP
CGAATCCTGTCATCTGTC-1_larry3,3.356552148,-2.126564438,MEP
TCAATGGACGCATGTAAG-1_larry3,1.329824293,1.787789648,GMP
AAGGATACGACGTGAATC-1_larry3,-3.287607169,-0.827448363,GMP
ACGTGAATCCGAGTAGCA-1_larry3,2.945163274,2.732941454,MEP
CTGGACACTCGTCAGCAC-1_larry3,5.739640498,-2.381031926,EryP
TCTCGATGCTTATGAGGA-1_larry3,2.336067224,-1.37235337,MEP
ATAGCACGGAATCGCCAT-1_larry3,4.544733071,-4.214423115,EryP
TTACGCTCGAGTTCGATA-1_larry3,5.915701175,-0.425758402,EryP
GAGAACAGGGTGTCGAGC-1_larry3,4.57544663,-4.491818125,MEP
ACGCTAGTGCATCAATAG-1_larry3,-0.908694005,-1.903298433,MEP
TAACACGAGAGTTCAACC-1_larry3,3.083431506,0.440776293,MEP
CATGACGTTGTTGCTCAG-1_larry3,3.716869378,-1.912170584,EryP
AGCGGTAAGTAACACATC-1_larry3,-2.452181792,-2.627468045,pre/pro-B
CTGTCTAGTCCATGATGT-1_larry3,0.67856857,3.123051946,GMP
ATGCAGTTCCCGAAGCGT-1_larry3,-1.144632077,1.597385829,GMP
CAGCAGTACCGACGTACG-1_larry3,2.072091723,3.823825662,GMP
ACAGTATTGGAGCTCTCA-1_larry3,5.069930339,-1.867908771,MEP
TGAGATCATTCTACATCC-1_larry3,5.77588346,-1.80601948,MEP
AATAGACGCATAGCTTGC-1_larry3,4.228284145,-0.976730819,EryP
CTTCCGTGGATGGACGTT-1_larry3,1.851047063,1.339053814,GMP
GGTCGGATATATTACAGC-1_larry3,-1.593142724,1.775360172,GMP
AGCTATATGCTGCAGAGC-1_larry3,3.704094672,-0.497819762,EryP
GGAGAATGAACCGTACGC-1_larry3,-4.279871678,1.291927521,GMP
GACGTCAATTCACACTGC-1_larry3,-0.294051623,0.641371791,MPP4
TGCCGAACTCCTTCGAGC-1_larry3,-3.241677737,2.029888218,GMP
ATCGTAGTGGTGACTCTC-1_larry3,2.841779733,2.82333905,MPP3
TGTGTAGAGCGTATTCCT-1_larry3,-0.231331265,-1.699759419,MPP3
CCTCTCTAGGGATACCTA-1_larry3,1.956805372,3.776771848,GMP
CATTGTTCATGGACGAGA-1_larry3,-0.776056385,5.502161329,GMP
CTTAGAAGGAGAGGTGAA-1_larry3,0.563516991,1.860829895,MPP4
AACAATGCAGCTACAATG-1_larry3,-0.461377001,3.217011278,GMP
AACAACTGGGCAATGAGA-1_larry3,-0.561824059,4.61406595,GMP
TCCAACGTGGCGATATGA-1_larry3,1.920316243,1.221043294,MPP4
AATCGCCATATCCGGTCC-1_larry3,-5.499012208,-1.465042765,pre/pro-B
CGACGTGATCTGAGTCCA-1_larry3,4.380639577,-1.001664097,EryP
GTATCGTCGGACGCTTGC-1_larry3,-0.948944068,-0.406417067,MPP4
GCTCAGCCAAGCCACTTC-1_larry3,-3.444943166,-1.076355929,GMP
AAGTCATGACCTTCGAGC-1_larry3,0.897447357,-0.468319635,GMP
TACAGGACTTCACCGAGG-1_larry3,5.661533618,-0.288566213,EryP
ATCTTACAGTCCAACGTG-1_larry3,-7.476817345,-2.886861498,pre/pro-B
TAAGGTGATAGCCTCTAG-1_larry3,-0.17291317,3.407666271,GMP
CTAGTGCTGCAGCAGTAC-1_larry3,3.193110728,2.328490322,MPP3
AGTCTAAGCAACGATGAC-1_larry3,-6.189706063,-1.954939182,pre/pro-B
CATCGCTGGTTCCGCCAG-1_larry3,-2.526182628,0.775545065,GMP
TAGACCTACTAGTCAGAC-1_larry3,-3.38765738,2.237658088,GMP
TCGCGTCATCTTGCGACC-1_larry3,3.474702144,-0.180651466,MEP
GGTTCGCAAAGTAATGGT-1_larry3,4.709468627,-1.420305784,EryP
CTCGCAAGATGTACACGA-1_larry3,4.262824559,-1.174120362,EryP
TGCTATGAAGCACAACTC-1_larry3,0.273688281,1.023038809,GMP
GAGTCCAATGGATCGTTC-1_larry3,-2.56577084,0.277017479,GMP
AGTAGAGGATGAACGTCA-1_larry3,3.962951446,-2.945374186,EryP
CTATTAAGGCCGATCTCT-1_larry3,4.558501506,-1.740948732,EryP
CCACTACCAGCCATACAA-1_larry3,3.02850678,-2.343921597,EryP
ATGCGGATTAACAGATCG-1_larry3,-1.777121281,-0.625950332,MPP4
AGCACCAGCTGAGACAGC-1_larry3,0.081257665,5.854661768,MPP2
GCCTGGAATTAGATCTGT-1_larry3,-0.932816601,0.767592375,GMP
CCTCTGCATGCGAAGACA-1_larry3,2.973527694,-3.201288636,MEP
GACTTCACCGACTTCACC-1_larry3,2.049758339,3.788673227,GMP
GTCAAGATCTGTCGTGAG-1_larry3,-5.046836114,2.660219972,GMP
TACTAGTAGCTCAGTGAT-1_larry3,-1.007592058,-0.475395928,GMP
AATCTCCTACTCCTATCT-1_larry3,0.508114004,-0.708879853,GMP
ATGCCTTCATTACAGTGT-1_larry3,-0.113764262,-1.754308755,MPP3
CTCTGCGGTATGTCCTCC-1_larry3,-0.457275247,-0.20944466,GMP
TGTACACGAGGTAGTGTT-1_larry3,2.152862215,-1.520809348,MEP
TTACCTCTCGCCGAACCA-1_larry3,2.74757936,-1.122935946,MEP
CCTAAGAAGCTACGTTGG-1_larry3,3.370489144,0.22058696,MEP
GAACCTTCAATGCGTGGA-1_larry3,-1.76852057,-0.859251614,MPP4
CCGACTTGGGTACGAACG-1_larry3,0.529288957,-1.669606264,MPP4
CGTCGTCAAGCTGGTAAC-1_larry3,2.159697914,3.834588831,GMP
TTGTCAACCTAGACACGT-1_larry3,2.993345285,-2.335786755,EryP
ATGCGGATTCTAATACGC-1_larry3,4.120170617,-1.853201086,EryP
CCACGGATCGTACCTAAC-1_larry3,-5.463667607,-1.990090783,GMP
ACGATGACCAGTATGACG-1_larry3,0.157163406,3.866342371,GMP
TGCCGAACTAACGATGAC-1_larry3,-1.525181508,1.827507799,GMP
TTCACTCCTTGATCTCGG-1_larry3,0.375881487,1.044373696,GMP
CCTAAGAAGACAATAGGT-1_larry3,2.124834204,-1.340134437,MEP
AGACCACGCACGCTCTTA-1_larry3,-0.32306031,1.924575393,GMP
CGATTCGAGGCGCTACCT-1_larry3,-2.024072862,-0.316533143,GMP
GATTCCTCTACACCACAT-1_larry3,-0.745632148,3.040441578,GMP
CTATTCCGTACGACATCT-1_larry3,3.498265052,-0.473771016,EryP
AACGTCGAGTATCCTCAG-1_larry3,2.324913883,0.688496416,MPP2
GCTCCTAGCCAAGTCACT-1_larry3,-6.031946397,-1.008328612,pre/pro-B
GGTTCGCAAAAGCATTGC-1_larry3,0.033682728,1.221486514,MPP4
CATCCACCGGAGCAGGAA-1_larry3,-1.703496909,4.092036073,GMP
TGTGCTAACGCGACAACC-1_larry3,0.354159975,2.320859974,GMP
CTGGACTAAACAGTATTG-1_larry3,-0.524095392,1.190849249,GMP
TGTGGACAAGAGATTCCT-1_larry3,0.964920187,-0.269614666,GMP
TAGTCAGACCAAGAGGAG-1_larry3,0.376086766,0.658363884,GMP
TTACAGTGTAGTTAGGTC-1_larry3,0.55257214,-0.377436,GMP
CCATAGCCAAACCGCTGA-1_larry3,-1.765166259,-1.064077492,MPP4
TACGAACTCCGCGATGTA-1_larry3,-0.368800139,0.817563241,GMP
AGCGGTAAGGTGCATCAA-1_larry3,3.940339351,-2.838343317,EryP
GTTCCAACACGTCAGCAC-1_larry3,3.711962962,-2.220584686,EryP
ACCGAGTAGCGAACAGAG-1_larry3,-1.189886784,-3.093352253,MPP2
CAATGCATTCTACGTTGG-1_larry3,-0.093146777,-0.360200102,MPP4
CATGCCAGTATCCGTCTC-1_larry3,3.612858081,-2.260703738,EryP
CCTTATCCGCCGTTCCAA-1_larry3,3.310042405,0.131290172,EryP
TGCGATACTTGTCGTACA-1_larry3,-0.80290184,1.469961708,GMP
ATGTCGCCTTGCCAATGG-1_larry3,1.854791665,1.663757269,GMP
AGTGAACGGGCACGCATT-1_larry3,-0.146400368,2.528653925,GMP
CTCCTGACGCTCGTCTTG-1_larry3,4.815070415,-1.819576318,EryP
TCCAACGTGTGTGGTCCT-1_larry3,-1.79750154,0.727715914,GMP
AATCCGCTGAGCTATATG-1_larry3,-1.795149541,1.728083198,GMP
AAGACTACCAGAGCGCGA-1_larry3,0.019571269,3.601981943,GMP
CGCAATCGAACTACCATC-1_larry3,3.110527063,-2.30720299,MEP
CCTGCGTTATCCGGAGCT-1_larry3,-1.226170635,0.238903468,GMP
CATCCACCGGCCTGGAAT-1_larry3,6.287608409,-2.877890999,EryP
TGGAGAGTGAGAGCCGCA-1_larry3,6.044480586,-0.640631194,EryP
TAGTTGACGGACCACTCG-1_larry3,-1.197161531,0.350184982,GMP
TATTACAGCGCTTCTGAA-1_larry3,-0.441861605,2.565599506,GMP
ATCCACAGTTTGTAATGC-1_larry3,4.347364688,-3.562845642,MEP
GGATACAATTAGTAACGG-1_larry3,4.32426908,-1.322872455,EryP
GCAGCTTGAATAATGTGG-1_larry3,4.443816209,2.930871074,GMP
AAGGAAGTCGTCACAGAG-1_larry3,-4.684524274,0.299666708,MPP4
ATGAGCAGGGTACCTAAC-1_larry3,-0.761214113,1.034845655,GMP
GAGAACAGGTGAGACAGC-1_larry3,2.358485961,0.880060618,MEP
ACGTCGCTCCAACCTGGT-1_larry3,-4.966477132,2.290490215,GMP
TCCGATCTGACACACGTC-1_larry3,-0.441356277,-2.052696879,MPP3
TACGGTCGTATTAGCCAC-1_larry3,0.372556859,2.691083019,GMP
TTCCTCGGTTAAGCCATT-1_larry3,3.256778979,-0.95987689,EryP
GCAACCAACTAGACCGCA-1_larry3,-4.218923306,-0.811277385,MPP4
CGTGTGTGGCGCGATGTA-1_larry3,1.418212795,0.355454569,MPP4
GGTAACTACCCATTCTGC-1_larry3,0.171591634,0.421956246,MPP4
CACCTCAACCGGAGACTT-1_larry3,3.575705552,-2.699535305,EryP
GTTGACGTGATGAGCAGG-1_larry3,0.443736071,2.100755518,GMP
TTCCTAAGGTTCGTGATG-1_larry3,5.750548148,0.499705379,MEP
TCAGAGTCACCGCAGCTA-1_larry3,-0.080691314,1.343255584,GMP
GTTATCGATCGAGTAGCA-1_larry3,-0.576989508,4.566942518,GMP
AGCCTCTAGGCTTGTCCT-1_larry3,5.201214099,0.958772962,MEP
GATAAGCTGTCGCAAGCA-1_larry3,4.950931811,-2.132883961,EryP
CCAGGAGTTTGCCAGACG-1_larry3,1.271561349,2.044994419,GMP
TGGTCCTAGGCTCAGCCA-1_larry3,3.439317727,1.75144655,MEP
GCAGCTTGAATGAACTAG-1_larry3,-1.35272882,-1.459149773,MEP
TCCAGCAGCCCATAATCG-1_larry3,1.872751379,1.54102618,GMP
TAATCTGGACGTAATGAC-1_larry3,-0.434130645,4.795835798,GMP
TACCTCCTCCACTAGACT-1_larry3,1.960699582,-2.167246039,MEP
TTATCCAAGATTGACACG-1_larry3,2.716131234,-0.559827621,EryP
GCACTGGATACCGTCACG-1_larry3,-1.14377985,2.425771778,GMP
TGGACGAGAATTAGCACA-1_larry3,2.151103163,1.461079781,GMP
CGTACATCTTTCATTCGC-1_larry3,-0.933045125,2.262778823,GMP
ACTTCAGTAAGTCGCGAC-1_larry3,1.07999053,-0.58410653,GMP
AACAGATCGCAGCAGTAC-1_larry3,-0.337318575,-2.051589186,MPP3
ACTCGAGTCATAGTGGTT-1_larry3,-2.100701547,1.508567994,GMP
AGCCACTTCTGTCACATA-1_larry3,3.471832776,-0.457832525,EryP
TACCGCGTTATCCTGCCT-1_larry3,-0.515768862,-2.65297621,MPP2
CGTATCGAAGAGTTATAG-1_larry3,-5.607043958,-0.760657455,pre/pro-B
CAAGCGCATAGTGTGCAC-1_larry3,-0.483200884,3.331612175,GMP
TGTAACAGTAACTAACTG-1_larry3,-1.138371563,2.029402797,GMP
TGATGTGTGTTCATCCAA-1_larry3,-0.902388549,-1.819018657,MEP
GCAGCAGTGACTACCATC-1_larry3,-1.075175738,2.622981613,GMP
GTGTCCGTGTGATTGCTG-1_larry3,-1.23756144,4.919137781,GMP
GATGTTACATGGACGAGA-1_larry3,1.218588197,2.698343341,GMP
ATTCTCTGGAGACGGAGG-1_larry3,-5.412704682,1.028224175,MPP4
TGTGGACAACACAACGCT-1_larry3,-1.002691006,2.497621839,GMP
ATGTGAGACATACTTGCT-1_larry3,-0.373742556,1.524053757,GMP
GTGCCATGATGTATCGTG-1_larry3,2.434897328,-2.726674492,MEP
AGTGACGATTTGCTCTGC-1_larry3,-4.425582146,-1.425154145,pre/pro-B
GAATCGAGAGACTTGATT-1_larry3,3.456994081,-1.338758881,EryP
TCACGCGACGTAGAAGTT-1_larry3,-0.416550493,-2.17354315,MEP
GTCGTTGCGAAGCACAAC-1_larry3,5.713112617,-0.471915002,EryP
ACTTCGCAGCATGTCCTG-1_larry3,1.61706605,-1.17620414,MEP
CTTGATCTAACTCTCACA-1_larry3,-0.855274653,0.761337106,GMP
ATCGTAGTGTTCCAGGAG-1_larry3,-0.252352333,4.605500524,GMP
CAATCAAGTATAATGTGG-1_larry3,3.278120303,-2.292558606,EryP
GATCCGCACTCCACGTGC-1_larry3,2.63713541,-2.109314139,EryP
ATGCGGATTACTGTAATC-1_larry3,1.871857906,-0.786001946,MEP
TGCGCACTGAACTTGTCG-1_larry3,3.968579793,-1.169339592,EryP
GCCAACAATTTGGAGAAC-1_larry3,2.935921216,-2.577356989,EryP
TGTCCATAGAGCTATATG-1_larry3,-3.072675919,-4.062235529,MkP 2
ACACACCGTAGCAGACAA-1_larry3,-0.738802409,0.908133214,GMP
TAACACGAGATATCCGAT-1_larry3,-4.164263463,1.061358874,GMP
ACTACCATCTATCTAGGT-1_larry3,-1.614393926,0.535775726,GMP
ACGATGACCTCAGTAAGC-1_larry3,0.296515817,0.582789545,GMP
ATCGATCCTGTACGCGAT-1_larry3,-0.055033421,-2.313065226,MEP
GTTCAGAAGATAGAGCAG-1_larry3,4.352584863,-2.804999287,EryP
CCACGTTCTTCGCAAGCA-1_larry3,3.969552541,0.910834258,EryP
CAATCTCCGATGAACTAG-1_larry3,-1.053936577,0.339201515,MPP4
GTTAGATTGCGTAATGAC-1_larry3,-3.276314711,-0.949637825,GMP
ACCGGTTACAAGTTGCCA-1_larry3,-0.654465771,0.602661853,MPP4
ACTCATTCATTACACCTT-1_larry3,3.129391456,2.33938462,MPP3
CGAGTAGCATTAGTCGGA-1_larry3,-0.416441774,-0.412246818,MPP3
TTGAGACGGACTAAGTTC-1_larry3,-5.561956143,-0.711285556,pre/pro-B
CTGTGGTGGTACATGCAC-1_larry3,2.946377301,0.126327639,MEP
AATGCAGCGCGAACAATC-1_larry3,3.20246222,2.384989803,MPP3
GACACCGATACAGGAACT-1_larry3,-1.004629588,3.399664228,GMP
AGATCTGACAAGCTGAGG-1_larry3,-0.970612621,4.665717905,GMP
TTACTAGTCCATACGCAG-1_larry3,1.934541726,-2.567492421,MEP
GTATACAGACCTCTTGTA-1_larry3,0.066921616,2.381189649,GMP
ATGCGGATTATCCGTCTC-1_larry3,2.733984494,-2.906749899,EryP
CTACGGTATCCTGCAGAT-1_larry3,-0.148191607,5.988987272,MPP3
GACATATGTAATGCTATC-1_larry3,-0.05354253,0.933867519,MPP4
GACCAGAGATCTCAGGAT-1_larry3,5.940409923,-2.577037508,EryP
CTTCACTGTTGACGATGA-1_larry3,-3.966068005,1.390446966,GMP
ACGCTAGTGGTCCTTCAT-1_larry3,3.642638707,-2.053662355,EryP
TCCGGAGCTAAGCACAAC-1_larry3,3.546877647,-0.075840424,EryP
GAGGTCACGGAGTATCGC-1_larry3,-4.948199963,-1.436817105,pre/pro-B
CGGAACGAGCTAGTGCTG-1_larry3,-2.578870511,-3.350295241,MkP 1
CGTGTCCGAGTCATTCTA-1_larry3,0.298251057,1.538472955,GMP
GTGAATGCCGCCATACAA-1_larry3,-1.682410931,3.03302223,GMP
ACGAGAGCAAATCTCCTA-1_larry3,-6.566113686,-2.733318503,pre/pro-B
CAGCGTAAGCGTGCCTAT-1_larry3,2.210320258,3.439477031,GMP
CAGTCCTAATATACGGAT-1_larry3,3.90782001,0.214080458,EryP
TATTACTCGCGTGTATTC-1_larry3,-5.383292889,-1.748385723,pre/pro-B
GTTCACTCCTAGAGCGTC-1_larry3,-1.104639745,0.488253002,MPP4
GTAGGACGCGGTGATAGG-1_larry3,2.921347642,-0.737579251,MEP
ACTTAGCTTCATCCGACA-1_larry3,0.300564641,-2.138786609,MEP
CATGACGTTGCTCTGTGT-1_larry3,-5.76893208,-1.288446481,pre/pro-B
AATGCAGCGCCGCTCATG-1_larry3,6.19739368,-2.434089596,EryP
CTACCTGCGGCCTTATCT-1_larry3,2.50379386,1.041381066,MPP3
CGTGCCTATCACGCGTAA-1_larry3,-5.814748025,-1.964017565,pre/pro-B
CTCAGGTACAAGCAGCAT-1_larry3,-0.891372299,1.311387127,GMP
TCGTAGGAAGTCAGTTGT-1_larry3,0.505219141,-0.947940404,GMP
GTGGTTACCGTTAGAGAC-1_larry3,-0.779752707,0.518401985,GMP
GCCAACAATCTTAACAGC-1_larry3,5.429811263,-0.514379228,EryP
AGTCTAAGCCCATAATCG-1_larry3,-0.592495537,0.314245586,MPP4
GCTTAGAACGCAACTCGC-1_larry3,2.763040805,2.694627588,MPP4
ACCGGAAGGTCGCTGTAA-1_larry3,-0.65215776,2.062345808,GMP
ATCCTGCCTGTGGAGGTC-1_larry3,0.814175242,3.807714765,GMP
AAGCAGCATCACAATAAC-1_larry3,-1.186860418,-1.741218145,MPP4
GTAGCATACAGTGAGAGA-1_larry3,-1.501890874,-0.281275,GMP
GTAGGACGCCTCTGCGGT-1_larry3,-1.150092697,-0.11966687,MPP4
TATCGAGCCTCTAGCTGG-1_larry3,-0.547180271,3.130112474,GMP
ACAGCGGTCAACTCCATG-1_larry3,0.692357125,0.265827184,MPP3
TGCAGCCTTCTGTACGAC-1_larry3,4.541088128,-1.787933524,EryP
AGAGCGCGATGTCTACAC-1_larry3,3.986574912,-1.618746693,EryP
GAGATTCCTCGACCTGTA-1_larry3,1.34451505,-0.808705385,MPP3
GCCAATGAATGACCTATG-1_larry3,3.038234258,-0.813982661,EryP
AGTAACGTAGGTGCGTAG-1_larry3,0.935847664,-0.790547038,GMP
ATCCATTAGTGCTCACAC-1_larry3,0.620303413,-0.244181032,GMP
TTACAGTGTTCATCAGAG-1_larry3,2.465236449,3.427228515,GMP
TTGGTAACTAGTAATGGT-1_larry3,5.314165855,-0.654130424,EryP
TACCTCCTCGCCTTGTGA-1_larry3,4.095412994,-1.675018604,EryP
CCACGTTCTACGTATGTC-1_larry3,0.232851857,0.99128515,MPP4
TTGCTCTGCAGCCGTTCT-1_larry3,2.778872276,-2.220497544,EryP
CCAACGGAAAGAGCCGCA-1_larry3,3.642878795,-1.487214858,EryP
CTATGGATGCATAGTATG-1_larry3,4.983145976,-0.732112611,EryP
AGTGGAATGCTGGTGACA-1_larry3,-0.778387046,1.20896024,GMP
AAGCAATCGTTGTAATGC-1_larry3,-2.334877229,1.002853816,GMP
GATGCTCCTATGACACAA-1_larry3,-0.292520678,1.310156648,GMP
GCACTGGATTCGCATTCG-1_larry3,-1.423419452,0.395825987,GMP
ATAGCCTAAGAGATTCCT-1_larry3,-1.679574704,-1.734450872,MPP3
GATGCGACGGTGCTCGGA-1_larry3,2.091108346,-1.042514915,MEP
GACGTAGCAGTGATGTGC-1_larry3,-1.43886826,0.628931289,GMP
AGTGTTCTGGGAATTGGA-1_larry3,-1.863062119,0.597340648,GMP
CCTTCGAGCACAACGAGC-1_larry3,2.744212175,1.579392378,MPP3
AGATCGAGTGACAGGTTA-1_larry3,-1.586054063,-1.429431255,MPP2
GGTTCAGACACTCATTCA-1_larry3,-1.495893454,5.466516321,GMP
ATCCAGCTGGCTCTCCAA-1_larry3,-0.046533501,3.137094562,GMP
CAATGTGCTTGGAGAGTG-1_larry3,3.382014775,-3.104751999,EryP
TCTGAGATAAGTCAGTTG-1_larry3,0.847258771,-0.15147158,GMP
ATGAGCAGGTAGTCGCAT-1_larry3,0.028818274,1.153759782,GMP
TCTCAGGATGAGTTAACT-1_larry3,2.670651221,2.692639892,MPP3
TGAGCAGATAGTTAGGTC-1_larry3,-1.003462648,-0.484345938,MPP4
ACGAGCTTCTTGTCAACC-1_larry3,4.46031692,-2.369267638,EryP
ACAACGAGCGTACAATGC-1_larry3,2.681522155,-1.505652006,MEP
GTCAACTGAACCTAGTTA-1_larry3,-1.161226129,-2.236899788,MEP
TGAGATCATTCAGACAAG-1_larry3,-1.296204543,1.424481337,GMP
CAGTTGAGTGTGGAGGTC-1_larry3,2.767916703,2.680115764,MPP4
CGTGTATTCCATCTCACG-1_larry3,-0.476865148,0.130423104,GMP
GGTTCGCAACGTCTGCTG-1_larry3,4.21719482,0.255375867,EryP
ACAACGAGCAGCTGCACT-1_larry3,-7.498521066,-3.013692791,pre/pro-B
CTCTTCAGCACACCACAT-1_larry3,-2.192570424,-0.266866707,MPP4
CGCAATCGATTAACGTTC-1_larry3,-7.541396355,-2.731529648,pre/pro-B
ATTCTCTGGGTATGTATC-1_larry3,5.506699348,-0.621929849,EryP
AATACTCCGACGCGTGAC-1_larry3,3.410269046,-1.343689258,EryP
TTGCCAGATATAGAGCAG-1_larry3,0.806654731,-1.108577068,GMP
ACTTCGCAGCTCAGGTAC-1_larry3,2.192618394,1.543264692,MPP4
ATAACGACAAAGCACAAC-1_larry3,2.243490005,2.647928541,MPP4
TAGTCGCATGGAGTTAGC-1_larry3,-0.292371785,2.022440736,GMP
CGTGTATTCAATGCTGAT-1_larry3,-0.61756835,-0.044147457,GMP
GTCCTAGTTCACGGATAG-1_larry3,-3.429171777,2.386707609,GMP
AGTATGACGGGTGGAGCT-1_larry3,-0.333886242,2.99326474,GMP
ATCCGGTCCCTCTAGTAA-1_larry3,4.938259387,-2.994000132,EryP
ACCGTCCTAGAGAATCAG-1_larry3,-1.731488919,1.499877994,GMP
AGTAATCAGGCCATACAA-1_larry3,-5.177278256,-2.300483639,pre/pro-B
AGATCGAGTTTCACTGGA-1_larry3,2.790502334,-2.841304953,EryP
ACTATCCTGAATGCTATC-1_larry3,4.610457206,-4.571230109,EryP
TTCATCCAACCAAGTCGA-1_larry3,-0.982754564,5.05635864,GMP
GATTGAGTACCTATTCAA-1_larry3,3.195048356,-1.855485375,MEP
ATCAGTCGAATCAAGCAT-1_larry3,4.000620628,-1.82024234,EryP
CAAGAGAGTTAGCTAAGA-1_larry3,-2.907462096,1.262967651,MPP4
CGAACAGAGTGTACACGA-1_larry3,-7.47843287,-2.904659922,pre/pro-B
TCCGTATACAGCTACTCA-1_larry3,2.197261954,0.803982799,MPP4
CATACGCAGAATCGCCAT-1_larry3,5.29631021,1.552590673,MPP3
CAGTTACTGGACGTTCAG-1_larry3,-0.45170865,1.4164694,GMP
GTACCACAATCGTCCGAT-1_larry3,-0.709409094,-2.912684853,MPP2
TCAAGGAGTTATGAGACC-1_larry3,-1.269686198,1.771064584,GMP
CGCTTATGAGCACGCATT-1_larry3,3.347601199,-2.673807318,EryP
TCGCGTCATCTATTCCGT-1_larry3,0.969406122,-0.30827064,GMP
GCCGAGTCTTGCAGTTCA-1_larry3,1.171545828,-0.144806335,GMP
CCGGTGGTTTGCCTGGTT-1_larry3,0.716291865,-0.145644287,GMP
ACTTAGCTTCACTTGGAT-1_larry3,0.528483176,-1.290491755,MPP4
AATACTCCGTAATCACGC-1_larry3,3.663780475,-2.983659918,EryP
GTGACTCTCAACCGTGAG-1_larry3,3.991487765,-2.183038409,EryP
AAGTTGCCATGCATCGGA-1_larry3,2.287123108,-0.1929867,MEP
TGAACGTCACTATTCCGT-1_larry3,4.58319881,-4.538181002,EryP
GTCGCAGGTAGATCGAGT-1_larry3,6.132082725,-2.40931123,MEP
GTCTTATGCCCGATACCG-1_larry3,6.218433643,-2.733108456,MEP
GAGACTCGACTTGCGACC-1_larry3,-1.121525144,-2.403426821,MPP3
CAGGATCAACTTGGTCAT-1_larry3,0.094642306,2.134965007,GMP
GATAACGTCACCGTACGC-1_larry3,3.598667169,-0.330629873,EryP
TACCATGTAAGCACACCT-1_larry3,3.235048318,-1.952550704,EryP
TGATCTCGGCGCAACCTC-1_larry3,-5.44394896,-1.342293317,pre/pro-B
AGTCCGTGTCACACTGCC-1_larry3,2.380952978,-1.39396363,MEP
GAGACGATCACCGAGACA-1_larry3,-1.509240365,-1.126788433,MPP3
ATCAAGAGACTTCGTGCA-1_larry3,1.995929384,3.834449117,GMP
ATGTGAGACGTCTTCTCG-1_larry3,0.15786221,-0.850688214,GMP
GCCATACAAGGTTAGATG-1_larry3,-0.768867588,2.557962244,GMP
CCAATATACTATGGTTGG-1_larry3,-2.157772279,0.721766417,GMP
TTCACTGGAGGATCAATG-1_larry3,-1.799250817,-1.319663937,MPP4
CGCATCTACCATGCCAGT-1_larry3,0.471373508,-1.023365374,MPP4
CCGCACTCACTTACATGC-1_larry3,-0.365009045,-5.861082728,MEP
ATACGAGGTCCTTAATTC-1_larry3,2.808877731,-0.686724867,EryP
CAGATCGACATCGAATCG-1_larry3,5.377755428,-0.60417455,EryP
GATACACTACAACGCACA-1_larry3,-3.673705792,1.614530032,GMP
TACCAGCCACCACATTAG-1_larry3,2.25875237,3.652121131,GMP
AACGATGACTTGATGCTG-1_larry3,-1.884768939,-0.23475933,GMP
GGAATTCACACTCATTCA-1_larry3,5.170813823,3.408827369,GMP
ACGTCTATGTGACGATGA-1_larry3,-4.561632371,-1.471065338,pre/pro-B
TCATCATCTGTCGTTGCG-1_larry3,-5.739963746,-1.268221552,pre/pro-B
CACGGATAGGAGCCGTTA-1_larry3,2.891525054,-2.32292598,EryP
TATGTACCTTCTAATACC-1_larry3,5.804345393,-2.511852915,EryP
ATTCCTACGCACTGTATC-1_larry3,-0.473347998,5.749149149,MEP
AGACATATCCTAGTATAG-1_larry3,-5.743669724,-1.450439508,pre/pro-B
TGCCTGGTTGCCATACAA-1_larry3,0.840261886,1.214450662,MPP4
ACCTGCAGAACGACGATT-1_larry3,2.262032294,3.81428129,GMP
CAAGAGAGTGGATAATAC-1_larry3,2.498874092,-0.903169568,MPP3
CCAGATCACGATGTCTAG-1_larry3,2.379043484,2.245089595,MPP4
CTCGCAAGAATAAGACAG-1_larry3,-0.871463752,-3.069404299,HSC/MPP1
AACTCCATGCGCGTACTA-1_larry3,1.237135732,2.711279457,GMP
GCTTACGTTCTCCAGCGT-1_larry3,1.109108353,3.231187646,GMP
GCTGACAGACCTCGCGTT-1_larry3,5.278071189,-0.711720819,EryP
ATCCACAGTCCACACAGA-1_larry3,3.308589482,-0.271224485,EryP
CAAGAACCGACCACGCTA-1_larry3,0.448793033,2.378312414,GMP
TATCGGAACCCGACTTGG-1_larry3,1.932406926,1.659542506,GMP
TCGCATTCGGACGCCGTA-1_larry3,4.225821996,-0.100874315,EryP
CCTAGAGTATGTAGATCG-1_larry3,-1.52011702,-1.986562426,MPP3
AGTACTACAGCACAACTC-1_larry3,4.099245334,-2.513383562,EryP
GATATGGACGTCTCCAGG-1_larry3,1.572843933,3.926291292,GMP
TGACCTATGCATCTCGAT-1_larry3,0.661458668,1.139441555,GMP
CGACGTGATGTAACCATA-1_larry3,-0.834914422,1.118062322,GMP
CAAGCGCATACGGTGCCT-1_larry3,-1.938545203,-0.671001072,GMP
ACGACGATTAGTTGCCTT-1_larry3,4.380077148,-2.385328228,EryP
CATATGCGAGTACAATGC-1_larry3,-1.144907212,5.538509195,GMP
GAGAACAGGCGGAATGCA-1_larry3,-5.442091203,-0.754657472,pre/pro-B
GCTTGTCCTACATGGATT-1_larry3,3.998310828,-1.827819164,EryP
CTTAAGTTGAACGAGAAT-1_larry3,5.105284476,3.136286562,GMP
TAAGGTGATTACCAGCCA-1_larry3,1.873177672,0.37122268,MEP
ATCCTCCGAGATCTACTT-1_larry3,-0.390183067,-0.633058931,MPP4
GTAGAGAGCCCTATTCAA-1_larry3,0.483595753,1.081624334,GMP
CATTGACAAGACCGGTAG-1_larry3,-0.354934192,2.764392679,GMP
AGACGCTATCAACGATCG-1_larry3,2.825924421,-1.396771724,MEP
GGTAATCTACGACCTAGC-1_larry3,1.64575299,1.322374051,GMP
TTCAGTGCCTGGAAGATT-1_larry3,0.050461734,2.323165958,GMP
CTGAGATAGGTAACCATA-1_larry3,3.765938306,-0.471582467,EryP
GACCAACAGAACAACCTA-1_larry3,5.434741283,-0.687526668,EryP
TCTGAGATAATAGTCAGT-1_larry3,3.036236787,2.470292394,MPP3
TGGTAACCACTGACAGCA-1_larry3,4.809950137,-2.891197379,EryP
TGTGTCTACTTCATTCGC-1_larry3,-0.45632348,-2.403745825,MPP3
GTGACTCTCACATGGATT-1_larry3,0.221843326,0.469188278,MPP4
ACAGCGGTCCGTATAGCG-1_larry3,-1.588792777,-1.458543117,MPP4
CGTAATGACGTACGTCTA-1_larry3,-1.881330228,-1.400516803,MPP4
CATTGTTCATGACCTATG-1_larry3,0.889498526,-0.288084523,GMP
GTACGAACGGATCGTTGA-1_larry3,-1.481478906,-0.589652802,MPP4
CCGCAGCTAGGATGCTCG-1_larry3,0.986259842,2.210885589,GMP
CTCAGTGATGAGCCGTTA-1_larry3,0.017846251,5.563989465,MPP4
AGCTACTCACGTATAGCG-1_larry3,0.624959806,4.146961992,MPP3
CGTGGTACCCACTGCTTA-1_larry3,0.683519505,2.726860826,GMP
GTCGCAGGTCACACCACA-1_larry3,-1.095949268,2.768781965,GMP
CCTTAATTCATCATAGAC-1_larry3,-0.16016916,0.626598601,MPP4
CAGGTTGTCTGTTACTGA-1_larry3,3.95875504,-2.299459631,EryP
GATTGAGTATTCCATACC-1_larry3,-0.30968467,-2.093845184,MPP3
CCGTAGTTGAGCGGAACA-1_larry3,-0.359773969,0.024815713,MPP4
AGCACCAGCGCGACAACC-1_larry3,-5.124294019,-1.29493099,pre/pro-B
CTTAGGACTGATCTGAAT-1_larry3,4.701894546,-2.399323637,EryP
AGGTCCGTCATTCCTACG-1_larry3,3.424210811,-0.220668169,EryP
TCCTCGTCGTCGTCCGAT-1_larry3,0.704943517,1.641177361,MPP4
AGCCTCTAGCATATGTCG-1_larry3,5.039340758,-3.703088458,EryP
GCACTGGATCGCAACCTC-1_larry3,3.939009452,-1.593002493,EryP
TAGACCGCATACGAACTC-1_larry3,0.147974754,2.821397846,GMP
CAATCTCCGAGAAGCTGC-1_larry3,-3.517189717,0.111039256,MPP3
GCAGGAGAAACTCCAACT-1_larry3,-0.233326173,-2.079430039,MPP3
TTACGGACCACGAGCTTC-1_larry3,0.664545426,1.464485948,GMP
AGTCGTCCGGCTTGGTTC-1_larry3,-1.961477017,-2.24880224,MPP3
ATTGCCGACGGAGACACA-1_larry3,-3.354441857,2.352450435,GMP
CCTGTCGACGTGCGTTCC-1_larry3,-3.045825934,-4.027091677,MkP 2
TTACGCTCGTGCCATCTC-1_larry3,-1.600020623,0.07255513,GMP
GAGCCATCCGAATCGAGA-1_larry3,-1.184286451,-3.163205559,HSC/MPP1
ATACCGCTTATGAACTAG-1_larry3,2.633311415,3.261870925,MPP4
TCTGTGAAGCGCGTACTA-1_larry3,-1.902610755,-0.341647311,GMP
TAATCACGCAGCATATGG-1_larry3,4.070826554,-1.950795228,EryP
GCGTATAGGAGTAAGCCA-1_larry3,0.758518802,1.017003839,GMP
GGTGCGTAGAGTTGTGTA-1_larry3,6.517359519,-2.115767534,MEP
TACTCGACCGAACCTTCA-1_larry3,3.32162478,-2.062985952,EryP
TGGAAGATTCTAATACGC-1_larry3,2.008296633,2.004137819,GMP
CAATCTCCGCGTGAGACT-1_larry3,-0.70517776,1.027501051,GMP
GCTGTTCGGTAGATCTGT-1_larry3,0.131748998,-0.269775885,MPP4
ATTGCCGACCACGATAGA-1_larry3,1.075537735,-1.128941293,MPP4
CAAGTCACTTCGAACGCT-1_larry3,-2.000617719,2.744647567,GMP
ACGGACCATTGACTGAGA-1_larry3,-0.49589715,5.578964059,GMP
CTTATCTCAACATTCCAC-1_larry3,1.811676049,3.645468061,GMP
TTCACTGGAGTAATATCG-1_larry3,-0.952009296,4.909177606,GMP
GAATAAGAGCTGGTCGGT-1_larry3,3.82810452,-2.431454832,EryP
ATACTTGCTGTAAGTGAG-1_larry3,2.829701924,-2.213005001,EryP
GATGCTCCTTTCATCCAA-1_larry3,3.845948482,-2.992410119,EryP
AGCGTCGTCTGGATAGGT-1_larry3,-1.118252849,1.439408724,GMP
ACCGAGTAGCCTGACCTC-1_larry3,4.444863105,-2.166910942,EryP
TGCTCCTCCCTGAGGTTA-1_larry3,2.135987544,-1.525512273,MEP
TGCTATGAACTAACCGGT-1_larry3,3.588683868,-0.980638559,MEP
ACAGTATTGCCATGATGT-1_larry3,1.369624341,2.058084791,GMP
CCTGCGTTAAAGCCAAGT-1_larry3,-0.027270233,4.006765668,GMP
GTGAACCACACTGGTCAG-1_larry3,-0.973128652,-3.043201382,MPP2
ATCATAGACGCGGACGAA-1_larry3,0.935050005,-0.942489262,MPP4
TGGAACTAAGAGCAGGAA-1_larry3,3.127031112,-1.516125138,MEP
CGAGTAGCATCGTGCCAC-1_larry3,-0.917588091,1.403904145,MPP4
AGGATTGAGGGAACCTAG-1_larry3,-2.329371667,-3.295056279,EryP
CTGACGATGACCTGTACC-1_larry3,3.119368577,-2.493279154,EryP
TGTCATAGCAATAGACGC-1_larry3,0.000217879,2.348123138,GMP
TAGATCTGTTATGAGACC-1_larry3,2.404625917,-1.394497211,MEP
GTCACAGAGCCATGCGTC-1_larry3,2.314915919,-2.2981376,MEP
TGGTGGATCCGCACTCTT-1_larry3,-0.425093627,0.173671817,MPP4
CAGCTCTTCTCCTCGTCG-1_larry3,-1.49100945,-0.184742722,GMP
TAGGATGCCAGAGGACGT-1_larry3,5.528054977,-0.159512515,EryP
CTGCAGAGCGCTGATGTC-1_larry3,3.015454078,2.455720728,MPP3
GTCCGTAAGGGTACGAGC-1_larry3,-7.641934609,-3.052564795,pre/pro-B
CTAGTTCCAGTGGACTGG-1_larry3,3.09053638,2.520920103,MPP3
CCATTCTGCACAATTCGG-1_larry3,1.196600759,2.843445604,GMP
ATCGAATCGCCTCCTTGT-1_larry3,-4.349043584,0.074747716,MPP3
TGACGATGAACGCTAGTG-1_larry3,0.750196116,0.118923639,GMP
GCTGACAGAATGTCGCCT-1_larry3,3.729502702,-0.335327132,EryP
CTCTGCAAGGTAGACTCT-1_larry3,-0.954381442,2.926557367,GMP
GGTTAACAGATGCGCCGT-1_larry3,-0.541609263,2.937352007,GMP
TCGGACAGTTCCTTAGGT-1_larry3,2.991394305,-2.19228905,EryP
ACGCGACAGTCTACATCC-1_larry3,2.841515804,-0.935733015,MEP
CCTCTGCATGACCGGTAG-1_larry3,-0.29062382,3.976592844,GMP
TTCCAGGAGGAGGTCCTT-1_larry3,0.659529639,-1.893285687,MPP3
GTGTTCCAGATAACGACA-1_larry3,5.043310428,-0.835090632,EryP
AGTGTGCACTAGTTGACG-1_larry3,-2.01324532,1.72446758,GMP
CAGGAGCCTTTGATGCTG-1_larry3,-0.373923039,-2.318166668,MPP3
ACCACGGATCGCTGTAGT-1_larry3,-1.428012109,-2.912557299,HSC/MPP1
GGTACTTCCAGTTGTGTA-1_larry3,0.356768722,1.467636769,GMP
CCATGCGTCGACCACTCG-1_larry3,-1.085518455,3.363805835,GMP
AATTCGGAACTCAGCTGG-1_larry3,0.004709208,-2.457559283,MEP
ACCATGTCTTTAAGTGGT-1_larry3,-0.60850749,3.249233787,GMP
AGGATCTCAATTCACCTC-1_larry3,4.643669629,-2.182352598,EryP
CTTCCTGATGTGTCGAGC-1_larry3,1.911805654,3.116320913,GMP
TTGCCGTAGTATCGGAAC-1_larry3,-0.110764837,3.235729044,GMP
TCAGAGTCAATACTTGCT-1_larry3,2.560434723,3.226385419,MEP
GAATAAGAGCTAACTAAG-1_larry3,-0.183245992,2.989101236,GMP
GCCATACAAAATCAGGAG-1_larry3,-0.593624449,3.05156738,GMP
CCTGCAGATCTGATGCAC-1_larry3,4.13141253,0.702931469,EryP
TTAAGTGGTTGCGTCTTA-1_larry3,2.77165463,-0.80536216,MEP
GATATGGACGGTTCTATC-1_larry3,3.78104713,-1.905502255,EryP
CCACTACCACTGTGCTCA-1_larry3,4.654510045,-4.513020689,EryP
GTCAATACAGCGAAGACA-1_larry3,-0.296578502,-2.076909835,MPP3
AGAGCGCGACCTCTGCAT-1_larry3,2.768007779,-1.03413492,MEP
ACAGAGATGGAGGTCACG-1_larry3,2.641535783,0.811997359,MEP
GTGTCACACGATACCGGA-1_larry3,-2.312460875,-2.381794865,GMP
CAGATCGACGCATACTCC-1_larry3,1.178936863,-0.346376824,GMP
GGAAGTATGTAACACGAG-1_larry3,0.368376607,4.305911844,MPP4
CTTAAGTTGTCACGACAA-1_larry3,-5.857628083,-1.769882138,pre/pro-B
ACAGGTATCAACGAGGTG-1_larry3,2.216218972,-2.460393603,MEP
GGTAGTGTTGTACCTAAC-1_larry3,-3.154200053,3.724481409,MPP4
GAACTATGGCCATGATGT-1_larry3,-3.257277226,-0.967714305,GMP
GGACAGATTAACGCTCAA-1_larry3,3.725982213,-0.51921996,EryP
TCAAGGAGTAATATCGCT-1_larry3,-1.350266433,-1.401621396,GMP
CCTGTTAGCTCGTCATTC-1_larry3,-0.153601384,0.682916467,MPP4
AATATCAGCAGGTCAGCA-1_larry3,-2.224189019,2.87026221,GMP
AGCGTCGTCTAGCTAAGA-1_larry3,0.173406714,1.051712935,MPP4
CCTATTCAATCGTTCTCC-1_larry3,1.369578386,-1.833838637,MPP4
ACACAGAACTGCGATACT-1_larry3,-0.575817203,2.507804697,GMP
GTGCGAGTAATCCTGCCT-1_larry3,-5.565447068,-0.799334044,pre/pro-B
GCGAACTCGAGCTCTCCG-1_larry3,0.83637754,1.939070051,GMP
GAAGAGCACTACTAGTAG-1_larry3,3.055352473,-2.132126028,EryP
CATAAGATCTGCGCACTG-1_larry3,2.794815803,-1.897227342,EryP
CGACGTGATTCAATGGAC-1_larry3,-1.521484351,-1.10315537,MPP3
AACGTTCTTGCGCTCTAT-1_larry3,0.956966514,1.597655242,GMP
ATTGATCACGCCACATGG-1_larry3,3.993193412,0.951443021,EryP
ATCTAGGTTTGCGACGTT-1_larry3,-2.039522624,-2.479453738,MPP2
GGATACCTAAAGCTGAGG-1_larry3,-1.061173415,3.255118911,GMP
GAGTCACCATGGTCGCTA-1_larry3,-1.786479926,1.22531337,GMP
GGACAGATTTTGACCTGA-1_larry3,-0.163457191,0.934494798,MPP4
GATCGATACAACGATGAC-1_larry3,4.330055022,-1.831903632,EryP
AGGATTGAGCCAAGCGAG-1_larry3,1.748670125,2.11979348,GMP
GGACAGATTCTGGTCGGT-1_larry3,0.289135391,0.452571278,MPP3
TACTCGACCTTACAGTGT-1_larry3,-1.403198457,-0.852611895,MPP4
CGCTTATGAAACGAGGTG-1_larry3,-5.855798936,-2.006268198,pre/pro-B
GGAACCTAGGTCTTATGC-1_larry3,-1.306463337,3.112069194,GMP
ACTTCTAACCTTAATCGT-1_larry3,2.385974789,0.657007401,MPP3
GTGTCACACGTGGACTGG-1_larry3,5.213923717,1.726877754,MPP4
GTGTATCTGAAGGTCTGA-1_larry3,3.552187705,-2.193800981,EryP
TAGCACACGAAGCCACAC-1_larry3,0.308976376,-1.627998526,MPP3
GTACAATGCGTAAGGTCC-1_larry3,-1.497747636,-0.370925943,MPP4
GACTGCCTGCGTCTGTCC-1_larry3,-0.340925252,3.841837232,GMP
GCCACATGGCTGACAGCA-1_larry3,1.32039603,3.42472965,GMP
GATCGTTGAAGATCTGAC-1_larry3,-0.573058104,-2.241857703,MPP3
AGAGGACGTAACACACTC-1_larry3,-2.074817395,1.703126495,GMP
GAAGTGTGAATGCTTCAG-1_larry3,3.502779031,-1.671697314,MEP
GCCACGAGTAATGCACTT-1_larry3,-0.055752611,4.010544603,GMP
TGAGTGACTAACGAGAAT-1_larry3,1.219762469,1.538937156,GMP
CCGCTATCCTGTAGATCG-1_larry3,2.802021766,2.827300375,MPP4
ATACCGCTTATATTCGCA-1_larry3,-1.733819938,2.23435766,GMP
CAATCATACGGTACTTCC-1_larry3,-2.114333367,-1.954877789,MPP3
GATAGTTCTTGTCTACAC-1_larry3,-5.508147454,-1.809531982,pre/pro-B
ATCTCTGCTATCTGCGTA-1_larry3,2.614717388,2.743791645,GMP
TCCTTCGTACGCACTGAA-1_larry3,1.792779112,1.24867851,GMP
TCAGTGTTCGAGACGATC-1_larry3,3.881837392,1.057255333,MEP
ACACATCTGAAGCACAAC-1_larry3,0.756513031,1.179368799,GMP
GGTGTTCATCGGTCGACA-1_larry3,4.510511661,-1.821867759,EryP
TTCTGAATGTCCTATTCC-1_larry3,4.364879155,-3.668822701,MEP
CCGTTCCAAACAATAGGT-1_larry3,4.40358665,-2.368075545,EryP
GTAACCATAGACTTGATT-1_larry3,1.649076903,2.037464683,GMP
TGGTAGCAGCGTGCCTAT-1_larry3,1.726367259,0.993717258,MPP4
AGTTACAAGTGATGGACA-1_larry3,-1.402022576,-0.669103945,MPP4
TGCCGCTACAGGAAGGTG-1_larry3,-7.432296014,-2.922668154,pre/pro-B
CTATAGCTCCGTGCAAGG-1_larry3,-0.698368168,1.059081857,GMP
GGACTCCTTGACTAGCAT-1_larry3,4.199455285,-2.292231972,EryP
AGGTCACGTCACCAAGAT-1_larry3,-0.216220355,0.642214422,MPP4
TCCACCGGTATAATGTGG-1_larry3,-0.722077346,4.716572588,GMP
CGACAGGAAATAGAGCAG-1_larry3,1.574616635,1.598616664,GMP
GTCCGCTCAGGAAGGTAT-1_larry3,-2.565335011,-3.332915718,MkP 1
TAGCACACGGCGAAGCTC-1_larry3,0.012353742,-2.187615688,MEP
GACCGCTTCCCGACTTGG-1_larry3,0.348921174,3.353369777,GMP
AGAGCCGCAGCTGGTAAC-1_larry3,1.96360507,3.263010566,GMP
CACGATAGATTCTGGTGC-1_larry3,-0.807124472,3.288692062,GMP
GGATACAATTTATTCGAC-1_larry3,-1.483914113,1.796060865,GMP
ATGCTCACCGGTGCGTAG-1_larry3,-0.078031635,0.836004918,MPP3
GTTCCAACACCAGTACTC-1_larry3,1.401921296,1.829166,GMP
CGTCAGCACGATACACTA-1_larry3,-5.684668755,-1.266929741,pre/pro-B
ACAACGAGCTCACACTGC-1_larry3,3.373254323,-1.32405966,EryP
AAGCAGCATCCTCCAATC-1_larry3,-0.284073329,2.225259607,GMP
GGTAACTACGGTTACGCA-1_larry3,-0.588639355,-1.350049193,MPP3
ATTCCGTACTAGAGCGTC-1_larry3,1.404188955,3.112667387,GMP
CGCTGTAGTAGCGGAACA-1_larry3,-1.853546119,-1.470613058,MPP3
TACCTCACTCACACCACA-1_larry3,1.935537958,1.266511028,MPP4
GCTGGTTCGGAACCAGTT-1_larry3,1.024205291,2.079986875,GMP
GCCTTGTGAAATACGTCT-1_larry3,1.773169661,0.8341201,MEP
CCAAGTCGATATGAAGAC-1_larry3,2.620844627,3.267199342,MPP4
TATCATGCTGGTACTTCC-1_larry3,0.142564976,-2.184484775,MPP3
CCGACTTGGTTGCCAGAT-1_larry3,5.158466602,1.405279224,MPP3
GCGGAGATTTGGTGGTAA-1_larry3,-1.765639996,-1.042494888,MPP4
ATACTTGCTAATTGGTGA-1_larry3,3.864819074,-2.67239445,EryP
GCATGTGGTAGATGAGAT-1_larry3,2.833048129,-1.422796781,MEP
ACCATCTAAAACGATGAC-1_larry3,-1.496949887,-2.090434129,MPP3
TGACAAGTTTTAGTCGGA-1_larry3,-0.730908966,1.307601755,GMP
AGTCGTCCGCTTAGAAGG-1_larry3,0.725479657,-0.002369697,GMP
GTAGGACGCTCCGATCTG-1_larry3,-2.614281392,-3.272356684,MkP 1
TACCTATCCGTAGAAGTT-1_larry3,4.243143106,0.572408621,EryP
GACCGGTAGGTCCACAAC-1_larry3,-0.66520307,2.879902904,GMP
TCAGGTGCAGCCTTGTGA-1_larry3,2.361563349,2.173249309,MPP4
GACGTCAATCTCAGGTAC-1_larry3,1.622972572,-1.011892314,MEP
TACGTTACCGTGCTGACT-1_larry3,2.112710738,3.602671211,GMP
TGCGACGTTCAGAAGTGA-1_larry3,0.07058897,2.308137481,GMP
CACAATAACTGAGAATCC-1_larry3,-1.077997541,-0.550760205,MPP3
CGTACACACTCGTTCTCC-1_larry3,-2.583832002,-3.364636834,MkP 1
CTAATACGCCTTGCACAA-1_larry3,1.069413835,-0.157418798,GMP
TGATTGTGCGGATAGTCA-1_larry3,-6.02439425,-2.329748566,pre/pro-B
GACACCGATGTCTTCTCG-1_larry3,-0.77640543,0.823414629,GMP
TCGTCATTCCGCACTGAA-1_larry3,3.613000417,-2.727013047,EryP
AGGTGCGAGTCCATCATT-1_larry3,0.13055917,-2.223784501,MEP
AGTCGCGACTTCCATACC-1_larry3,0.399242276,0.616153603,MPP4
TCACATACTTCCACCGGT-1_larry3,-1.853913522,-1.709392126,MPP3
TCCAATCATAACGAGAAT-1_larry3,-2.906460023,2.506566589,GMP
CGTTCGTACTATCAGTGC-1_larry3,3.211793447,-2.491069968,EryP
GCACAGTAATGGAGAACC-1_larry3,0.806757355,-0.200148674,GMP
GTAGCTACAATAGCTTGC-1_larry3,2.375700736,-0.908413048,MEP
AGCTTGGTGAGACCACGC-1_larry3,1.962963128,2.465983455,GMP
CATATGCGAGGTTCGCAA-1_larry3,2.757960582,-1.580917175,MEP
CATCCGACATCCTCGTCG-1_larry3,-1.477967715,1.030858343,GMP
CGACAGACCAGCCGTTCT-1_larry3,5.413686538,-0.634240503,EryP
CAGCTTACCCACATGTGC-1_larry3,-5.50079081,-0.71662208,pre/pro-B
GGTACTTCCGTCTGACGT-1_larry3,1.07404294,0.69728971,MPP4
TCAAGGAGTCCAAGCGAG-1_larry3,-1.255889988,2.968316381,GMP
AGACCACGCAACAACCTA-1_larry3,3.32577827,-2.103010232,MEP
CAAGAGAGTTAGTCGCAT-1_larry3,3.168485189,-2.988041336,EryP
CGAATGAGTGTGCGTTCC-1_larry3,1.964673186,-1.39358669,MEP
CCAAGTCGATTAGGAAGG-1_larry3,-1.485528207,0.491441135,GMP
TCGTAGGAACCGCAATGG-1_larry3,-0.571077084,3.309035366,GMP
AGACATCCACGCACTGAA-1_larry3,-2.097828364,1.010703271,GMP
ACGAGAGCAGCGTATAGG-1_larry3,0.980137551,0.991520708,MPP3
TGCATCGGAATTGGTTCC-1_larry3,-1.194445348,-0.042394723,MPP4
AATACCTTGCCGTACGGA-1_larry3,0.461160073,-2.475941832,MEP
GTCAGACCGCCTCGAGAG-1_larry3,4.226721549,-2.270653541,EryP
CCTCTTGTATTCCATACC-1_larry3,2.872209573,-0.640899892,MEP
CCAACGGAAATCCGTCTC-1_larry3,-4.188475823,0.765829389,GMP
GGTGGAGCTGAACTGCAA-1_larry3,-0.47437129,5.060512369,GMP
ACCTAGCACGCGCTACCT-1_larry3,5.084081435,-2.355882103,EryP
CAAGAGGAGGTTATCGAT-1_larry3,-0.963804579,2.809578245,GMP
ACTCTCACAGGATCGTTC-1_larry3,1.330237234,1.734764879,GMP
GCGATGGTGCACACTGCC-1_larry3,-3.348819947,-0.839259441,GMP
AGCGTCGTCTCAATGGAC-1_larry3,2.183257604,-1.443739946,MEP
CGTGTCCGACAATGCATT-1_larry3,-4.725826955,-1.672945673,pre/pro-B
ACAGAAGAGTACTGATGA-1_larry3,-1.026670194,2.967609232,GMP
ACAAGTACAGACGTAGCA-1_larry3,-0.156871831,-2.089745338,MPP3
TAGCAGAGTGGTAAGTGA-1_larry3,4.991010928,-3.668846304,EryP
TCCTCGTCGGTAATCAGC-1_larry3,-1.608763194,0.768468206,GMP
AAGTTCTCTATCAGGATG-1_larry3,-0.917692399,2.640666549,GMP
CTAGTCGTCTAAGCCATT-1_larry3,-1.720986581,1.806761806,GMP
CGCTTATGAAATCCTCGT-1_larry3,2.398853922,-1.610758717,MEP
AGACCACGCCCGTACGGA-1_larry3,-0.171433008,-0.817789609,MPP3
GCATTGATCCTTCCGTGG-1_larry3,0.396233255,2.609801357,GMP
GCCGTGAACCAATCTCCG-1_larry3,-0.433074808,3.035421197,GMP
GCTACCTTAAAGGATACG-1_larry3,2.093301559,1.589003747,GMP
CACGGATAGTCTGATGAA-1_larry3,2.722333217,-1.675236995,MEP
GATTCCTCTTCGGACAGT-1_larry3,-0.887415266,-3.172092373,MPP2
GTCTCTTCACGAACAATC-1_larry3,-1.781593299,1.633374994,GMP
GCACCATCGTACCGATTG-1_larry3,-1.090963459,-2.660477097,MPP2
ATAATCGAGTTAACGTTC-1_larry3,-0.664798593,2.796995704,GMP
GATTCTCGGCAGCTAGTT-1_larry3,0.354429895,4.264631574,MPP4
GGTAAGGATGCCGCTATC-1_larry3,3.915549302,-3.074573214,EryP
CTTGCACAAGCAGCTTGA-1_larry3,2.267112041,3.054389541,MPP4
ACTGGTCAGGCATACATG-1_larry3,-0.021343565,1.190765565,MPP4
GGATACAATGTTCAGAAG-1_larry3,5.408063197,1.835786645,MPP3
GCGCTCTATCTTGCGACC-1_larry3,-2.228637194,1.264541094,GMP
ACCATACTTGGATTACGC-1_larry3,2.950265908,-2.082841332,EryP
ATCACTTCCTCCATCATT-1_larry3,3.363903546,2.038869922,MEP
CCTGTATCTCCATTCTGC-1_larry3,-1.529729819,2.536608284,GMP
TGTAGCAAGTGCGTATCT-1_larry3,2.314949179,0.823641007,MPP4
GGTCCTAAGCTTCGTGCA-1_larry3,-5.502484536,-1.480024154,pre/pro-B
ACGTCTATGGACCGGTAG-1_larry3,-1.907992101,1.269355004,GMP
TTCCAGGAGTAACACGAG-1_larry3,1.643101835,-1.196432943,MPP4
TGATCGGAAGCTGACAGA-1_larry3,2.096036458,3.247903888,GMP
GATTCCTCTGGTAAGTGA-1_larry3,6.519747043,-2.078594859,MEP
TCATGCTCAACCACGCTA-1_larry3,-1.260243392,0.458398287,GMP
CAAGCCTCGACTGGTCAG-1_larry3,-6.169384694,-1.706740673,pre/pro-B
TACTAGTAGAATGTGCGT-1_larry3,4.533820415,-2.717906411,EryP
GGTACTTCCTGTGCAGTA-1_larry3,-0.688469148,0.388942187,GMP
AACAATGCACTCTCAGTC-1_larry3,4.372149491,-1.919553215,EryP
AGAGGACGTAGCGACACC-1_larry3,-0.39480958,4.820420568,GMP
TTACAGTGTCCAGTCTCA-1_larry3,3.383538032,-1.909102375,MEP
GTTAATTCGACTTCGCAG-1_larry3,-1.238617635,-0.629275913,MPP4
GAGCTCTCAATATTCGCA-1_larry3,2.974098706,-3.970555956,EryP
AAGGAAGTCCATGGTTAC-1_larry3,-1.876107192,1.515414541,GMP
GGAGTACAGGCTAGTGGA-1_larry3,-2.330283141,-2.910494263,MPP3
GCTTACTAGTGGTCCTAG-1_larry3,3.109051967,-2.299475844,EryP
CCAATGCCTACGATGACC-1_larry3,3.581334853,-2.574566777,EryP
TTGGAGAACCCGTAGTTG-1_larry3,-0.390958285,-0.078830401,MPP4
AAGACTGGTCAGCCGCAA-1_larry3,3.892731214,-0.603135045,EryP
CGCTTCACGCAAGAGGAG-1_larry3,0.157945031,1.3437689,MEP
ACAAGGTACATCGATCCT-1_larry3,-2.825987553,-3.77531832,MkP 1
CGCTGTAGTATAAGTTCG-1_larry3,0.275508219,2.847640102,GMP
AAGCAATCGATGATAGCT-1_larry3,-0.03097794,-1.873670156,MPP3
TGACAAGTTTTATCCAAG-1_larry3,-0.999802804,2.910035913,GMP
CTCGACTGCGATGTCTAG-1_larry3,-0.49193356,4.875655954,GMP
ATGGAGAGTTTCATTCGC-1_larry3,-1.636988377,3.697617595,GMP
TGCTTACGGCGAACAATC-1_larry3,4.200239206,-2.331784184,EryP
GGTTCTATCACTCGCTGT-1_larry3,5.115670467,-0.62028199,EryP
TGCCGACTATCAGGTGCA-1_larry3,-1.696973777,-0.026772464,GMP
TCAGTAAGCAGGAAGGTG-1_larry3,4.973149085,-3.015469725,EryP
TTAGGAAGGCCGCATCCT-1_larry3,-3.555667138,0.300332968,GMP
GCTCAATGAAGCTTCGAT-1_larry3,2.948070312,-5.212020094,EryP
TCAGCTCAGATTGCCGAC-1_larry3,-6.46575377,-1.463739331,pre/pro-B
AATACGTCTTAATGTAGC-1_larry3,2.334692979,3.618823116,GMP
AGGATCTCAGCTTCTGAA-1_larry3,4.767633701,3.510988777,GMP
CCTTAATTCGTCCGTAAG-1_larry3,-5.099503732,-1.130781825,pre/pro-B
TGGAAGATTACCGTCCTA-1_larry3,-1.597344613,-2.127718027,MEP
AGCGTCGTCCTGTGCTCA-1_larry3,-0.811127281,3.259353464,GMP
GCACTGGATATACTTGCT-1_larry3,1.151446277,-0.372112158,GMP
CGTCTGCTGAATGCTATC-1_larry3,-0.442792749,2.015500133,GMP
GCGTAACAAATCCACAGT-1_larry3,3.87171247,-1.85475498,EryP
AATGTGCGTCATAGGTGT-1_larry3,1.603725934,-2.752683337,MEP
TAGGAGGATGTTCCAACA-1_larry3,3.630591178,-1.869764025,MEP
TGAACCAATTGAAGACCA-1_larry3,-1.783611512,-1.063013608,MPP4
ACAGGAACTAACTAACTG-1_larry3,-1.179352259,1.182115023,GMP
GGTACGAGCGTGAATGCC-1_larry3,4.694902682,-2.9660024,MEP
CTACGGTATAGCCGGATC-1_larry3,-3.184255576,-4.258285935,MkP 2
GCCATACAATACAAGAGG-1_larry3,-1.274504876,0.290171092,MPP4
CATTGTTCATTAGGAAGG-1_larry3,5.351059699,3.068450754,GMP
GCCAATGAAGAGGACTTA-1_larry3,3.878803277,-0.791288311,EryP
TCGCGTCATTACGACCAT-1_larry3,3.923184896,0.85111696,MEP
TCCACCTCATGAGCAGAT-1_larry3,-0.54634211,-0.711923624,MPP3
GACGTTCAGCACTAGACT-1_larry3,-3.065995669,0.055766081,GMP
AGTTATCGCCTGTAGAAG-1_larry3,-0.300187921,-2.213043148,MPP3
GGATAGTCAGTGACTCTC-1_larry3,0.394094551,-0.907989974,MEP
CTTCTATGAGATGCGACG-1_larry3,2.236598516,3.696039264,GMP
GAGTCAAGGGGTTGAAGG-1_larry3,-1.139968133,1.290654724,GMP
TATTACAGCTGAAGACCA-1_larry3,-0.565518236,6.437290495,MPP4
TTGGTAACTAATCCGCTG-1_larry3,5.745126987,2.728580301,GMP
CACCTACGCCCAATATAC-1_larry3,3.643443608,-1.43409806,EryP
AGTGTGCACTGGAAGATT-1_larry3,3.369514966,0.103624885,EryP
TCCAGCAGCTCAGAGTCA-1_larry3,-1.580145097,-1.790889318,MPP3
GAATCAACCCGTGACCAG-1_larry3,5.180444503,0.369364088,MEP
GGTTGCTATAATTAGAGG-1_larry3,-1.847570634,-0.227246131,GMP
TCGGACAGTGATTCTCGG-1_larry3,3.509814525,-2.535730059,EryP
GACAATGTTGCTATGTAA-1_larry3,-0.213548934,3.809990709,GMP
CGTCTGCTGCATTCAGTT-1_larry3,4.37944963,-1.17841583,EryP
TGCCACCGATACAGGACT-1_larry3,-1.499560571,-1.341423685,MPP3
ACTCCGTCGACAATAGGT-1_larry3,-3.948348737,1.474882071,GMP
CCAACAACAAAGCTGGTC-1_larry3,-1.991363025,-1.523735459,MPP4
TAGAGACTACACCTTCCT-1_larry3,3.758021856,-1.754500086,EryP
CCGGTTCTAATGGACGTT-1_larry3,1.305721545,2.23599488,GMP
TGACGGTTGGCTGATGTC-1_larry3,4.295992875,-2.221381123,EryP
CGCAACCTCCCAGTACTC-1_larry3,-1.409555173,0.483743732,GMP
GCCAATGAATGATGGACA-1_larry3,-1.420833087,1.741843526,GMP
ATAGTGGTTCTGACAGCA-1_larry3,0.070804858,6.085184877,MPP3
GCGTTCAGAATCAGGATG-1_larry3,3.310572171,-2.343013937,EryP
GCGAACTCGAAGCTGAGG-1_larry3,-4.031372285,1.46428663,GMP
GGTAATCTAAGTACTCTC-1_larry3,4.021019721,-0.939338977,EryP
TGATCGGAAGACTCTCAC-1_larry3,-0.983054852,2.593644207,GMP
TATAGTGCGATCACTTCC-1_larry3,-0.514714932,0.959694808,GMP
GGACAGATTCCACTGAAG-1_larry3,3.370340133,-2.485890801,EryP
CACCTCAACACCGGAGTA-1_larry3,2.357919121,3.35646755,GMP
TCCTCTAGTTCAATGGAC-1_larry3,-7.507458901,-2.882710869,pre/pro-B
GATTCTCGGGACTGCGCA-1_larry3,4.626478934,-4.267503912,EryP
TGTAACAGTCATCGCTGG-1_larry3,-0.734566545,1.506677454,MPP4
CTGTGGTGGGCATGTAAG-1_larry3,0.529989922,4.143285577,MPP3
GCGTTCAGAGCCACGAGT-1_larry3,-4.170950627,-0.745831366,GMP
AGCTATATGACTTCGCAG-1_larry3,4.168505454,0.647187834,EryP
TAGACCATGGCCATTAAG-1_larry3,-1.023654079,2.136911218,GMP
GCACAGTAAGCGAGCAAG-1_larry3,0.041613186,3.997334783,GMP
TTCGTGATGTAGGATTAG-1_larry3,-0.587142563,5.93116266,MPP4
TTGCCAGATTTCTGCCGA-1_larry3,-0.922968364,1.154685443,GMP
CCTCGGTCAGCTGGTTCG-1_larry3,-2.066707349,-1.159489388,MPP4
GTGTCCGTGACGCACACT-1_larry3,1.488044346,1.978752916,GMP
ACCGTCACGATCGGTGGT-1_larry3,5.865784431,-2.762470419,EryP
TGCACGATGCCATTCTGC-1_larry3,3.915979648,-1.601732666,EryP
TATCTGTCATAGACCGCA-1_larry3,-1.58791945,2.069882219,GMP
CAAGTACGAGAGCATACA-1_larry3,-0.867363548,-2.264456804,MPP3
CTTCCGTGGTTGTATCAC-1_larry3,-0.529702639,0.099501972,GMP
GCGAAGCTCCAGCAGTAC-1_larry3,0.312080079,1.236879056,GMP
AATGCCTCAGGAGACACA-1_larry3,1.021948898,-0.603572781,GMP
ACAGTATTGATTCTCTGG-1_larry3,2.913273835,-1.74671417,MEP
ACAGTATTGCAGCAGTAC-1_larry3,3.231957698,-0.018694694,MEP
TATTACAGCACTGGTCAG-1_larry3,4.061819339,-1.802553947,EryP
TGGTAGCAGCTGTCACTT-1_larry3,5.568651939,-2.276559527,EryP
TGTCACATAATGGAGGAA-1_larry3,-1.979834771,-1.714647109,GMP
CGACCACTTGGATTACGC-1_larry3,4.781251216,-2.828491146,EryP
TATCTAGGTCTGCTGCTT-1_larry3,-1.109671569,-0.292842323,GMP
ACTCTGCTCAACCATGGT-1_larry3,5.795718455,-2.493987019,EryP
GAGAATCAGTTCTGCCGA-1_larry3,4.281069541,-2.610061581,EryP
AGGATGCGTGCAACTCGC-1_larry3,4.057238603,-2.167670662,EryP
TTCAGTGCCCACACTGCC-1_larry3,-6.618451333,-1.67607444,pre/pro-B
AACTGATTCAGCTTCGAT-1_larry3,5.636370921,0.952301686,MEP
GCAACTCGCATCACTTCC-1_larry3,-2.341807818,-2.776416476,GMP
TAGCCAGTGGCTCAATGA-1_larry3,-4.151015496,1.474064891,GMP
CGAACAGAGCGCGATGTA-1_larry3,5.042844558,-3.698317225,EryP
GGACAGATTAACAACTGG-1_larry3,-0.734453773,1.572796409,GMP
ATGGATATCGTAACTCAT-1_larry3,1.514925325,1.509471481,GMP
GCGACACAGCGTACACAC-1_larry3,4.532310748,3.143137281,GMP
CGTAATGACTTGCCGTAG-1_larry3,3.841267371,-2.125170047,EryP
ATAGCCTAATCTGAGATA-1_larry3,0.062284553,2.35880429,GMP
ATCACTTCCACACTGTGA-1_larry3,2.625677371,-1.8560062,EryP
TCCTCTAGTCTAGTTCCA-1_larry3,3.636454129,-2.712954934,EryP
GCCGAACCAAACTTAGCT-1_larry3,3.672337794,-3.324308569,EryP
GTCTACCAACTGGACACT-1_larry3,-0.487450337,5.459147279,GMP
GGTCTTGCATCCTGAGAC-1_larry3,-0.686506605,4.518346136,GMP
ACCACGGATTCCTCTAGT-1_larry3,-1.98387239,-1.074895258,MPP4
AGAGGTGAACAGATCATT-1_larry3,4.470155978,-1.408230836,EryP
AATCGCCATGACCGCTTC-1_larry3,-2.760799146,-3.578499253,MkP 2
TTCAACTACTACAGGACT-1_larry3,4.11537292,-2.891878779,EryP
TGTGTCTACCCAGTTACG-1_larry3,3.371846223,0.111740266,EryP
GGTAAGGATTTCGGAGTC-1_larry3,-1.486365294,1.695211475,GMP
AGAAGTCCTCGTTCGTAC-1_larry3,5.49648931,-2.230147536,EryP
GCCGCTATCGTGTCGAGC-1_larry3,1.734102869,-2.543693478,MEP
ACGACAGTCACACAGAAC-1_larry3,3.116143251,-2.880649979,EryP
GTACCACAACATCCGACA-1_larry3,1.720658922,3.58582813,GMP
CTGTCACTTTAGGAGCTA-1_larry3,-0.664158082,0.508569782,MPP4
CGTCAGCACATGACACAA-1_larry3,3.424464488,0.063311313,EryP
GCTTGTCCTCAGCCGCAA-1_larry3,-2.129079556,2.28770787,GMP
TCGACGTTGGAATCGAGA-1_larry3,-1.703683352,-0.831073935,MPP4
AGATGAAGAACTAAGTTC-1_larry3,-0.762704944,-2.054948623,MEP
CCTTGACGGTTCCAATTC-1_larry3,-1.693703627,2.543505972,GMP
GTGACGTAACCGTCAGGT-1_larry3,3.089924836,-1.946280653,EryP
TCTCGATGCTCCAGCTAT-1_larry3,0.22543248,-2.821153815,MPP4
CTTCCGGTACGTATTCCT-1_larry3,4.004468465,-2.944777663,EryP
TACCTATCCGTCACAGAG-1_larry3,-4.340480542,1.274372165,GMP
ATCCGTCTCACTCCTGAG-1_larry3,-0.959512806,2.810724561,GMP
CTTACATGCGCGGTAGTC-1_larry3,2.47720983,-0.962471182,MEP
GTGCTCTTGCGCACTCTT-1_larry3,4.8960078,-0.867071326,EryP
TACTTCCAGACTCTAGGA-1_larry3,0.478674868,1.949402635,GMP
AAGTACAGACCAACAACA-1_larry3,-0.663916445,2.185842817,GMP
CCTTGTTGCCCATGATGT-1_larry3,2.251843715,1.544569795,GMP
TCCGATCTGCTTCTATGA-1_larry3,-0.115359461,-0.101471568,GMP
TACGACTTGACTACTCAT-1_larry3,-1.454901671,-0.110055203,MPP4
ATAACGACATATGATGTG-1_larry3,-0.332634723,2.667002742,GMP
TAACGTGTCCATCCTCTC-1_larry3,-1.40343306,1.299976652,GMP
GATCTGAATTTCACTCCT-1_larry3,-0.674397564,-0.199071529,MPP4
TCAGAGCGTCTCTGCGGT-1_larry3,0.069809163,0.463714306,MPP4
GAACTCGTAAACGCATTG-1_larry3,-5.540979123,-1.731144006,pre/pro-B
TATTGACTGCTGACGATG-1_larry3,4.593569303,-2.885457451,EryP
GCGCTAGAAGATAACGTC-1_larry3,0.357573027,1.51220638,GMP
CCATTCTGCGCATTGATC-1_larry3,4.907134319,-3.780639584,EryP
GCTATGTAAAACTTCTGC-1_larry3,-4.741954064,2.628789728,GMP
TAGCTAAGAATCTGGTAG-1_larry3,0.242003763,2.140343969,GMP
ATGGACGTTGATCGCACT-1_larry3,-1.78761599,-0.426813732,MEP
GCAGATCCGCATCCTCTC-1_larry3,1.883228445,0.957476561,MPP3
CCAGTCTCAGCGACAACC-1_larry3,0.800340796,-0.695325221,GMP
AGCACCGTGTGTGTAGAG-1_larry3,2.819056773,2.514676635,MPP3
CGATTGAACTTAGGAAGG-1_larry3,-4.285974717,1.351419156,GMP
AATTGGTGATCACAGGTA-1_larry3,-1.136732673,-2.688272173,MEP
CGGACAAGTACCTCCTAG-1_larry3,-5.724846577,-2.279980714,GMP
AGGAGGTGAAGACGCCTG-1_larry3,-1.331790423,4.681972807,GMP
TTGGAGAACCTCCACGTC-1_larry3,-4.38305161,-1.171158249,MPP4
CGACAGGAAGTGGTACGG-1_larry3,1.02272054,-0.319357269,GMP
GATCGCGAAACATTGACA-1_larry3,-1.009399271,1.465693777,GMP
GCAGCTCTTCTTCGACTG-1_larry3,2.528756046,1.020974343,MEP
TAGTCAGACCCATCTAGG-1_larry3,-1.254945373,2.665606325,GMP
AATATCGCTAGCGTCGTC-1_larry3,-3.884910798,1.462192004,GMP
AGTGTGCACCTACGTTGG-1_larry3,-4.565484261,-1.338737066,pre/pro-B
GTCCTTCATATTCGCTTA-1_larry3,-0.849949574,-1.117965991,MPP3
TAGTCAGACTAAGCCATT-1_larry3,-1.775566792,-2.682145531,MPP2
ATAGTCTCCACGCGACAG-1_larry3,-5.774892545,-1.531602557,pre/pro-B
TTACACCTTGTGAGGACG-1_larry3,3.055093551,0.102848505,MEP
AGACGCCTGTAGACCGCA-1_larry3,0.554588379,2.541768854,GMP
CCGTACGGATTATTCGAC-1_larry3,2.278338814,0.648846214,MPP3
TGGAATCGTTATCTGTCA-1_larry3,0.900089765,2.891423528,GMP
AACACACTCGAGCTCTCA-1_larry3,-1.030059552,2.867200916,GMP
AGGAATTGGAACAGCAGT-1_larry3,4.541765952,-2.258003528,EryP
ATTCGCTTACTTCGTGCA-1_larry3,2.637076402,-5.516410525,MEP
AAGACTACCGGATTACGC-1_larry3,-0.297827458,2.166062181,GMP
CAATTGTCTGCCGCCTAA-1_larry3,2.516310001,1.003175561,MPP3
ACTGTGTCAGTCAACTGA-1_larry3,-0.044709539,5.710257356,MPP4
TCCACCGGTGACCTTGTG-1_larry3,0.652636593,-0.557077194,GMP
CGACCTGTACTCTTCAGC-1_larry3,-0.417922354,6.441201513,MPP4
GTATCGTCGGGATTACGC-1_larry3,4.694175506,-2.56392997,EryP
AGTTGTGTAGAGAACAGG-1_larry3,-1.500279164,0.10452122,GMP
CCTTAATTCGATCTAGAG-1_larry3,2.077479386,-2.23820358,MEP
CATTCAGTTATGAGCAGG-1_larry3,-0.935632562,-0.037091072,GMP
TGGAACTAATCAAGGTCG-1_larry3,1.594184244,1.832424228,GMP
TCAGTGTTCCCAACGGAA-1_larry3,1.945277834,1.809002464,GMP
GTCAAGATCCAGTGCTGC-1_larry3,-1.200165129,3.173788135,GMP
GCACTGGATATTGCCGAC-1_larry3,-0.583276725,5.123054807,GMP
ATATCAGCCCATCAATAG-1_larry3,-2.126088118,1.637803261,GMP
TGTAGATCGGTATGCCTT-1_larry3,2.493363166,-0.48851941,MEP
TCGATTCAGTACACGGTC-1_larry3,-0.180158472,1.922495906,GMP
AGCGGTCTAGCTTCTGAA-1_larry3,-1.26519618,1.134991233,GMP
CATGTCCTGGCATTGATC-1_larry3,-7.514356828,-2.964214976,pre/pro-B
ATCCTCCGAGATTGAGTA-1_larry3,0.131172204,1.159657662,GMP
GAACTGCAAAGGAGCAAT-1_larry3,-2.130740619,0.892000859,GMP
AGTCGATCACCGTCCACT-1_larry3,-2.090383029,2.359469717,GMP
TGGTGGATCAACGGAGAT-1_larry3,-0.908818936,1.584158723,GMP
CTCCAGCGTTGAGCTAGA-1_larry3,3.896526122,-0.58050024,EryP
CATAATTGGGCATGTGGT-1_larry3,-1.993046498,0.008727377,GMP
GACTTGATTAGACTTCGT-1_larry3,4.598528409,-2.497458394,EryP
GGACGAGCAGTGCTCTTG-1_larry3,1.233026588,2.139687603,GMP
GTAGTGGAGCCTTCGAGC-1_larry3,-1.908920741,-2.162254746,MPP3
TATGTACCTAGCAGACAA-1_larry3,-1.782910561,1.177022164,GMP
TGGACTGCCTGAGTGACT-1_larry3,-1.563553548,-2.75517195,HSC/MPP1
GCTTGGTTCAACGTCGAG-1_larry3,-1.815175986,3.059488361,GMP
TGATAGAGGAGCGTCGTC-1_larry3,3.002468848,-2.365336831,MEP
GATTGAGTACCAATATAC-1_larry3,-0.190198815,2.590558355,GMP
GATGCTCCTATGCCTGTC-1_larry3,5.865512633,-2.479208405,EryP
CAGCGTAAGTACCAGCCA-1_larry3,-1.892822242,0.348649626,GMP
TCTGCAACAAGCATTGTT-1_larry3,-0.29383508,2.40027458,GMP
AGCTACTCAAGGAGCAAT-1_larry3,2.658502126,-0.724312003,MEP
TGCCACCGACCGACTGTT-1_larry3,1.742460036,-1.116458471,MPP3
TGCCTTCAGTGCGCACTG-1_larry3,-2.146772837,0.408129041,GMP
TGTTGTCGAACACCACAT-1_larry3,-2.558716988,1.712926691,GMP
CTTCACTGTTGAAGACCA-1_larry3,1.048850382,0.723624055,MPP4
AGTTATCGCTTACTTACG-1_larry3,1.655616009,1.656473939,GMP
ACTAAGTTCAGTTGCCTT-1_larry3,-0.159607982,2.76781327,GMP
ATCACCGCAGTTGATGCA-1_larry3,-1.078793263,-1.983120735,MPP3
TACAACACCGTTAGAGAC-1_larry3,3.898685002,-1.913771684,EryP
AACTTGTCGCAGGATCAA-1_larry3,-1.158101892,2.176777904,GMP
CTCTAAGAGATGCTTCAG-1_larry3,1.198935235,2.191428964,GMP
TTGAGCTCTAGCTACTCA-1_larry3,3.332526708,-1.396762783,EryP
GTTGATGCAGCAGATCCG-1_larry3,2.19080081,-2.963343794,MEP
CCTGCGTTACTGCAAGCC-1_larry3,5.132690692,-0.907387013,EryP
AGTAATGGTAGGATTGAG-1_larry3,-1.754860139,-0.395734469,GMP
TCAACACTCCGTCTGTCC-1_larry3,0.029527211,2.482776706,GMP
CGTCAGCACTTCCAGGAG-1_larry3,0.551446581,-0.666317398,GMP
CTGGTACATGCTGTTCGG-1_larry3,-1.558744645,-0.074354674,GMP
AAGCTGAGGCTAGTCGTC-1_larry3,3.882216239,-0.582910056,EryP
CCTTATCCGTGTTACTGA-1_larry3,-0.639191961,3.159096544,GMP
GTCAACTGACTCGTTCAC-1_larry3,0.413379738,-1.362739499,MPP4
CCTGCTCCATGCCAGACG-1_larry3,-1.227495169,2.23795778,GMP
CTCTTCAGCCTGTCACTT-1_larry3,4.318876767,-1.766026552,EryP
GTGACGTAATGACTGAGA-1_larry3,-3.370626187,2.438193386,GMP
GCTTCTACGACGCGACAG-1_larry3,4.210744643,0.698094075,EryP
AACTGCGACACATGACTA-1_larry3,0.311236912,2.138846462,GMP
CATACGCAGCCGATGTTC-1_larry3,2.740804219,-0.68846264,MEP
GCAACACCTAAGCATTGC-1_larry3,2.114993119,1.893115585,GMP
AGAAGTAACGCCGTGAAC-1_larry3,3.712277436,-0.673600043,EryP
GTGATGTGCAGAGGTGAA-1_larry3,5.445443893,-0.472185935,EryP
CAGTGAGGACTCCAGCGT-1_larry3,-0.393254375,2.588187521,GMP
AGCATTGTTCTGCAAGCC-1_larry3,3.273327613,-1.974356944,EryP
CAGGAGCCTCGTATCGAA-1_larry3,-0.133985734,0.77612478,MPP4
GTGCTAAGCCTGTACGAC-1_larry3,2.085935974,1.796831672,GMP
AGCACCGTGTCAGAGTCA-1_larry3,-2.186574435,-3.015948946,HSC/MPP1
CCTCGCGTTATCACTTCC-1_larry3,-0.032493627,3.481668775,GMP
CTGGAGCGAACGACATCT-1_larry3,5.271737838,1.526457613,MPP3
ACACATCTGAACAACCTA-1_larry3,-2.140635466,-1.443176563,GMP
ATCGTAGTGGACAGGTTA-1_larry3,-0.34191308,1.7422455,GMP
CCAGCCAATCAAGCCTCG-1_larry3,1.814407015,-4.478742297,EryP
GTGGAGGTCCGACCTGTA-1_larry3,-0.566175198,0.264658158,GMP
GTGACTCTCGGATTACGC-1_larry3,0.683604188,-0.157526965,GMP
TGTAGATCGTCCTTCAAC-1_larry3,-1.944786048,-1.611059482,MPP4
CGGTTGCGATACCGATTG-1_larry3,3.521866107,0.017376398,EryP
CTCGTTCACAGTGTGCAC-1_larry3,3.975878263,0.985193317,EryP
GCTCTGTGTCTTAATCGT-1_larry3,2.150069022,-1.17303669,MEP
TGGTCGCTACAGCTTACC-1_larry3,0.780225957,-1.263599272,MPP4
CCGCAGCTAGTCTTCTCG-1_larry3,-2.403643823,3.415580337,GMP
GTGGATAAGCCTTGTTGC-1_larry3,4.297318721,0.142778103,EryP
GCGGTAAGTGTCTGACGT-1_larry3,0.567573676,-1.095505471,GMP
TGCGACGTTTGCATCGGA-1_larry3,4.429550195,-1.880188281,MEP
GTATTACTGTGCAGTCGG-1_larry3,-0.49349997,-1.70128649,MPP3
GATTGAGTAACTACCATC-1_larry3,3.975424552,0.658698444,EryP
AATCGTGTTATGAGCAGG-1_larry3,-2.215629077,0.99636585,GMP
ACGTGCTCGATCCGACCA-1_larry3,-1.614895081,-1.501320417,MPP3
TGCTCCTCCCTTCCGGTA-1_larry3,4.998058582,-3.162824566,EryP
CGGTTCGTATGGTCCTAG-1_larry3,0.336752767,1.077693408,GMP
CAACACTCCGCATTGATC-1_larry3,-4.294522977,1.084662979,GMP
AGTATGACGGGTTGCTAT-1_larry3,-5.071129536,1.797509258,GMP
TGAGCTAGACAATGTGCT-1_larry3,0.208631927,2.351721828,GMP
CTGAGGTTAAGTCTAAGC-1_larry3,-2.620479798,1.842329328,GMP
ACTTCTAACAACTTGTCG-1_larry3,-1.254386043,-2.018541629,MEP
ACTGACTACGTCAGTTGT-1_larry3,-0.784133053,2.283708398,GMP
TACTTACCAAGCGTAGAA-1_larry3,3.746948505,-0.892086322,EryP
CAGCTAGTTACAGAGATG-1_larry3,-0.579038954,-0.576603467,MPP4
CTCGCAAGAGTCGAGTAC-1_larry3,-0.152382648,-2.728318388,HSC/MPP1
AGATGAGATTCGCTGTAA-1_larry3,-1.336899614,-2.646550829,HSC/MPP1
ATTGATTGGGATTGAGTA-1_larry3,5.05464437,-3.563305075,EryP
TCCAGCAGCAAGGATACG-1_larry3,4.527752423,-3.021246607,EryP
GGTCTTGCAGTTGATGCA-1_larry3,-1.985696053,1.793108051,GMP
ACCTAGTTATCTCGATGC-1_larry3,-4.533449387,0.252915745,MPP2
AGATGAAGACAAGCCTCG-1_larry3,-0.121933853,2.560930793,GMP
AGTAGAGGACATATGTCG-1_larry3,1.662340307,-1.005717511,MPP3
GGATGCGAACGAGTAGCA-1_larry3,1.765599394,2.930945938,GMP
ATCGAATCGGTCGTTAGA-1_larry3,-0.820303178,-2.229973013,MPP2
TGGTCGCTATTCGGAGTC-1_larry3,4.097137714,-2.82166856,EryP
AGAAGCTGCAGTTGCCTT-1_larry3,5.63070705,2.966152494,GMP
GCCGTCTTCTGCCACCGA-1_larry3,-0.194679475,3.664127176,GMP
AGTTAGGTCGACCAGAGA-1_larry3,-4.492971158,-1.420358236,pre/pro-B
TCTGATGAACTTGCGACC-1_larry3,-1.845663285,2.501523559,GMP
GAAGAGCACGAGGTGAGC-1_larry3,1.338708306,3.268765752,GMP
GAGACATTGATTGCCGAC-1_larry3,-1.358804679,1.759431903,GMP
GCGCATTACACCTTGAAG-1_larry3,1.531897688,1.763444965,GMP
ATGAGGTATAAGAGAGAG-1_larry3,3.891558671,-3.103863175,EryP
GCGATGGTGAGTCCAGTG-1_larry3,-1.996751284,-0.957796926,MPP4
ATAGCCTAACAAGAGGAG-1_larry3,-0.941468453,0.881440704,GMP
AGTCGCGACCTGGTACAT-1_larry3,-0.343188381,-0.619170333,MPP3
GTGCACGAGTTAAGTGGT-1_larry3,-0.201715207,3.914416139,GMP
TGACCTCCTAGCGGAACA-1_larry3,0.339892799,2.690438812,GMP
GTATTACTGTGCCGAACT-1_larry3,1.913309241,1.771376436,GMP
GGTAGTGTTAGTTATCGC-1_larry3,3.530570531,-0.468091096,EryP
GCCGTCTTCTCCAGCAGC-1_larry3,-4.623058534,0.502884989,MPP4
ACACCGCCAGACCACTCG-1_larry3,-5.514309144,-0.706258262,pre/pro-B
ATAGCACGGGCCTTGTGA-1_larry3,-0.878563142,-3.139324124,HSC/MPP1
TATTGCTACAACGCCTAC-1_larry3,3.874509359,-1.591625984,EryP
CGGACAAGTTCTAATACC-1_larry3,-5.84365437,-1.740470941,pre/pro-B
TCCTTAGGTACGGTGTAC-1_larry3,1.300488794,2.107928341,GMP
AGCGACACCCACCTTCCT-1_larry3,1.571600104,3.831186597,GMP
TTCCTGCTAGCTGATGTC-1_larry3,-0.781190014,5.089526956,GMP
CGAATGAGTTAGCCTTGT-1_larry3,4.381049657,-1.598642881,EryP
GAGCACATTAATACCTTG-1_larry3,1.307206416,1.841600244,GMP
TTGAGCTCTCCGCAGCTA-1_larry3,2.220047259,3.613549059,GMP
AACGGAGATTTGCCGTAG-1_larry3,-1.087123608,1.788005416,GMP
GGAGACACAACTTCGCAG-1_larry3,-1.623985028,2.473459547,GMP
TTCATTCGCATCAAGCAT-1_larry3,-0.781690812,2.16302449,GMP
AGGTGTACAGCGCATTAC-1_larry3,-5.987907624,-2.448873217,MPP4
TACTCGACCGCGCTTCTC-1_larry3,2.764732623,-2.322842295,EryP
CCGATCTCTCGTGCAAGG-1_larry3,-0.818792319,-2.432738478,MPP2
GATCCGCACCACACCTGT-1_larry3,3.393401647,-1.826005275,EryP
AAGACGAAGACATTCCAC-1_larry3,-2.47199533,-3.318202908,MkP 1
ACCTTGAAGCGTCAGCAC-1_larry3,-0.525485015,0.699176555,MPP4
CCGTTCCAACGCAATCGA-1_larry3,-0.95682714,0.828819578,GMP
GCACAGTAAATCGATCCT-1_larry3,3.186191583,-1.266659672,EryP
CCATTCTGCCAGAAGTGA-1_larry3,-2.581788516,-0.507586743,MPP4
CAGTTACTGTGCTCACAC-1_larry3,-0.073952532,2.659779136,GMP
CAGGTTGTCCGCTGTAGT-1_larry3,-0.523283696,1.390417998,GMP
CATTGTTCATGATTATCG-1_larry3,5.797351146,-2.286436493,MEP
ACCGAGACAACATGACTA-1_larry3,-1.874571538,2.123080318,GMP
TAGCTAAGAGATCTGTTC-1_larry3,-0.371754145,1.267314856,GMP
TTAGTCGGACTGACGGAT-1_larry3,2.776094222,-2.691369469,EryP
CATATGCGATATGATGTG-1_larry3,2.402514959,-1.620109374,MEP
GGAGACACAGTTCCAACA-1_larry3,-4.614922261,0.331267064,MPP3
CTCGTTCACCTCCTGACG-1_larry3,-0.857477879,6.626755064,MPP4
AGAAGTCCTACAGGAACT-1_larry3,-1.911637759,-1.175329919,MPP4
CAACGATCGCAGCCGCAA-1_larry3,2.887282396,0.320354884,MEP
TCGACGTTGCAGTCGGTA-1_larry3,5.478517318,-1.950896914,EryP
TTACCTCTCTCCTTCAAC-1_larry3,-2.068538165,1.686648552,GMP
CTGATCAAGCAACGTCTT-1_larry3,2.226715589,3.573322599,GMP
GTAGCCTTGCTAGGTACT-1_larry3,4.260224128,0.607097392,EryP
CACATTCTGGTTAGAGAC-1_larry3,5.080363536,2.541786497,GMP
AATTGGATCGTGTACCGT-1_larry3,-2.418247199,0.611148303,GMP
AGCATATGGGGAGCTCAA-1_larry3,-5.134620881,-1.66947406,pre/pro-B
TCGTTCTCCTACCGATTG-1_larry3,-1.706891751,3.013294761,GMP
AGCACACCTTGTGGTCCT-1_larry3,1.054972613,-0.086660976,GMP
AGGTCACGTTCGTCCGAT-1_larry3,-0.144700742,-0.354009314,MEP
AGTCCAGTGGTGAGGACG-1_larry3,4.112012172,0.649984067,EryP
CCTAGTTAGACGAATCGC-1_larry3,2.662016654,-3.186951811,EryP
GCAGATCCGAATACGTCT-1_larry3,2.52340951,0.623281722,MEP
ATAGACCGATGTTACTGA-1_larry3,-0.947618699,-2.966606076,HSC/MPP1
TTACGCTCGCCGCAGCTA-1_larry3,-4.58639977,0.355699842,MPP4
AAGGTGCTGCGCACTGAA-1_larry3,-5.79167006,-1.500041063,pre/pro-B
CAGGTATCGGAATTGTTG-1_larry3,-0.800340152,0.852822368,MPP4
GAGACGATCCGTGTCCGA-1_larry3,-0.184021747,4.415544336,GMP
CCTCTTGTAACACTAACG-1_larry3,3.441779161,-2.841850693,EryP
CCGACGTCAGTCAGCGTC-1_larry3,3.757655645,-2.806066925,EryP
GACATAACGCTCAGTGAT-1_larry3,-4.266586995,1.028480356,GMP
TCGCGTCATTACGTTGGA-1_larry3,-0.293527043,5.153489416,MEP
CTAGGTACTCGCGCACAT-1_larry3,5.025934482,-3.692492897,EryP
ATTCCTACGGAACAACCA-1_larry3,-3.023941254,-4.14377063,MkP 2
AGATATGGATGCCACCGA-1_larry3,-1.66420505,-1.88590246,MPP3
TGCGATACTCATCTCGAT-1_larry3,-0.74798522,4.86815912,GMP
GTAGAGAGCACGTCGCTC-1_larry3,4.273062253,-2.247259552,EryP
TGTCACATATTCGCTGAG-1_larry3,-1.645685172,2.449728792,GMP
TATAGTGCGGGTAGACAT-1_larry3,-0.516274905,-1.999768908,MPP3
TCCACCGGTGCGCTTCTC-1_larry3,1.955597425,3.814271753,GMP
GTCGACATTTGTCGTGAG-1_larry3,-3.450972295,0.317827885,GMP
ATACCGCTTCAACACTCC-1_larry3,-4.622374749,2.696528499,GMP
TTGCAGTCAGTCTTCATA-1_larry3,4.548919463,-2.616417582,EryP
ATTCGAAGAAAGCTGAGG-1_larry3,4.058904433,-1.818045194,EryP
TAGATAGCCTTACCTCTC-1_larry3,1.69984045,1.782286947,GMP
GTGCTCGGATATCAGTGC-1_larry3,-4.485085702,-1.517193968,pre/pro-B
CATAGTATGAGTCCGTGT-1_larry3,-0.651308513,-0.147861223,MPP4
AGTCCAGTGGCATACTCC-1_larry3,-1.097167945,0.888282125,GMP
GTATCGTCGAATGTGCGT-1_larry3,-2.025695538,-1.545263226,MPP3
TGCCGAACTAGCGTCGTC-1_larry3,5.064833903,-0.396426725,MEP
CTCCACGTCGCAACCAAC-1_larry3,-0.901689029,1.858442848,GMP
AACGGTAGCCAAGCTGCA-1_larry3,3.759126687,1.336851304,MEP
GGAGCTCAATGGTGGTAA-1_larry3,-1.595707869,0.663738494,GMP
GTAACGCGAGCTTAGAAC-1_larry3,-0.468489623,3.083626335,GMP
AACAGCAGTTAGTCGCAT-1_larry3,-1.707042193,-0.969198282,MPP4
CCAGTTACGTACAAGAGG-1_larry3,-3.367859101,-1.026843901,MPP4
AGCGGAACATGACTGAGA-1_larry3,0.597639585,1.955377166,GMP
GAGAACAGGACCTAGTTA-1_larry3,-1.942440724,-0.340534418,MPP4
CCAAGCGAGGTGTCCGTG-1_larry3,1.611103678,3.581919496,GMP
ACACACGTCCAGATCATT-1_larry3,4.338743472,-1.912080462,EryP
GCTGAGCAGAATGCTGAT-1_larry3,-3.188186622,-4.182424004,MkP 2
AGGAAGGTGCTGATGCAC-1_larry3,-0.037481224,0.902536457,GMP
TCCGATAACCCTAGTTAG-1_larry3,3.199404979,-2.081115897,EryP
CGAGTAGCAGATGCGGTT-1_larry3,-0.313396847,2.123196905,GMP
AGTCCGTGTTGTCTACAC-1_larry3,-1.64072082,2.125005786,GMP
TGGTGCCTGACTGGTCAG-1_larry3,2.782159591,-1.849675353,EryP
CACGGATAGTAAGCACTA-1_larry3,0.997896069,-0.394442881,GMP
CTGCTTAGGTCACGCGAC-1_larry3,-1.960247493,-1.133911843,MPP4
TAGGAGGATCCATAGCCA-1_larry3,0.232241029,0.847886269,MPP3
CGCAACCTCGAATCGAGA-1_larry3,-0.630515194,-0.214678454,MPP4
TAGGATTAGTCAAGGTCG-1_larry3,-2.993571019,-4.19962209,MkP 2
TGCCGACTAAAGGATACG-1_larry3,-0.273308432,2.357234304,GMP
AGAAGCTGCACCTAGCAC-1_larry3,1.257457519,-0.658539916,MPP3
TTCCTTGACGACCTTGTG-1_larry3,1.251070762,0.506202643,MPP3
CGGACAAGTGTGGAGGTC-1_larry3,-3.043691373,-4.198468859,MkP 2
CAGTTGAGTCCAGTCTCA-1_larry3,0.649406491,4.001022165,MPP3
ACGCAAGATGTTCACTCC-1_larry3,1.42709055,3.192354744,GMP
GAGTTATAGCATGCCAGT-1_larry3,1.602692032,1.744639461,GMP
ATCACTTCCCCGCACTCA-1_larry3,-3.694347596,1.633345072,GMP
CAACTCCAGGAGATTCCT-1_larry3,-1.045422649,5.875091856,GMP
CCTCATAACTAGACACGT-1_larry3,2.289229179,-1.172451968,MEP
GAACTCGTATGTAGATCG-1_larry3,2.288874531,0.652321403,MPP3
TGTGCAGTACGTATAGCG-1_larry3,-0.617373919,4.987277811,GMP
TGATGTGTGCCTTAATTC-1_larry3,-0.109529948,6.14306814,MPP3
GACGTGGTCGAGTCGTAC-1_larry3,3.28038528,-1.495782549,MEP
CAGTGCCATAATGCAGCG-1_larry3,3.083362127,2.16701371,MEP
AAGAGAACTGTGCTGACT-1_larry3,-0.848038769,3.098139827,GMP
TGGTGGATCGTGAATGCC-1_larry3,-0.769040799,-2.739882643,HSC/MPP1
TCAATCTAGGTTAGATTG-1_larry3,-0.573832488,-2.042753394,MPP3
ACAGCGTATGTTAGATTG-1_larry3,2.920832896,-3.826938803,EryP
CACATATCAACGTATGTC-1_larry3,3.96872046,-1.864198501,EryP
CCGACTGTTGACCACTCG-1_larry3,5.279931331,1.645052378,MPP3
ACTCGTCTATTCTGGTGC-1_larry3,4.062863612,-2.761915858,EryP
CGACCACTTTGTGTAGAG-1_larry3,-0.629614687,-3.018495972,MPP3
GCTCTGTGTTCCTGAGAC-1_larry3,-2.035446381,-0.874385412,MPP4
CGATACTCTCCATCACGA-1_larry3,2.573178077,-1.776999171,MEP
TCTGGAGGAAAGACGAAG-1_larry3,-0.928120112,2.41088373,GMP
GGAACCTAGTGTGCAGTA-1_larry3,-1.747048354,-1.47316807,MPP4
GACAGGTTAGACTAGCAT-1_larry3,3.627107406,-2.69697469,EryP
GCATTGATCTGGATTAGC-1_larry3,-2.967011905,-4.053848917,MkP 2
TGTGCTAACCAACGTCTT-1_larry3,5.045003677,-3.158770497,EryP
TAGCAGAGTACCGAGACA-1_larry3,2.387076402,1.045974438,MPP4
TTCCTTGACACCTGCAGA-1_larry3,0.921254242,-1.317942436,MPP3
TTCCTTGACTCCAGAACG-1_larry3,-0.681772327,2.907475298,GMP
TGCCTTCAGTGGTCTACG-1_larry3,2.58695128,2.999653404,MEP
CGCTTGTAGTGCCAATGG-1_larry3,-4.477535939,-1.407320077,pre/pro-B
CCTGTCATTAAGAGAGAG-1_larry3,-1.722057795,2.146163528,GMP
TTATCCAAGTGATCTCGG-1_larry3,-5.422213769,1.74920327,GMP
GCGGAGATTTCCTTAGGT-1_larry3,4.905654216,-0.975618477,EryP
GGTTCTATCTGATTGTGC-1_larry3,-0.17466793,-0.395103666,MPP3
AGGTATTCCTGTGCCATG-1_larry3,-0.255769467,1.757675474,GMP
TAATGTAGCCAACTCCAG-1_larry3,0.300560767,0.507581298,MPP4
ATACGAGGTGCATACTCC-1_larry3,-2.404939389,-3.14320081,MkP 1
GAGTCCAATGGAACTGCT-1_larry3,0.236148858,0.52485985,MPP4
ATGCAGTTCTAAGGTCCG-1_larry3,-2.273342347,2.341278617,GMP
CATATGTCGCCGCATCCT-1_larry3,-1.366633153,-0.069500143,MPP4
CATAGGTGTATTGCGCTA-1_larry3,-2.024701333,-0.897501702,GMP
GGTTCTATCCACATATCA-1_larry3,2.662915969,-1.368628199,MEP
GAGTATCGCTTCGCTGAG-1_larry3,-0.802736378,-2.341121848,MPP3
TGAGACAGCTGACCAAGT-1_larry3,-1.580557561,-0.818399067,MPP4
GCCGTTGTTTGTCACATA-1_larry3,-1.835647082,-0.834066088,MPP4
TCACGACAACTATCCATC-1_larry3,-0.37584207,2.930471246,GMP
CTCAGTGATTTATGAGGA-1_larry3,1.041829997,-0.596987153,GMP
CGGAATGCACGTGACCAG-1_larry3,-1.901135659,-1.699713643,MPP3
TTACCTCTCGTTCAGAAG-1_larry3,-0.412858343,1.678183143,GMP
TGAGAGGACGACACCGAT-1_larry3,3.942020202,-2.431154187,EryP
TCTAGTGACTGTAGCAAG-1_larry3,-1.357527947,1.178644126,GMP
CGAGTAGCAAACGTTCTT-1_larry3,0.01399132,1.825494115,GMP
AACTAACTGGAATTGTTG-1_larry3,-1.987355208,1.447648113,GMP
ATCTCGAACCTCTGCGGT-1_larry3,-0.035096264,5.931020086,MPP3
CCGTTCCAATGATTATCG-1_larry3,4.307444596,0.155246531,EryP
CTCATGCCACGTCTGTCC-1_larry3,4.445722127,-2.137906129,EryP
ATTAGCGGTCTCGTGTCC-1_larry3,-1.441823935,1.500559037,GMP
CGGTAGCTTTGAAGACCA-1_larry3,-5.711734509,-2.080580528,pre/pro-B
GGTAATCTAGGTAAGGAT-1_larry3,0.990782881,-0.776010508,GMP
CGTGCTTGATGGTGCCTG-1_larry3,-1.341962671,4.949222868,GMP
GGTTGCTATGGTAGCATC-1_larry3,5.608413005,-2.529338534,EryP
GTGAATGCCTGTTAAGCC-1_larry3,1.086257988,-0.437015245,GMP
CCTTCGAGCCCTAGTCTC-1_larry3,-1.033203935,-3.166427071,HSC/MPP1
GTATCGTCGGCTACCGAG-1_larry3,-1.95356152,-0.723009552,MPP4
TGGTCCTAGTTGGACTTC-1_larry3,2.394041562,1.310261433,GMP
TAGGATGCCCATACAACC-1_larry3,-1.018554663,3.189632719,GMP
AGAAGCTGCTAGTAGTCT-1_larry3,-1.244888401,4.833416765,GMP
CTGTACGACTTGATGCTG-1_larry3,-1.555264449,2.087537115,GMP
AATCTCCTAACGCGTGAC-1_larry3,6.457913661,-2.662865813,MEP
ATGCGGATTGCAATGAGA-1_larry3,2.309278274,1.565739815,GMP
AGAAGAGTCTTCCATACC-1_larry3,-0.399668908,-0.270592329,MPP4
GGATACAATACGGTGTAC-1_larry3,2.863522792,-2.139163907,EryP
CTGACGGATTCCAAGTAA-1_larry3,-0.179218089,3.385574644,GMP
GCTACCGAGCCTTGTTGC-1_larry3,1.348306561,1.779380386,GMP
ACAGCGTATATTGGTTCC-1_larry3,2.438446307,3.437860076,GMP
TCAGTAAGCCGCGTGAGA-1_larry3,-3.191435313,2.288464372,GMP
GCACGTAGAGCTACCTTA-1_larry3,0.938116664,-1.389378722,MPP3
GGAAGGTATTAGTAACGG-1_larry3,-0.142373001,2.134723251,GMP
TCGCTGTAAGATCGATAC-1_larry3,-0.078145778,6.196934526,MPP3
GAGTTAACTCGCTTATGA-1_larry3,-0.993876076,1.48717386,GMP
ATAGCCTAACAGCTAGTT-1_larry3,5.802752757,2.293729131,MEP
CCTTCGAGCGAGCCATCC-1_larry3,2.84052279,-2.539970572,EryP
CCTTGACGGCTCCAGCGT-1_larry3,-1.652082896,0.337884848,GMP
AGAGCGCGATGGTGGTAA-1_larry3,4.086094642,-2.409431631,EryP
GCGAAGCTCATAGTGGTT-1_larry3,3.483605647,-3.000721629,EryP
TTGAGCTCTTAGCTGTTG-1_larry3,-1.02732358,-1.002732868,MPP4
CAAGCGCATTGTCACATA-1_larry3,-1.623081422,-1.158562179,MEP
GGAAGAAGCCTGAGATAG-1_larry3,-0.165043688,3.956663911,GMP
GAACCAGTTGCCGCTATC-1_larry3,0.139068747,2.855457609,GMP
TGTAGGTTATTACACCTT-1_larry3,-1.299253678,2.609932725,GMP
CCTCCAATCCTTCCGTGG-1_larry3,-7.455163216,-2.933753426,pre/pro-B
ATGGAGAGTCTAATACGC-1_larry3,-5.85622046,-2.11902159,pre/pro-B
GAGTCACCAACAGGAACT-1_larry3,-0.32569251,0.616866057,MPP4
AATACCTTGAGCATATGG-1_larry3,4.464649224,-1.748260672,EryP
ACACGTTGCTCGACGTTG-1_larry3,4.368656898,-0.626534457,GMP
CAGTATGATATGCTTCAG-1_larry3,-5.475752091,-0.669045175,pre/pro-B
ACCGGTTACCTAGTATAG-1_larry3,0.239221329,4.152756517,GMP
ACGTACTGCGCGAAGCTC-1_larry3,1.000628615,3.018079107,GMP
ATGATAGCTATCATGTTC-1_larry3,-1.339410758,3.166290109,GMP
GACGTTCAGAATACCTTG-1_larry3,-0.537321663,0.012578313,MPP4
GACGTCAATCTGGTGACA-1_larry3,2.956626916,-3.371948416,EryP
CTATCCATCTCTCAGGAT-1_larry3,-4.024306035,1.468102639,GMP
AGCAAGTCCGAATCACAT-1_larry3,1.644032562,1.22999603,GMP
GGTGTTCATGGATAGTCA-1_larry3,-2.915113902,-1.276254768,MPP3
TGATTATCGCATTCCGAG-1_larry3,-7.50902102,-2.934268887,pre/pro-B
TGCCAATGGTTGCCAGAT-1_larry3,6.068839812,-1.736339266,MEP
GTAACTCATCCAACGGAA-1_larry3,1.78357985,-0.182916882,MEP
CGGTTCGTAGTGACTCTC-1_larry3,4.984633231,-3.638173754,EryP
ACTCCAACTCCGCAATGG-1_larry3,-1.624798989,-0.149693365,MPP4
TAGGATTAGCCGTCAGGT-1_larry3,-0.213070607,-0.367637972,MEP
TGGTGGATCCTAGTCGTC-1_larry3,4.962933803,-3.582332308,MEP
ATAATCGAGTAGACACGT-1_larry3,-1.208664393,5.181300943,GMP
GACAGGTTAATTAGCCAC-1_larry3,-3.188157534,-0.933708305,MPP4
GTCCGCTCAGCGCATTAC-1_larry3,0.626246663,0.73684675,MPP4
GGAACTGCTCCGTCCACT-1_larry3,-1.343062138,0.245056098,MPP4
CTGGTCGGTAAGCTGAGG-1_larry3,2.114104653,1.204357331,MEP
ATCGTAGTGCCGCATCCT-1_larry3,-3.309602237,-0.706198658,GMP
GATACCGGATCGAACGCT-1_larry3,2.180707956,0.655501669,MPP3
GATCCGCACGCTTGTCCT-1_larry3,-1.433678365,5.075664823,GMP
CGCTTCACGGCGCATTAC-1_larry3,2.747348094,2.897089069,MPP3
GGTTAACAGACAGAGATG-1_larry3,0.250924343,2.403249805,GMP
AGATGTTGGACCACTAGG-1_larry3,-2.613666272,-3.132823403,MkP 1
ACTCGTCTAAGATACGTT-1_larry3,5.127466941,1.059679573,MEP
GGTTAACAGTAACATTGG-1_larry3,0.466508085,1.595674937,GMP
GAGACTCGAACTCGTCTA-1_larry3,1.846569443,3.621005838,GMP
TACGTTACCAAGCAATCG-1_larry3,-4.276334977,1.284471099,GMP
CCAGTACTCATAGAGCAG-1_larry3,2.342256928,2.594675844,MPP4
TGTAGATCGAACGATGAC-1_larry3,4.55000093,-1.424757416,EryP
TGTAGGTTAAGTCGCCGA-1_larry3,-0.866189694,-1.779183919,MEP
GTCGCAGGTCGATTGAAC-1_larry3,4.184964919,-2.763782914,EryP
CATCCTCTCCACCAGAAG-1_larry3,0.373309845,1.352162068,MPP4
ACCGATCGACGACCATCA-1_larry3,0.869459444,2.3765083,GMP
CCGTACGGAGATGCTCCT-1_larry3,1.343758428,0.204112952,MPP3
GTGTACCGTAGCTTGGTG-1_larry3,1.065982455,-0.941707845,MPP3
CAATTGTCTCGTCTGCTG-1_larry3,-0.954304552,0.369858508,GMP
TGCCGACTAATTGATTGG-1_larry3,-0.370874381,1.828647678,GMP
GTAGCATACGGATGCGAA-1_larry3,1.928272867,1.583372777,GMP
GCGACACAGATAATCGAG-1_larry3,1.286222124,2.156651323,GMP
GAACATGACCCTCCAATC-1_larry3,0.326870287,2.146442001,GMP
AGGTGTACAGGTCCTAAG-1_larry3,-0.536683297,-2.08218425,MPP3
TTCATTCGCGCAACTCGC-1_larry3,-1.341734385,2.344614332,GMP
ACCGTACGCACACCGCCA-1_larry3,-0.705108738,-2.494215424,MPP3
AAGACGAAGCCTCTCTAG-1_larry3,5.307653213,1.467808192,MPP3
ATATGTCCATGTACACGA-1_larry3,-6.185761666,-2.516277487,pre/pro-B
GCTAGCTCCCTTAATCGT-1_larry3,0.350411588,2.422451799,GMP
TACAAGAGGGTCGTCGAC-1_larry3,3.938293004,-2.365549977,EryP
CATGGTTACTTAGCGTCT-1_larry3,0.356107676,-0.757321681,GMP
TACGTTGGACCGCACTCA-1_larry3,4.723306441,-2.556802208,EryP
GCTGTTCGGGTAGTGGAG-1_larry3,2.810370946,-1.108237977,MEP
CCACATTAGCATCCACCG-1_larry3,1.888013387,0.934935038,MPP4
AGGTACCAAGACTCTCAC-1_larry3,1.526977861,1.638365333,GMP
TCTCGTATCAGAGCGCGA-1_larry3,-1.779491877,1.982348745,GMP
GAGAACAGGGAACCAGTT-1_larry3,-5.758676267,-1.504676635,pre/pro-B
GCCTGGAATAGATATGGA-1_larry3,6.137908721,-2.738503392,EryP
ATAGCCTAACGAGTAGCA-1_larry3,-0.16598717,2.842602079,GMP
CTTCCTGATCCTAAGAAG-1_larry3,-1.417934394,3.014773672,GMP
AGACCAGCTCATGTCCTG-1_larry3,0.213603789,1.164207642,GMP
AGTTACAAGCAGTTGAGT-1_larry3,0.028708542,3.034058635,GMP
GTGTCCGTGTTAGCGTCT-1_larry3,-0.220949983,2.145559852,GMP
TTCCAATTCTAACGGATA-1_larry3,-3.255455232,-4.246624644,MkP 2
GTACCTAACATCTCTGCT-1_larry3,0.096597397,0.630501096,GMP
GTCAATACACACCTACGC-1_larry3,3.299412036,-0.148662652,MEP
TTGCAGTCATTGTCAACC-1_larry3,3.929688955,-2.192162688,EryP
ACTCGTCTACTAACCGGT-1_larry3,-0.92626915,2.689165895,GMP
CCACAAGGTGTCAGTTGT-1_larry3,-1.842757678,2.503442113,GMP
CTCGTCTTGCGTCAGCAC-1_larry3,-1.858129001,-0.71867084,GMP
GTAACGCGAAGACCACGC-1_larry3,2.240361953,-2.585883553,MEP
CTCCTGACGCGATTGAAC-1_larry3,3.928328777,-2.502108748,EryP
CGCAACCTCGCTCTCCAA-1_larry3,5.091034675,-3.119841034,EryP
AAGCAGCATATGCTCACC-1_larry3,5.35656097,-0.494045387,EryP
ATATAGCGTGCTCTCCAA-1_larry3,-0.490938878,1.240677779,GMP
TGACTGAGATGACAAGTT-1_larry3,-0.19781599,-1.486308987,MEP
GGATCAATGGTCTGAGCC-1_larry3,3.399398351,-1.534639056,EryP
TTAACGGAGGCGTCGTCT-1_larry3,-4.102352357,1.288734143,GMP
GTGAACCACGACGTGGTC-1_larry3,2.513474965,-1.141554291,MEP
TCGTAGGAATGCGTAATC-1_larry3,-1.7679672,0.897951429,GMP
ACAGGAACTTTCGCATCC-1_larry3,-4.231340623,1.262143676,GMP
TTCGTGATGCCTGTTAGC-1_larry3,-0.521179294,2.130944078,GMP
GAGACGATCCAGCTTCGA-1_larry3,1.814533734,-0.002936418,MPP3
GTCTGACGTGCTTACTAG-1_larry3,2.990852857,-1.438281233,MEP
TCCAACGTGTTACACCTT-1_larry3,2.071759844,3.251040285,GMP
TTCATTCGCATCTCTGCT-1_larry3,-0.841521478,2.314933126,GMP
CCTAAGAAGGGAAGGTAT-1_larry3,1.582189822,1.822774236,GMP
GGTAATCTATCTACAGTT-1_larry3,-0.435446834,4.822623079,GMP
ACAGCGGTCGACGTTCAG-1_larry3,-0.440519905,-0.325922645,MPP3
CTACTGTCAACGTCGCTC-1_larry3,-1.209573722,1.499973242,GMP
CATACGCAGGATTAGACA-1_larry3,3.332318568,-2.811331685,EryP
TAACGTGTCAGTTGTGTA-1_larry3,-1.788595176,-2.281119044,MPP2
CTGTAGAAGCGTTCGTAC-1_larry3,-1.200458026,-1.010250444,MPP4
CAACGTCTTGTAACAGTC-1_larry3,0.134943688,-0.563045497,MEP
ACGCGACAGAAGCAATCG-1_larry3,-1.274478054,0.26756913,MPP4
TGACCAAGTATACGAGGT-1_larry3,-2.08228395,0.810738032,GMP
CCGATGTTCGGACAGATT-1_larry3,-1.592135167,-0.775412584,MPP4
TGAGCAGATGACTGCGCA-1_larry3,0.256053114,0.716820662,MPP4
CCTCGAGAGGAAGAGCAC-1_larry3,4.190687919,0.213390951,EryP
AGACTTCGTATAAGACAG-1_larry3,0.187967086,0.629582291,GMP
AGTGTCTCTGTGTCGAGC-1_larry3,5.10780313,-1.681809242,EryP
CTTGCGACCTACGTTACC-1_larry3,4.08213141,-1.940468008,EryP
ATATGTCCACAGTGAGGA-1_larry3,-0.983865833,5.157802885,GMP
CATATGTCGGCGTTCAGA-1_larry3,-2.597912764,-3.406380827,MkP 1
TCAGTGCAATGCAGTTCA-1_larry3,-0.753357744,2.982360904,GMP
TAGAGCGTCCCTGTATCT-1_larry3,-4.127681947,1.376942818,GMP
GTACGCGATGAATAAGAG-1_larry3,0.315778816,-1.496811206,MPP4
ATCAAGAGAGGTAAGGAT-1_larry3,-5.177848553,-1.205616052,MPP4
CCAATATACTAGCCAGTG-1_larry3,2.966979289,-2.469305212,EryP
TGAGAATCCTCCTCTAGT-1_larry3,-0.812848306,-2.500001604,MEP
TTGGAGAACGTACGCGAT-1_larry3,-5.793074822,-1.817902143,pre/pro-B
TCACACTGCGACTGCGCA-1_larry3,-1.180264568,2.954690282,GMP
TACCGATTGGATGCGACG-1_larry3,2.905743623,0.645792787,MEP
CAAGTACGAAGAGGACGT-1_larry3,-2.348742223,2.963465517,GMP
TCCTATTCCCTGATGCAC-1_larry3,-0.552920914,5.409282034,GMP
GCGTCGTCTATGCGTGGA-1_larry3,2.618760133,-1.761045391,MEP
AGCCTCTAGTCCACCGGT-1_larry3,-0.818439817,-1.742166336,MPP3
ACCAGCGTTGCAACACCT-1_larry3,4.921384597,-1.661232049,EryP
TAGCGCAGCATCTTACAG-1_larry3,2.371536637,3.570505445,GMP
GAGCACATTAACTGATTC-1_larry3,-2.752632594,-3.609614308,MkP 1
GCTGGTTCGCACACCTGT-1_larry3,0.289142424,1.548861806,GMP
CAAGGTGTGTAACGTGTC-1_larry3,-5.412148213,1.650554245,MPP4
CACATTCTGTACATGCAC-1_larry3,4.185606265,0.465042536,EryP
TAGGAGGATGTGGTACGG-1_larry3,-4.115991807,1.513151114,GMP
GTCTTATGCACAGCGGTC-1_larry3,0.082182193,-0.514797936,MPP4
CCGAATATGCTCGACGAT-1_larry3,1.905245805,1.54033107,MPP4
GCGATGGTGAGTGTCTCT-1_larry3,-0.482740736,2.493618076,GMP
CAGTCGGTACACTACAGG-1_larry3,-1.828152394,1.095553463,GMP
CAGGATCAAGATTGAGTA-1_larry3,-1.999570823,-2.171600873,MPP3
GTGACGTAATAGAGCCAG-1_larry3,-0.582179403,0.101503139,GMP
CCGTCCACTCAAGAACCG-1_larry3,-3.028710341,1.711178367,MPP4
ACCTAGCACTGGTCCTAG-1_larry3,1.891586089,3.300949638,GMP
GCATACTCCCGCAGTGTC-1_larry3,-5.768389916,-1.379156644,pre/pro-B
GGAACCTAGGAACTCGTA-1_larry3,-1.654370045,1.999172275,GMP
CCGATCAGCAGCCTCTAG-1_larry3,0.690180229,2.632486646,GMP
GTCTTCATAGGTAGTGTT-1_larry3,4.596550489,-1.830367501,EryP
GCCTAACGGGCTGAGCAG-1_larry3,2.145242953,3.490886276,GMP
GATATATCCAGTCTAAGC-1_larry3,4.418724322,-1.364219959,EryP
CCGATCTCTGAGCAGGAA-1_larry3,3.252428556,-2.521768029,MEP
CTTCCGGTAAGCCACTTC-1_larry3,1.196013773,-1.6181938,MEP
CGTATAGCGAAGTCATGA-1_larry3,-1.190729117,-2.835403378,MEP
TTGCCAGATGCATACATG-1_larry3,4.247262263,0.322329228,EryP
GACATATGTAGACGCTAT-1_larry3,4.05893662,-2.379396136,EryP
CCGCAATGGGCAGCTCTT-1_larry3,6.074788356,-2.632246668,EryP
TCTGTGAAGCTCGAACTG-1_larry3,3.872783208,-1.614218528,EryP
TCGCGTCATGAGATTCCT-1_larry3,2.810549522,-1.983199651,EryP
GTAGAAGTTTCTCGTATC-1_larry3,1.169340813,1.815782135,GMP
CTCGAACTGTAGATCTGT-1_larry3,3.145271325,-1.12626117,EryP
TGTAACAGTCTCGACTGC-1_larry3,0.684769545,-1.390322382,MPP4
GATCTACTTACCGTACGC-1_larry3,-0.321128523,1.752627199,GMP
AAGTCATGAAATATCGCT-1_larry3,1.860807443,-1.886750514,MEP
TCATCAGAGCACCAGAAG-1_larry3,-0.458252168,-1.946915204,MEP
GTGTCTGGACAGAGCACC-1_larry3,2.764962459,-2.167935784,EryP
TACAGTTAGGATCTTCGC-1_larry3,3.628723645,-2.105054672,EryP
ATTCCGTACTGATTATCG-1_larry3,-4.254901624,2.706461017,GMP
TACGAACTCGCTGATGTC-1_larry3,2.366030598,3.600836341,GMP
CCGTCAGGTAGTACGAAT-1_larry3,2.870810056,-2.491332943,EryP
AGACATCCACCGTCAGGT-1_larry3,-1.554266429,0.921220605,GMP
CTTGCGACCGTGACGTAA-1_larry3,4.297960782,-0.681376601,EryP
GATCGTTGACAAGTACGA-1_larry3,1.327093625,2.193132703,GMP
GCCGCTATCTGATTGTGC-1_larry3,-3.383757329,2.069008415,GMP
CCATATGCCTTCCAGATT-1_larry3,4.13996675,0.268564169,EryP
CACTGTATCCTACGGTAT-1_larry3,-1.429233289,1.116017525,GMP
CAGTTACTGTGACCTCCT-1_larry3,3.564554,-2.96331733,EryP
TCCACCTCATCACGCGAC-1_larry3,3.298781419,-1.09370255,MEP
TGCCAGACGAGGAGCAAT-1_larry3,-0.430181718,5.559324567,MPP4
ATGGAGGAAGACCAGAGA-1_larry3,3.626165652,-1.909893687,EryP
CGCACTCTTGTTCACTCC-1_larry3,0.479442829,3.830954855,MPP4
ATATGCAGCCTTCGTGCA-1_larry3,-1.343691802,0.303431695,GMP
CTCTAGTAATGTCGTGAG-1_larry3,-2.032927728,-1.572024639,MPP3
GAGGTGAGCCCGCTCATG-1_larry3,3.717853332,-1.972656782,EryP
ACAGGAACTCTATAGCTC-1_larry3,2.037325764,-0.183330665,MEP
AAGTTCTCTTATCTAGGT-1_larry3,5.058770442,1.178001468,MPP3
TATTACAGCGACAGGTTA-1_larry3,-7.074213242,-2.823948319,pre/pro-B
AGGATCTCACCACCATGC-1_larry3,3.650886798,-0.158759425,EryP
GAGTCCAATACATGGATT-1_larry3,2.275373006,3.700234716,GMP
AATCGCCATAGCGCATGA-1_larry3,3.373235727,-2.162228997,MEP
ATTCATGTGACCGATCGA-1_larry3,-1.226162171,2.275474851,GMP
GCCGAACCACTTAAGTTG-1_larry3,-1.894214606,1.387077038,GMP
GGTGTTCATCCGCAACAC-1_larry3,0.415412226,2.932981079,GMP
AGACTTCGTACGACGATT-1_larry3,5.652947688,-0.212740595,EryP
AACGTCGAGTGCCACCGA-1_larry3,0.914087767,-1.704671557,MPP4
AGTAGAGGACGCATAACT-1_larry3,5.50559547,-0.685963089,EryP
CGCGCACATAGCACACCT-1_larry3,0.328910673,1.155587142,GMP
GCGAACTCGAATACCTTG-1_larry3,-2.00446794,2.111286705,GMP
ACTGGTCAGAGAGCGGAG-1_larry3,-2.005402779,-1.693631227,MPP4
TCAGACAAGGAATAAGAG-1_larry3,3.994320655,-2.829666073,EryP
AGTCGCGACTCATGCAGG-1_larry3,-2.059846139,-2.3930003,MPP3
TACGAACTCCCGCAGAAT-1_larry3,3.648283029,-1.802649076,EryP
CACGATAGAGTCCTTCAT-1_larry3,4.500429416,-1.764396245,EryP
ACAGAGATGCTACCTGCG-1_larry3,4.151371026,-3.009448941,EryP
CGGACAAGTCCTCCTTGT-1_larry3,0.116470778,3.126422231,GMP
ATCAGTCGATACAAGAGG-1_larry3,-0.136934316,1.428412621,GMP
CAAGAACCGTTGGAGAAC-1_larry3,-0.5154464,4.769408529,GMP
TCGAACGCTATTCTCTGG-1_larry3,4.090919042,-2.099288042,EryP
TGAGACAGCGAGCCGTTA-1_larry3,-1.684853291,-0.351695399,GMP
GCCATCGCTAGTAACGTA-1_larry3,3.367389703,-1.102403278,EryP
CCTAGTTAGATACCGAAG-1_larry3,-4.718919015,0.561982935,GMP
CCTGTATCTATCTTACAG-1_larry3,2.74028256,-2.172130043,EryP
TGGAACTAAGCAGCTTGA-1_larry3,2.515526915,-1.880561883,MEP
AGGATCATGCTTCTATGA-1_larry3,1.142242575,-1.516762431,MEP
AGCACCGTGCCAGTCTCA-1_larry3,-2.475998378,0.808759396,GMP
CTTATTGAGAGCTCTCCG-1_larry3,4.0809901,-2.845825131,EryP
AGCGGTCTATCAGAGCGT-1_larry3,3.409933114,-2.878131325,EryP
CCATCTAGGATCTTACAG-1_larry3,4.965735221,-2.886436875,EryP
GTAGACTCTCGGAAGACG-1_larry3,-2.158649421,1.671210949,GMP
GCAGCGATAGGTTCGCAA-1_larry3,2.539921069,-3.656040127,EryP
CATGTGAACAATCGCCAT-1_larry3,-3.3279042,2.361861293,GMP
AGAGCGGAGTCCTGTCCG-1_larry3,5.016248965,-3.032444889,EryP
CAGAAGTGACCGTACGGA-1_larry3,-0.443973756,-0.695645506,MPP4
TCGTAGGAAGGTAGCATC-1_larry3,4.09972527,-2.305798228,EryP
TTGCCGTAGTATGCCTTC-1_larry3,-0.827290749,-0.239680431,GMP
TGAGTTAAGCCACGAAGG-1_larry3,3.692863727,-0.412553835,EryP
AATCGTGTTGAGCAGGAA-1_larry3,4.643348956,-2.130380804,EryP
AACGATGACTGCGATACT-1_larry3,-0.06009314,2.645884101,GMP
CAATACCACACCAGCGTT-1_larry3,1.60434618,2.192898338,GMP
TGACGGTTGTAATCACGC-1_larry3,1.80345645,0.762602513,MPP3
TACGTTACCCGACAGGAA-1_larry3,1.029060626,-0.374190773,MPP3
TGGTCCTAGATGGAGGAA-1_larry3,3.899344945,-3.381926711,EryP
TGCAGTTCAGGATAGTCA-1_larry3,5.302504325,2.264708822,MPP4
ACTCGTAGGAGCACCAGC-1_larry3,2.338626409,3.660218065,GMP
TGTTACTGAACGACGATT-1_larry3,1.902762199,3.269802158,GMP
TTCCTAAGGCACGATAGA-1_larry3,-5.686221814,-1.703371937,pre/pro-B
CGTTCCATTAATACGTCT-1_larry3,3.766335035,-3.159785683,EryP
AGTACGAATGTATCGTCG-1_larry3,-0.407818532,-1.851917083,MPP3
GTCGAGTACACTCCGTCG-1_larry3,4.24487021,0.523236876,EryP
TTCCGAGCGACCGGAAGG-1_larry3,2.799013639,-3.60155123,EryP
GCTGGTTCGTTCGCTGAG-1_larry3,4.445689464,2.85877115,GMP
AATTGGTGACAGCGACGT-1_larry3,-0.67336545,-3.171713765,MPP3
CGGAACGAGATCCGACCA-1_larry3,-1.639882541,-2.194022353,MPP3
TGATTATCGCGTTCCATT-1_larry3,0.176546389,1.76207072,GMP
CCAACAACAACACACCGT-1_larry3,-3.546524262,-0.830922658,GMP
TGATGTGTGCGATTGAAC-1_larry3,-0.5831779,1.793753927,GMP
TTGTTAGAGGCCTGGAAT-1_larry3,4.327914024,-4.528147395,MEP
TGAGAGGACTATTACAGC-1_larry3,-2.138701176,0.377292697,MPP3
GCTTCTGAACTCTGCGGT-1_larry3,-2.11016891,2.642371719,GMP
CCAGGAGTTTTATCCAAG-1_larry3,-0.982251739,0.666917031,GMP
TCCTGTGGAAGATCGAGT-1_larry3,2.028131986,3.284324949,GMP
CCACTACCATGTCGTGAG-1_larry3,-0.630765533,5.53854162,GMP
AGCTACTCACGACGTACG-1_larry3,4.061680818,-2.226929362,EryP
ACTGGTCAGGCCGTTGTT-1_larry3,2.472709084,-3.075482066,MEP
AGATGAGATGGAGAATGA-1_larry3,1.144253755,2.247691219,GMP
CTGCGATTCCAACCTGGT-1_larry3,0.352798039,1.406140392,MPP3
TCAGTGCAAATGGAGGAA-1_larry3,1.762975836,1.520270412,GMP
ACACATCTGGTTGCTCAG-1_larry3,2.645826125,-2.360920603,EryP
TATACGTGGGTCGTGTTA-1_larry3,5.303929115,0.530972188,MEP
CTCCGCATTCACATATCA-1_larry3,4.122860217,0.64120764,EryP
TCGCAAGCAATCTCGTGA-1_larry3,1.928722882,3.612271135,GMP
AATCAGGAGATGCTGTCG-1_larry3,-2.011484837,2.325633829,GMP
ATCATAGACGGATACCTA-1_larry3,2.623599672,-2.017640049,MEP
TGCCTGGTTAAGGTGCTG-1_larry3,4.638141656,-4.517588789,EryP
TTCTGGTGCGTCATTCTA-1_larry3,0.211654627,2.82311899,GMP
GACTCTGGTCTGGACACT-1_larry3,2.806321645,2.739936655,MPP3
TGTCATAGCTGAGAATCC-1_larry3,-0.700463867,-1.480619008,MPP3
TTCCGAGCGAGCGGAACA-1_larry3,4.125219608,0.65469188,EryP
GCGAAGCTCTCAGGACTG-1_larry3,2.445323968,1.295473282,GMP
TGTGGACAACCTGCGTTA-1_larry3,-3.230673051,-0.514886658,GMP
ACCATTCACACCACGGAT-1_larry3,0.894179085,-1.733167942,MEP
CGTCTGCTGCACTGTATC-1_larry3,3.513888383,-2.36656111,EryP
GTATTACTGAGGTGCGAG-1_larry3,-3.186614728,2.045985286,GMP
GCATGTAAGAGTACGAAT-1_larry3,-0.502141332,1.750859802,MPP4
TAACACATCGTACGTCTA-1_larry3,-5.750164723,-1.346821482,pre/pro-B
AGCCGGATCCGTGTGTGG-1_larry3,2.929040456,-2.698375399,EryP
AACAGCAGTTCTGAGATA-1_larry3,1.428578639,-1.767198379,MEP
ACTGGACCACGCTGTAGT-1_larry3,-0.792744613,2.628784721,GMP
AGCAAGTCCGGTAAGGAT-1_larry3,1.601651275,3.419240301,GMP
CATACAACCTCAGTAAGC-1_larry3,-5.652269101,-1.534089143,pre/pro-B
ATATGTCCATCTATGACA-1_larry3,-3.823805547,1.195640748,GMP
GCGTATAGGGTCAGTTGT-1_larry3,3.199250722,-0.128528307,EryP
GGTCGGTCTTAGCTGTTG-1_larry3,-2.105351186,-0.825234289,MPP4
CGATAGGTGACATGGATT-1_larry3,-4.826751447,1.662435477,GMP
TAGTACGTACGCAGTGTC-1_larry3,-1.347287154,0.279339974,MPP4
CTACCTGCGTCAAGCGTA-1_larry3,5.256574893,0.644546812,MEP
TGACAAGTTAAGCTTGCA-1_larry3,-0.627853608,2.317711895,GMP
CTGCTTAGGGACATAACG-1_larry3,-1.036852693,3.305646722,GMP
GTCTCCAGGCTGAGATAG-1_larry3,4.440732742,-3.148151572,EryP
TATAGTGCGGACGTCAAT-1_larry3,3.034483457,-1.877130325,EryP
GATGCGACGCCGTACGGA-1_larry3,-2.91391871,-1.362472708,MEP
GCGGTAGTCGCGTGAGCT-1_larry3,0.765216747,-1.53407305,MPP4
GTACCTAACGGACACTGG-1_larry3,-1.623707032,1.849558656,GMP
AAGCTGGTCTTGATCGTA-1_larry3,2.337327266,3.515457933,GMP
ATGTCGCCTCGAATGAGT-1_larry3,2.634102011,1.52621824,MEP
GAATAAGAGTGTAGCAAG-1_larry3,2.298375988,1.504923408,MPP4
CGTTAATGGCCACTTCGC-1_larry3,-2.517334914,-3.149724896,MkP 1
CCGGTGGTTCTATGGATG-1_larry3,4.279128099,0.299278503,EryP
CTCGCTACGTGGATAGGT-1_larry3,4.345669532,-2.117601449,EryP
CTTCGTGCAATCGCCTCT-1_larry3,4.98327806,1.247931187,MPP3
GGTCTCATGCTGTGCTCA-1_larry3,-1.809159493,2.688838308,GMP
CGTTACACCTGTAGCAAG-1_larry3,-3.329471326,-1.087951536,MPP4
TAGACCTACTGCGTGCCA-1_larry3,0.347968036,2.96396858,GMP
GGAACCTAGCGATCCAGA-1_larry3,-1.846222377,-1.986027415,MPP4
CCACATTAGTCTCATCGG-1_larry3,2.246462012,3.556353395,GMP
CTCAGGTACTACGAGTGA-1_larry3,-1.596363759,0.430549746,GMP
ATTCATGTGCTTCCGGTA-1_larry3,-0.032900965,3.048224037,GMP
GCGATGGTGAAGGTCTGA-1_larry3,-0.105451977,2.954145734,GMP
GGTTCTATCTAACACATC-1_larry3,-3.401755071,2.293138568,GMP
CTAACCGGTGTAATATCG-1_larry3,-5.705666756,-1.845072443,pre/pro-B
GGTTAGATGAGCATATGG-1_larry3,0.060891831,2.919824188,GMP
GAGTGTGCCCCGAGCTGA-1_larry3,-0.790717459,2.021734064,GMP
GAGTCTTCGGCTTCTGAA-1_larry3,0.109146202,2.987205808,GMP
GTGCTGACTTATACGGAT-1_larry3,-0.54145143,0.581988757,MPP4
AATTCGGAATGATTGTGC-1_larry3,2.149542475,-2.651525433,MEP
TAGCACACGTGTCTACAC-1_larry3,3.441839957,-3.198960717,EryP
GGTACTTCCTTCCAATTC-1_larry3,3.60744288,-0.401983614,EryP
TACGTTGGAGTCTGACGT-1_larry3,-0.886607265,-1.393670733,MPP4
GTCTCTTCATCCAGAACG-1_larry3,2.837239051,-1.351427729,MEP
GGATGCGAATGCCACCGA-1_larry3,2.154892707,3.844117467,GMP
TAATTCGTGTAGGTTAGT-1_larry3,0.062015438,3.952145403,MPP4
ACGTACTGCTGAGTTAAG-1_larry3,3.295563483,-1.551799829,EryP
ACGTCGCTCAGGAAGGTG-1_larry3,5.859939838,-0.037175114,EryP
ACTCTGCTCACTCATTCA-1_larry3,2.831084037,-1.099140639,MEP
CGCTTGTAGCAGTCTAAC-1_larry3,-0.30565319,-0.017648096,GMP
AGACCACGCGTAACAGTC-1_larry3,3.53608706,-2.700786526,EryP
CAACACCTATCCAACGTG-1_larry3,4.199860835,0.467329149,EryP
TGATGACAGTGGAGTGGA-1_larry3,3.550097013,-2.363039429,MEP
CGTATCGAACAATTGTCT-1_larry3,4.95194366,1.322877948,MPP3
CTAGTTCCAGGTGGAGCT-1_larry3,0.271817827,0.439353471,MPP3
CATCCGACACAACACTCC-1_larry3,-2.38129518,-2.57890981,GMP
TGAACCAATACAACCGGA-1_larry3,-2.040817237,1.045643156,GMP
TATTGACTGCATACGCAG-1_larry3,3.85653522,-2.035187538,EryP
GGTGGAGCTTGTGTCTAC-1_larry3,4.046197677,0.718014543,EryP
ATCTCGAACTGTAGATCG-1_larry3,-7.356914735,-2.909974987,pre/pro-B
TAGACCGCACGAGCTTAC-1_larry3,-3.164175248,-4.05972522,MkP 2
TCGCTTAACTGACCAAGT-1_larry3,-5.745435452,-2.289081986,pre/pro-B
TAATGTAGCGCTACAATG-1_larry3,4.536707425,2.820703094,GMP
AACGTCGAGGAAGAGCAC-1_larry3,2.502795959,0.905214493,MPP3
GAGTTAACTCTCTTCAGC-1_larry3,-0.056032991,2.425663059,GMP
TGCTATGAACAGTAATGT-1_larry3,3.033261085,2.874697511,MPP3
TAAGGTCCGTGTCTACAC-1_larry3,-0.211135959,4.846424882,GMP
GAGCAGGAAACGTGTAGT-1_larry3,0.881332839,-1.770441229,MPP3
CCGCTATCCTAAGTGTAG-1_larry3,3.54281404,0.25387991,EryP
GTTATCGATAAGTTCTCT-1_larry3,-2.260771012,1.492843812,GMP
CAGTTACTGGGAAGAAGC-1_larry3,0.017204905,2.215110128,GMP
GATCTGAATCCATGCGTC-1_larry3,-0.902147269,0.438965147,MPP4
GATGTTACACACCTACGC-1_larry3,-5.746083951,-1.164552147,pre/pro-B
TTAGCGTCTGAACCAGTT-1_larry3,0.287331188,1.821507518,GMP
CCGCTATCCAACGATGAC-1_larry3,0.754881279,2.651438062,GMP
TAGGTTAGTGATCGCGAA-1_larry3,-1.855037188,2.630331104,GMP
CATCTCGATATGCGCTAC-1_larry3,-6.554877496,-1.814717705,pre/pro-B
GCGTATAGGCAGTGCCAT-1_larry3,-0.422245478,1.875108783,GMP
GATAGTTCTCCGTTCCAA-1_larry3,-1.035372233,-3.029128964,HSC/MPP1
TTATGAGGACGCGTGAGA-1_larry3,0.153075004,2.737874096,GMP
TCCAACGTGGGTGTGACC-1_larry3,-5.449069714,-0.618336285,pre/pro-B
CGCAACCTCTCTATTAGG-1_larry3,3.102890039,-0.913947518,EryP
TCTGAGATAGCTTACTAG-1_larry3,4.925231242,-1.701040442,EryP
CACACCTGTAGCGCATGA-1_larry3,0.855294132,0.941427414,GMP
CGGTTCTATGTAGTTGGT-1_larry3,4.513342643,-1.535006339,EryP
TCTACGCAACGTGCCTAT-1_larry3,-1.882661795,-1.141753132,GMP
CAAGGTGTGTGGAGTGGA-1_larry3,-5.531161523,-0.664381082,pre/pro-B
AGACCAGCTACACTAACG-1_larry3,-1.528043485,3.089441125,GMP
GTCAATACACTGGTACAT-1_larry3,-0.395103788,5.008889024,GMP
TCAGACAAGGGATAGTCA-1_larry3,-1.292251205,0.890539115,GMP
CTGGTACATCGTCAGCAC-1_larry3,4.115432763,-1.67369693,EryP
CTGAGTCCATGATTGTGC-1_larry3,-5.934793687,-1.223336453,pre/pro-B
GATTCTCGGTGGACGAGA-1_larry3,3.18710711,-0.879543836,EryP
CGGAAGACGACTAAGTTC-1_larry3,-1.576036191,0.947967117,GMP
TGAACGTCACTGCTTAGG-1_larry3,3.285330081,0.29785723,MEP
CGTCTGCTGAGCGACACC-1_larry3,-1.628544068,0.898682182,GMP
TCCTCGTCGTGTACACGA-1_larry3,-3.786501145,-0.754931594,GMP
GGTAGTGTTGCTCAATGA-1_larry3,0.445662344,3.554022615,MPP4
GCCGTTGTTGTAGGACGC-1_larry3,-5.148473954,2.357022588,GMP
CTGGTGACAATAGAGCAG-1_larry3,2.246554399,-2.366622145,MEP
TCACTCGCTCACTAGACT-1_larry3,-0.348280644,1.753124063,GMP
GCAGATCCGGTTACTACT-1_larry3,-1.738419747,1.157081788,GMP
AAGGATACGACCTGCAGA-1_larry3,2.037375951,1.828669612,GMP
AAGCCACACTATCGGAAC-1_larry3,-2.148645854,0.881160324,GMP
AGATCGAGTGATGCTCCT-1_larry3,-0.04162637,2.512628381,GMP
GTAATATCGGCAATGAGA-1_larry3,3.38301971,0.201042478,EryP
ATGTGACGATCAGTAAGC-1_larry3,0.396689707,1.113352721,GMP
TTATGAGGACAAGCGCAT-1_larry3,1.056220466,-0.062583039,GMP
TTCCATACCTACTTCCAG-1_larry3,0.139338696,2.772586649,GMP
GCCGTGAACGTGTCGAGC-1_larry3,-5.797155118,-1.624852235,pre/pro-B
AGTGGAATGCACCTTCCT-1_larry3,-0.198955154,5.330522363,MEP
TACTTACCACGTCTGTCC-1_larry3,-1.058171844,2.053649728,GMP
AATAGACGCGCTGACAGA-1_larry3,-2.068463063,-0.58136567,MPP4
TTGCCAGATACGGACCAT-1_larry3,-3.071350074,-4.024795706,MkP 2
TGACGATGATGCAACTCT-1_larry3,5.018433833,-3.181098635,EryP
AGCCACTTCCTGAGATAG-1_larry3,2.333066368,-0.44833229,MEP
GTGCTCGGACGGTGAGTC-1_larry3,4.088481212,-1.509506996,EryP
CTGTCACTTCAATTGTCT-1_larry3,-0.054612255,4.599710767,GMP
TATCCTCAGTTCCGCCAG-1_larry3,2.791026139,-2.534464533,MEP
GACCAACAGTTAGCGTCT-1_larry3,-1.234973883,-0.454985241,GMP
AATCGTGTTCATGGTTAC-1_larry3,2.93837812,-2.307581599,EryP
AACGGTAGCCAGAAGTGA-1_larry3,2.111121679,3.496875351,GMP
CTCATGCCAGCTTACGTT-1_larry3,-0.730984545,2.43504936,GMP
TCAGACAAGGATTCCTCT-1_larry3,-0.714717603,3.004448478,GMP
AATTGGATCATACCGCTT-1_larry3,5.014079833,-0.992060656,EryP
CGAAGAGGTGTGATGTGC-1_larry3,-1.97715137,-0.925285752,MPP4
CGTCATGGATCCAGAACG-1_larry3,-0.560502028,-0.327918718,MPP4
GCAGATCCGACACACCGT-1_larry3,-1.429113602,2.060117071,GMP
TAACACGAGGTGAGGACG-1_larry3,1.570762479,3.446138923,GMP
GCCATACAAGTTGACCAT-1_larry3,-0.465491628,2.891368692,GMP
TGCCATCTCAGCTATATG-1_larry3,4.010187411,-2.95347398,EryP
GTATGTATCAGTTGCCTT-1_larry3,4.820787692,-2.73647898,EryP
GGTGCGTAGATATAGCGT-1_larry3,3.103544021,-1.536543424,MEP
TATCGAGCCATACTTGCT-1_larry3,-0.638332224,0.736242836,MPP4
CTTACCTAGTAGAGCGTC-1_larry3,1.044550592,-0.553959544,GMP
ATTGGTTCCAGTGTGCAC-1_larry3,2.391367459,3.369293277,GMP
GGAAGGTATGCCTTGTGA-1_larry3,4.364385629,-3.498632128,EryP
CGTCTGCTGTGTATCGTG-1_larry3,-2.046606517,-2.634113009,HSC/MPP1
TGATACCGTGATACCGGA-1_larry3,-2.153726554,0.457912927,GMP
ATGCGGATTCTCTCAGTC-1_larry3,2.579062843,3.154787128,GMP
CGTCAGCACTGAGACAGC-1_larry3,5.833355212,-2.479186709,EryP
GTCAGACCGCCATACGAT-1_larry3,-0.113315439,2.784384315,GMP
TCCGATCTGCTCGCTACG-1_larry3,-5.744093633,-0.683915253,pre/pro-B
GGATTACGCCATAGTATG-1_larry3,4.047671342,-0.733159954,EryP
ATTATGCAGCTCCAGCGT-1_larry3,-1.000754571,4.753684347,GMP
CGCACTGAAACTTCGCAG-1_larry3,-0.421105838,0.291445797,MPP4
GGTAACTACCCAAGCGAG-1_larry3,0.54613083,4.155787771,MPP3
TGCCGACTACGGTTGCGA-1_larry3,4.960207248,-3.546949322,EryP
GCAGGAGAAATATGTCCA-1_larry3,-1.114005661,5.439722364,GMP
GATGCGACGTGACCAAGT-1_larry3,4.46767571,-1.050741846,EryP
CACACTGCCATTGGTTCC-1_larry3,0.222476506,0.312451546,MPP3
GAACATGACTCCACGTGC-1_larry3,3.770135188,-1.700073059,EryP
GAGCCATCCTTGATCGTA-1_larry3,-5.537705159,-0.84622472,pre/pro-B
TCAGGACTGAAGAGAGAG-1_larry3,2.791417623,-2.573758061,EryP
CTAACCGGTCTCTGTCAA-1_larry3,5.211586261,1.834817236,MPP4
ATCAAGCATTCGTGCCAC-1_larry3,-5.680376267,-1.779599721,pre/pro-B
GGACTCCTTAGAGGTGAA-1_larry3,-0.480398989,1.568670695,GMP
AGATCTTCAGGTAATCTA-1_larry3,2.501746798,0.988379424,MPP3
TCAGGACTGACCTGTACC-1_larry3,-0.206407642,1.992772644,GMP
GATGCGGTTACTGTAATC-1_larry3,-0.361272192,-3.071971352,MEP
ATTATGCAGATCGTAGTG-1_larry3,6.358340526,-3.174484904,EryP
AGTAATCAGCTGAGTAGC-1_larry3,0.41022704,0.888191407,GMP
GATACACTAGAGACGATC-1_larry3,2.161281133,3.79534847,GMP
CTCGAACTGCAGGTTGTC-1_larry3,3.009735608,-0.84840184,MEP
TGTGGTCCTGATCTGAAT-1_larry3,-3.828801846,-0.582932795,MPP4
GTCTACCAAAGGAAGGTG-1_larry3,2.550649667,0.915612524,MPP3
CACGTCATAGGAAGTATG-1_larry3,3.349895978,-3.383141215,EryP
CGTGCAAGGGTAAGGTCC-1_larry3,4.894029403,-1.59383362,EryP
GCGTCGTCTAAGCTGGTC-1_larry3,-0.764034247,3.207535808,GMP
GCATGTAAGCACTCACTA-1_larry3,-1.530481791,-0.801989968,MEP
GAGTCAAGGTCACCGAGG-1_larry3,2.460818315,3.57133991,GMP
CCGAGTACTCCAAGCGAG-1_larry3,4.83183887,1.205144947,MPP2
CGGAACGAGATGGACGTT-1_larry3,-2.156477666,-1.793572838,MPP4
CGATTGAACACAATTCGG-1_larry3,-0.303716099,1.479751175,GMP
AACGAGAATAGGATCATG-1_larry3,4.293431544,0.471446757,EryP
GCTTGGTTCTTAGTCGGA-1_larry3,1.222821915,2.017401521,GMP
CTATACTAGACTTGATCT-1_larry3,-0.952808952,3.201052492,GMP
CGATTGAACCTTATCTCA-1_larry3,0.326596552,2.568839614,GMP
CTTGTAACGTATGAGACC-1_larry3,-2.025497413,2.065378969,GMP
ACACTAACGTCTTAAGTG-1_larry3,-0.647839641,3.419367616,GMP
CCTCGGTCACATATGCGA-1_larry3,0.897989193,2.41033036,GMP
GATACACTATCCTCTAGT-1_larry3,2.102178478,0.650820975,MPP3
TGAGGTCTCGCTGGTTCG-1_larry3,1.41138562,-2.326821024,MEP
CGTACACACCTTAATCGT-1_larry3,2.623400474,-1.704003866,MEP
TGCTCACACTATGATGTG-1_larry3,-5.836508012,-2.478581841,pre/pro-B
CTGTGCTCAGACCAGAGA-1_larry3,-0.783262348,1.402572219,GMP
CGTAATGACTTAGTCGGA-1_larry3,-0.909547424,0.847253864,MPP4
TACCTATCCCGTGTCCGA-1_larry3,-1.653470731,-1.828864748,MEP
GTGCTGACTCTATCTTGA-1_larry3,0.329646969,1.628158872,GMP
GTCTTATGCGTAGCTACA-1_larry3,-6.028939462,-2.366622384,pre/pro-B
TTCTGCCGAAGGATGCGT-1_larry3,2.610312128,2.653517072,MPP3
TGATAGAGGACATGACTA-1_larry3,3.893800044,-0.539296518,EryP
TCTCAGGATCACGTCATA-1_larry3,3.540500426,-1.869830186,EryP
CTCGTGTCCGTAGGACGC-1_larry3,0.899938905,-1.820411618,MPP3
ATGCCTGTCCACTTCCTT-1_larry3,0.27575087,0.530859714,MPP4
GCGTGATACAACGCATTG-1_larry3,2.248303914,-1.486261542,MEP
GCGAGTCTAGAGCATACA-1_larry3,3.204106355,-1.496119316,MEP
CGGTGTTACCTCGTGTCC-1_larry3,-5.416831708,-2.382998402,pre/pro-B
GCTTCACTCGCTATGTAA-1_larry3,3.333166146,-1.95476752,MEP
CACAACGCTACTGTAATC-1_larry3,2.59443202,-2.500218804,EryP
CTAGTCGTCAATTCGGAA-1_larry3,-0.32326529,-1.929384644,MEP
TAGAGACTACGAACAGAG-1_larry3,-2.464736914,0.336168354,MPP4
GATCGCACTATTAAGACC-1_larry3,-2.921111798,-0.072806413,GMP
AACTTCTGCTGTGGACAA-1_larry3,2.805773521,-2.180197413,MEP
ACGTAGTATCGCGTGAGA-1_larry3,1.652040386,3.173385446,GMP
ATCTACATCATAGTCAGT-1_larry3,-1.574755406,2.008383577,GMP
TCCTGTCCGAGAGCGGAG-1_larry3,-2.528464532,0.666974669,GMP
TCCGTATACCTGTTACCA-1_larry3,1.703269148,3.655075376,GMP
TACAGGACTCACCTTCCT-1_larry3,4.109125877,-1.874509389,EryP
GTACCTAACTTCCGCCAG-1_larry3,2.881226564,-0.315878535,MEP
ATCATTACGCAATGTGCT-1_larry3,0.540909605,2.647241418,GMP
CCGATCAGCGATACCGGA-1_larry3,1.368012929,-0.292614771,GMP
GTAGAGAGCACGACAGTC-1_larry3,4.326350951,-0.575214441,GMP
CCGAATATGATAGCACGG-1_larry3,-6.075851655,-2.102956827,pre/pro-B
AATGCGTGCTCAGGACTG-1_larry3,2.884714627,0.262740319,MEP
ATCTACATCGATCGCACT-1_larry3,3.097425246,-2.463414843,EryP
CAACTCCAGATTGACACG-1_larry3,1.82624414,3.305461948,GMP
ATTCGAAGAGCTTACTAG-1_larry3,-0.691902256,-1.912503416,MEP
GTTGACGTGGAACAACCA-1_larry3,4.308108115,-2.07276767,EryP
AACAACCTACCATAATCG-1_larry3,3.733794475,-2.514676983,EryP
TACAGGACTCGCTGTAGT-1_larry3,-0.430857158,3.887135332,GMP
AACGCTCAACACGTAGAC-1_larry3,4.562863136,-4.465534384,EryP
AGCATTGTTTTGATGCTG-1_larry3,0.338970626,2.17991287,GMP
TACAGGACTATATGTCCA-1_larry3,-0.842371559,-2.902880366,HSC/MPP1
ACACACGTCTGCATACAT-1_larry3,-2.375230288,2.588577812,GMP
GACACCGATAGACTTCGT-1_larry3,-5.420177197,-0.63256752,pre/pro-B
CGTTACACCTCAAGGAGT-1_larry3,2.932263637,2.687793558,MEP
TCAGAGTCAACTCCGGTT-1_larry3,0.17648741,3.01994211,GMP
CTTCTATGAGTCAATACA-1_larry3,2.539988303,2.831889455,MPP4
TAGAGCCAGCACCTACGC-1_larry3,1.76260736,-1.439343984,MPP3
TCTACAGTTTAGTCAGAC-1_larry3,-1.250940418,0.130428855,MPP4
CATCGCTGGGGATGCTCG-1_larry3,-0.376698351,1.362931674,GMP
ACTCGTAGGCCAAGCGAG-1_larry3,-1.254783368,4.982526128,GMP
AGTAATGGTCAACTCCAG-1_larry3,-1.793857074,-1.588983233,MPP4
AGATATGGATCAGGTGCA-1_larry3,5.20404079,1.514332955,MPP3
CCTCAGGTGGGATCAATG-1_larry3,-4.481355405,0.401302044,MPP3
CACCAGAAGGTTGCTCAG-1_larry3,-1.576923585,-2.010282094,MPP3
AGTCGCGACCTGTGGTGG-1_larry3,-5.45629189,-1.176138098,pre/pro-B
TCGTGACGTAATATCGCT-1_larry3,-0.965136385,3.446643894,GMP
CCGACGTCACTCTTCAGC-1_larry3,0.179365808,1.929544036,GMP
ACCTCCTAGCAATACCAC-1_larry3,3.685122037,-2.274758871,EryP
CCTTAATTCTGATTGCTG-1_larry3,-0.423316336,3.884725874,GMP
AAGCACAACCCGCTCATG-1_larry3,3.028915191,-2.189018423,EryP
ACTCATTCATGTGTAGAG-1_larry3,-1.790495133,2.549956625,GMP
AGTTACAAGTTATCGCAC-1_larry3,-2.128039574,-2.393099959,MPP3
AACGTTCTTTGTTACTGA-1_larry3,5.487170959,-0.237395673,EryP
TTGAGCTCTTCAAGCGTA-1_larry3,2.393044496,3.463471239,GMP
TGTCCATAGAATGTGCGT-1_larry3,0.060106838,5.67262346,MPP3
TAACTCCGACGCACTGAA-1_larry3,4.987860465,-0.985333617,EryP
CTACGTTGGACTTCGCAG-1_larry3,1.473907435,-0.65395316,MPP3
TCGTGCCACCTGGTCGGT-1_larry3,4.05566504,0.718368237,EryP
ACTTCAGTAGACGGTGCT-1_larry3,0.175278777,-2.05737036,MPP3
AGTAAGCCACGTACATCT-1_larry3,3.025741601,0.459805434,MEP
TTCACCTTGTCAACACTC-1_larry3,0.288658881,4.178993528,GMP
TTGATCGTAGTTGCATGG-1_larry3,-0.520817971,-2.802447731,MPP3
ACCACGGATTTCTGGTGC-1_larry3,4.375411534,-2.106272633,EryP
GTCATTCTATTGACCTGA-1_larry3,-0.791594481,-0.944594438,GMP
CAGAGCACCCATCTCGAT-1_larry3,4.101862693,-4.133894856,EryP
CACTGTATCGCCATACAA-1_larry3,-0.946019029,0.364962285,MPP4
GTGTCGAGCTTCAACTAC-1_larry3,-2.100907063,0.440161829,GMP
AATAACTCCTGTGAGTAT-1_larry3,-1.363933062,1.880477493,GMP
CCTCTGCATGATTGAGTA-1_larry3,-1.575986838,2.349422996,GMP
CAATGTGCTCAAGAGGAG-1_larry3,-5.152804589,-1.098977263,GMP
TGTATCGTGGGAGATGAG-1_larry3,-1.652852273,1.596227591,GMP
GAGCAGGAAACCTGTACC-1_larry3,0.418089444,-0.553251351,GMP
TAGGTTAGTGTTAATTCG-1_larry3,-4.5300915,0.578165417,MPP4
GCTTACGTTGGAGTACAG-1_larry3,-0.149990117,-2.066649849,MPP3
AGTCCAGTGCAGCGACGT-1_larry3,2.062072778,-3.181741173,MEP
CCTTAACATCCGGTTCTA-1_larry3,2.060961867,3.562388723,GMP
CCGTCCACTCATAGGTGT-1_larry3,2.033198738,-0.033262188,MEP
TGCAGATGCGGTTCAGAC-1_larry3,-1.40793941,0.273419743,MPP4
GAGTCCAATCTAGAGGTA-1_larry3,-1.236800527,-2.056025798,MPP3
CACCAGAAGCGACCTAGC-1_larry3,-0.032099938,2.906915968,GMP
GTGCGAGTACGACCTAGC-1_larry3,0.350320304,0.832710331,GMP
TCGGACAGTCTCGTCTTG-1_larry3,-2.035134053,-1.627398784,MPP4
GAGCACATTGCGACAACC-1_larry3,-2.494193292,-3.296159441,MkP 1
TCCGATCTGCGACCTAGC-1_larry3,-1.482004857,3.357882564,GMP
GTGGATAAGTCGCTGATT-1_larry3,3.393485332,-1.404423172,EryP
GCAACTCGCTTCCTCGGT-1_larry3,3.787379527,-0.581118877,EryP
TCTATGACAATATAGCGT-1_larry3,2.652262712,-2.130274112,EryP
GCGCTTCTCGAGTCACCA-1_larry3,-0.025216615,2.973132198,GMP
AAGTTGCCACGCAGTGTC-1_larry3,0.972617322,0.680724208,MPP4
CCTTGACGGATTGATCAC-1_larry3,-0.070923781,0.920468395,MPP4
CCACAAGGTAACGATGAC-1_larry3,0.012403989,-0.607583637,MEP
TAACGTGTCATGAGTGTG-1_larry3,-0.140614724,1.082159107,GMP
TATCTAGGTTTGTCAACC-1_larry3,1.415699506,-4.088601286,MEP
AGGAAGGTGCGGTGAGTC-1_larry3,1.050669933,2.857150381,GMP
AATCAGGAGTCTAATACC-1_larry3,-1.823641991,0.448282247,GMP
GGTCTTGCACTTAACAGC-1_larry3,1.117554897,2.293540542,GMP
GTAGCTACAAGCACCGTG-1_larry3,-0.926393127,5.039524858,GMP
TCGTAATAGACTGCTAGT-1_larry3,-1.133430457,0.73935694,GMP
CACTGTATCGTACGTCTA-1_larry3,2.233987713,-2.025673683,MEP
CAACGATCGACACAGAAC-1_larry3,-0.688902116,-3.178301032,MPP2
AACCGTGAGACTATCCTG-1_larry3,-4.034999585,1.46457607,GMP
TAAGGTCCGCGCAGTGTC-1_larry3,4.20530107,0.626764302,EryP
ACGTCGCTCCTTATTGAG-1_larry3,0.482030937,0.720124905,GMP
TCACGCGACTAACGGATA-1_larry3,5.563969398,2.881381099,GMP
CGAGCCGTTGACTTCACC-1_larry3,-0.404635882,4.647633855,GMP
CTGCTTAGGCACTAGACT-1_larry3,-1.124021983,1.47718293,GMP
CTCGTTCACAGTAATCAG-1_larry3,-1.903773522,-2.64407676,HSC/MPP1
TACCTCCTCCAATGTGCT-1_larry3,-1.201321459,2.067741697,GMP
CCGCTCATGAGTCAGTTG-1_larry3,-4.327196336,-0.025818403,MEP
AATGCGTGCGATGCAGAA-1_larry3,-1.094124174,5.750155275,GMP
CTATAGCTCCTTCTATGA-1_larry3,-1.398227429,3.093997066,GMP
TAGCACTATTAATCACGC-1_larry3,3.348037267,-2.106743271,MEP
ACCATCTAAAGCGTAGAA-1_larry3,-2.431510186,-3.21485513,MkP 1
GAACCAGTTCAGCGTAAG-1_larry3,1.410498047,2.917497699,GMP
GTGTCTGGATAAGCCATT-1_larry3,0.547702992,2.732276266,GMP
GAGGTCACGATGCCTGTC-1_larry3,-0.547067499,3.416195219,GMP
TAACATTGGGTCGTTAGA-1_larry3,3.228617454,1.795583789,MEP
TAATCACGCCCTAGTTAG-1_larry3,4.443739438,-1.760485346,EryP
ATGAACTAGTTCTGCCGA-1_larry3,-3.557282185,0.53459317,GMP
GAGTCCAATTTCGTGATG-1_larry3,2.506345534,0.712325757,MPP3
CGGTTCTATATCCATTAG-1_larry3,-2.759134507,0.11124674,MPP4
GGATTCGTCGACTGCGCA-1_larry3,-0.056551373,4.004654234,GMP
GACTGCGCATATTCAACG-1_larry3,-2.423182225,-3.350997622,MkP 1
AACGCTCAATGTAGGTTA-1_larry3,-0.933417058,-0.761291141,MPP3
AGAGCGGAGGTCGAGTAC-1_larry3,4.964155936,1.239165371,MPP2
ATCTGCGTAAGCGCATGA-1_larry3,4.536092544,3.023747032,GMP
GCAGATCCGCACCTCAAC-1_larry3,3.154994989,-1.289196129,MEP
CTGTACGACGAACAACCA-1_larry3,-1.881112075,1.385237877,GMP
TAGACCTACATGAGCAGG-1_larry3,5.073488021,-3.755077298,EryP
TGTCAACCTTTCTGCCGA-1_larry3,0.325452113,1.193522399,GMP
TGTGCCATGTCCAATCAT-1_larry3,-5.570130086,-1.23117363,pre/pro-B
GGACACTGGATTAAGACC-1_larry3,-2.497450328,2.818239038,GMP
GGTTAACAGTAGTACGTA-1_larry3,4.240060592,-0.11592267,EryP
GATAAGCTGTTCACCTTG-1_larry3,1.943224693,1.697498386,GMP
CGTCAGCACACATGACTA-1_larry3,4.008270049,0.813906257,EryP
TCGCGTCATACGCGACAG-1_larry3,5.416954303,-0.591655726,EryP
CGTCAGCACTTCACTGGA-1_larry3,4.28053906,-1.905107672,EryP
GTCACTATGTCTTAAGTG-1_larry3,1.2069067,2.093497102,GMP
ACTTGATCTCACCTTCCT-1_larry3,-1.616729474,-1.772022302,MPP3
GTTGCTCAGAGTGATGCG-1_larry3,3.088941598,-1.470876868,MEP
AAGGAACAGCACCTTCCT-1_larry3,4.600447917,-1.225780661,EryP
CCACCATGCGCTTCTACG-1_larry3,-0.483681893,5.041314905,GMP
AGTCCGTGTGAGTCAAGG-1_larry3,3.549737001,-0.136853422,EryP
TAGCACACGTTGAGCTCT-1_larry3,4.104731107,-1.813540633,EryP
ATACCGCTTGAGGTCACG-1_larry3,-1.682236409,-1.58901387,MPP3
GCGAAGCTCTTCTGAATG-1_larry3,5.19502523,3.596171444,GMP
ACCGAGTAGTGGACTGCC-1_larry3,-0.938014483,3.08265764,GMP
TGTCAACCTGGTCGGTCT-1_larry3,0.80254578,2.821173256,GMP
TCACTACGTTAGTAACGG-1_larry3,0.598571135,4.030323331,MPP3
ATCATGTTCCAGTACATC-1_larry3,-1.714862561,-0.883793111,MPP4
AACGCCTACACGATGACC-1_larry3,-0.257462656,2.760598486,GMP
CAACACCTACGTGCCTAT-1_larry3,2.354824329,-1.256297405,MEP
GTAGAGAGCGCAATCACG-1_larry3,2.561140323,1.096780603,MEP
CCAGATCACTTCGGAGTC-1_larry3,-5.201159692,-1.275549049,pre/pro-B
CACACCACATATCGAGCC-1_larry3,4.136585736,0.644609635,EryP
ATACCGAAGTGCGTAATC-1_larry3,0.690847559,1.023589318,GMP
ATTCTCTGGTCAGCGACC-1_larry3,-5.346933579,-1.554123576,pre/pro-B
GTGAGGACGCTCGTCTTG-1_larry3,1.896037841,3.781498258,GMP
CACAATAACTTACGCTCG-1_larry3,-0.509656644,-1.392210896,MPP3
GAATCACATCCTTGTTGC-1_larry3,0.872995982,0.920393055,GMP
CTGATGCACTCCTGTGGA-1_larry3,-1.900834298,2.204804962,GMP
CCGATACCGCATGGTCGA-1_larry3,-0.602030134,0.261335855,GMP
CATGGACTCCGGTTGCGA-1_larry3,2.68793633,2.890583341,MPP4
CAGAAGTGAAGCACACCT-1_larry3,-2.304201817,2.307900732,GMP
AACGCTCAACAGGATCAA-1_larry3,-0.045836544,2.543907707,GMP
TGTACACGAATGCTTCAG-1_larry3,-5.390075898,1.744374578,GMP
GTCGTTAGACGATTGAAC-1_larry3,-5.937190747,-1.921522553,pre/pro-B
GCTGTTCGGCGGAATGCA-1_larry3,-0.183542883,2.850049322,GMP
CCGCAGAATTATGAAGAC-1_larry3,-0.367247081,1.518864458,GMP
CATCAATAGGTCCGCTCA-1_larry3,-0.360233641,2.50670368,GMP
ACATTCCACAGATACGTT-1_larry3,-1.428677773,0.241639917,MPP4
CAATCTCCGAGGATGCGT-1_larry3,4.83801868,-1.796799238,EryP
CTCGTCTTGATTGGTTCC-1_larry3,-1.259412741,2.383969848,GMP
ATCAAGAGATGGTCTACG-1_larry3,0.370581561,3.116655414,GMP
CAGTCTAACCTGACGGAT-1_larry3,-0.967560148,1.218016093,GMP
AGAGCGCGAGATTGGAAG-1_larry3,1.311408127,-1.095885093,MPP3
AGAAGCTGCTCGATTCAG-1_larry3,-0.26536951,0.715490644,MPP4
AGTTCAACCTGGTCGCTA-1_larry3,-0.183493352,1.924889391,GMP
ATACCGAAGTACTCGACC-1_larry3,-0.521634316,0.17259032,GMP
CATCCTCTCCGTATCGAA-1_larry3,-2.955008721,-4.103494818,MkP 2
GACTCTCACGCTGACAGA-1_larry3,-1.163702583,1.754818266,GMP
TTCCAGATTCGGAACGAG-1_larry3,1.426994229,1.216923897,GMP
GATCTGAATACTCCGTCG-1_larry3,5.132126594,-0.949019606,EryP
CCGAAGCGTTCGCTGTAA-1_larry3,-2.239559865,-1.367906864,MPP4
CGTGCTTGACGTGACCAG-1_larry3,3.320653224,-1.126402194,MEP
AAGCAATCGAAGCCAAGT-1_larry3,-0.497641897,-0.867571528,MPP3
CGGTAGCTTCCTTCGAGC-1_larry3,3.111353898,2.59653837,MPP3
GCTACCTTAATCAAGCAT-1_larry3,-1.319036102,2.364174907,GMP
TTAAGTGGTCAACGATCG-1_larry3,-5.493954396,-1.541634734,pre/pro-B
TGGAACTAAGGTTCTATC-1_larry3,-3.780873513,-0.127869825,GMP
TAGACCTACCCTAGTCTC-1_larry3,5.245696807,2.465072219,GMP
ACCACGCTACCGCTCATG-1_larry3,-3.279062486,-0.202448713,MPP4
GACGCCGTAGTATCCTGC-1_larry3,-5.762142873,-1.618672306,pre/pro-B
AGCACCAGCCACCAGAAG-1_larry3,-0.779959655,-3.102401669,HSC/MPP1
ACGCGTGACTAATCTGGA-1_larry3,4.393197799,-1.837579901,EryP
ATACGAGGTTACGTTGGA-1_larry3,-1.886820054,1.179434841,GMP
ATAATGTGGTAAGGTGAT-1_larry3,3.944362426,0.862906163,MEP
TCCAGAACGGTCCTAGTT-1_larry3,3.234319234,-2.678801472,EryP
CAGCTGGAGATAGACCGA-1_larry3,4.045487666,0.814279263,EryP
CTTCGACTGTATACGGAT-1_larry3,0.857667202,-0.260629176,GMP
GGAAGTATGACACACCGT-1_larry3,-1.825203395,0.734666889,MPP4
TAGTGATCCGCTGTTCGG-1_larry3,3.710311198,-0.372310716,EryP
GAATCACATCCGCTATCC-1_larry3,2.571494484,2.783340519,MPP3
ATGGAGAGTGATCGCACT-1_larry3,2.485234881,1.233863418,MPP4
ATGAGGTATCACTGGTCC-1_larry3,4.25469687,-1.872922833,EryP
GGTTAACAGATGCGCTAC-1_larry3,-2.017224288,-1.071769411,MPP4
GCCATACAATAAGGTGAT-1_larry3,-5.778324818,-1.99040931,pre/pro-B
ATCACCGCAGTTAATTCG-1_larry3,4.52577951,-4.51725548,MEP
TGAACGTCACGCAGTGTC-1_larry3,-1.920440173,0.870873516,GMP
ACAACCGGAGTGCCATGA-1_larry3,-1.359177804,2.94711334,GMP
GATCTGTTCATGGACGTT-1_larry3,4.57581141,-2.275461848,EryP
TCCTTCAACACGACAGTC-1_larry3,-0.855255103,3.263953273,GMP
GACATAACGAGCTACTCA-1_larry3,-2.217707372,2.097717826,GMP
GAGTCACCAACAAGGTAC-1_larry3,-2.129754996,0.172436361,MPP4
CACCTAGCGTATCGGAAC-1_larry3,-1.599596953,-0.119866083,MPP4
CTCAGCTGGTCGTAGGAA-1_larry3,-4.833168244,-0.397074076,pre/pro-B
ACGTCTATGAGAGCCGCA-1_larry3,-0.256931698,1.086834376,MPP4
GACACGCAAATATTCGCA-1_larry3,-0.827794528,1.763783758,GMP
CTCTGCAAGTCGCAAGCA-1_larry3,5.599138045,0.351698403,MEP
TATCGAGCCTGCGTATCT-1_larry3,0.085185313,2.485870664,GMP
GGATTACGCCAAGAGAGT-1_larry3,2.279384995,2.960370843,MPP4
TCAGCTCAGATCGAATCG-1_larry3,-3.217962003,-4.245636399,MkP 2
CGGATTCTCGACCAGAGA-1_larry3,1.334154272,2.047839944,GMP
AGCACCAGCTACAGGACT-1_larry3,-3.253511882,-0.027204896,GMP
ATTGACACGGATTGGAAG-1_larry3,-0.188871419,0.147670959,MPP4
GACTCTCACGGTGAGTTC-1_larry3,4.191932941,-1.43463033,EryP
TCTCATCGGACCGAGACA-1_larry3,0.875411341,-0.730876411,GMP
ACTCTAGGACCTCTTGTA-1_larry3,-0.402553177,-1.091149504,MPP3
ATCATAGACACTCCGGTT-1_larry3,3.961056972,-2.398883278,EryP
ATGATAGCTCTATAGCTC-1_larry3,-1.861358619,3.073813264,GMP
GACGTGGTCGTCTCCAGG-1_larry3,-0.039155698,2.666004722,GMP
CCGATCAGCCACAGCGAA-1_larry3,-4.215039944,1.118229811,GMP
ATACCGCTTTTATCCAAG-1_larry3,4.383618379,-1.43225568,EryP
CATGGACTCAGGAAGGTG-1_larry3,2.48738029,2.315628831,MPP3
CGCCACCATAGTACTACA-1_larry3,0.897423649,1.006176655,GMP
GTCAACTGACGTAATGAC-1_larry3,2.422486091,-1.903833444,MEP
TCCTTCAACCTTATCTCA-1_larry3,4.129414582,-2.277383144,EryP
TACACGGTCAGACGGAGG-1_larry3,-1.085724211,-3.106259758,HSC/MPP1
ACTTGATCTCAGCTGGAG-1_larry3,1.626107538,1.280386393,MPP4
GGAGCATCTGTACGTCTA-1_larry3,3.474202418,0.037929421,EryP
GTGGTTACCTGCCGACTA-1_larry3,-0.380097723,1.898768728,GMP
CCGAGTACTGCATGTGGT-1_larry3,-0.876303768,-1.636688526,MPP4
GTCAGTTGTAGATCTTCA-1_larry3,-1.753560519,0.300985878,MPP4
GTAACCATATCATCATCT-1_larry3,-1.19519434,-3.046971018,MPP3
GGTAGCATCCGTTACACC-1_larry3,-5.580115056,-1.377858217,pre/pro-B
CGGTGAGTCAACCATGGT-1_larry3,6.224712634,-2.040727789,MEP
TCACAGGTACGTTACACC-1_larry3,2.543911481,2.827287977,MPP4
TAACGTGTCTGTGCCATG-1_larry3,-0.299257076,0.679004257,GMP
ACTCTAGGAGACCGTAGT-1_larry3,-1.455351329,2.387225931,GMP
AGCGTCGTCAGTAATCAG-1_larry3,-5.730303502,-1.696862156,pre/pro-B
CCGTTAGACGTCTCCAGG-1_larry3,4.02638557,-0.854189033,EryP
ACCGGTTACCAATGCATT-1_larry3,-3.180382466,-0.823293025,GMP
TAGCTGTTGACACGTTGC-1_larry3,0.843732247,-0.259786027,GMP
CTAGTGCTGCAACGATCG-1_larry3,0.652755353,-1.131146843,MPP4
GTATGATCTCAACGATCG-1_larry3,-0.293680107,-1.086686726,MPP3
ATGGATATCACACCACAT-1_larry3,-0.229749,2.779496734,GMP
GTGACGTAAAGTCTAAGC-1_larry3,-0.428756451,0.9071402,MPP4
TTGAGCTCTATGAGTGTG-1_larry3,3.845979476,-0.477820764,EryP
AATTGGTGAGAACTATGG-1_larry3,-0.757865643,-0.074629064,MPP4
TAGGTCAACGCTGATGTC-1_larry3,2.703274274,2.639169996,MPP3
TCGTACCTTATATCAGCC-1_larry3,-1.656419492,-1.057043369,MPP4
TTGATGAGTCAACGATCG-1_larry3,1.375076616,1.184166257,GMP
AACGTTCTTAACTTGTCG-1_larry3,3.591008449,-0.2682828,EryP
GAGCTCTCAATAGAGCAG-1_larry3,-2.922280288,-3.984933073,MkP 2
GCTAGTGGATGACCAAGT-1_larry3,2.838351274,-1.350686486,MEP
ATGTCCTCCAACAACCTA-1_larry3,-2.41873095,0.194572156,GMP
TCAGGACTGCTTGATCTA-1_larry3,1.708163166,0.021638994,MPP3
AGTTCAACCCCAGCCAAT-1_larry3,-4.332657075,1.40582401,GMP
GTCAGCGTCCGCATCTAC-1_larry3,-0.347662663,-2.075270946,MPP3
TTCCGAGCGAAGTACAGA-1_larry3,-4.46482203,0.932756608,GMP
AGCGTCGTCACAGCGTAT-1_larry3,-1.625798201,-2.043975527,MPP3
TTCACCTTGGCGACCTGT-1_larry3,-0.815549588,3.068780248,GMP
TCACGACAAAGTTAGGTC-1_larry3,-0.538607216,2.19868881,GMP
TTACAGTGTAAGAGAACT-1_larry3,2.21435597,-2.730798895,MEP
ATCCGGTCCTGAACGGTT-1_larry3,4.554381395,3.286924427,GMP
AACGTCGAGGCACAACTC-1_larry3,-2.509559607,-3.259451325,MkP 1
ACTCATTCACAGTACATC-1_larry3,0.159122223,-1.819492395,MPP3
AACGCATTGGAGCACATT-1_larry3,-0.838658547,2.68277437,GMP
ACAGCGTATTCCTTCAAC-1_larry3,-0.379283166,2.75933892,GMP
CGTACATCTTATTGCTAC-1_larry3,3.652685428,-2.664595063,EryP
GCCATCGCTCTCTACGCA-1_larry3,0.321202868,2.26527149,GMP
ATGGACGTTAGTTCGATA-1_larry3,-1.638973212,2.287432497,GMP
CACTTCCTTCTGGTACAT-1_larry3,-1.598926282,-1.280282075,MPP3
AACTGCGACAGTCGCCGA-1_larry3,-1.870334363,2.047822063,GMP
TCCAACGTGATGGACGTT-1_larry3,-0.769607282,2.299450224,GMP
GATTAGTGTACTGGTCAG-1_larry3,3.927597308,-2.125766451,EryP
TAGTACGTAACCGGTTAC-1_larry3,2.831601167,2.45402128,MEP
CAATCATACAAGTACAGA-1_larry3,0.144522929,1.450717514,GMP
AGTAGAGGAGCCGCTATC-1_larry3,-0.409893131,-1.893802221,MPP3
CCAACGGAAGACTCTGGT-1_larry3,-1.004909134,0.687135582,GMP
CCTCATAACATGATAGCT-1_larry3,5.07397964,-1.686391647,EryP
TGCGCACTGCAAGAGAGT-1_larry3,1.651418293,-0.882218594,MEP
TAAGCACTAACCTCCTAG-1_larry3,-0.921407318,4.798266714,GMP
ATCACTTCCCAGCTAGTT-1_larry3,3.262052322,-0.191198679,MEP
GTACTCTACTGTGCAGTA-1_larry3,-0.434615469,1.601030772,GMP
CTTCCTGATCAGGATCAA-1_larry3,-2.656337237,1.622986977,GMP
CTGTGCTCATCTAGGATG-1_larry3,-1.470404839,3.103065794,GMP
GACTGCGCAAGTAACGTA-1_larry3,4.450284743,-1.891096289,EryP
AGGTCACGTTGATCGGAA-1_larry3,-0.693831301,3.018809383,GMP
AACACACTCAGATGTTGG-1_larry3,-0.046173668,2.863153522,GMP
ATATGTCCACAGTATGAT-1_larry3,4.854169631,-3.121550734,EryP
GAGAACAGGCTCGAACTG-1_larry3,1.827139402,3.591343467,GMP
AAGCATTGCCCATAGCCA-1_larry3,2.705837512,0.946647708,MPP3
GAGATACACGCCAATGAA-1_larry3,4.002122188,0.810706561,EryP
TCTCATCGGAGTTAGGTC-1_larry3,-1.488793826,1.417125766,GMP
CTTGCGACCGTATACAGA-1_larry3,1.80013051,1.77473623,GMP
TTGATGAGTGACTCTGGT-1_larry3,-2.527236199,3.246690576,GMP
ATCTGGTAGACCACGCTA-1_larry3,4.663937831,-4.453976328,EryP
TTACACCTTTCTGCGCTG-1_larry3,2.526012445,2.716404741,MPP3
TAGACCATGTACGGTCGT-1_larry3,-0.378521299,3.965836828,GMP
AAGTTCTCTTCGCCAAGC-1_larry3,1.578980291,2.862497871,GMP
TTATGAGGAAGTGTTCTG-1_larry3,-2.635461783,-3.005212481,MkP 1
TTCCAGATTATCGATCCT-1_larry3,-3.291916108,-0.820910211,GMP
ACGCACACTGCTTACTAG-1_larry3,-5.689665532,-1.291154439,pre/pro-B
GATAGTTCTGCTAGTGGA-1_larry3,1.799987817,2.079530065,GMP
TGTGCAGTACCACAAGGT-1_larry3,6.362000728,-2.230938132,MEP
ACCAGCGTTATTCTCTGG-1_larry3,3.816203857,-2.832622464,EryP
CGGTTCTATGCGAAGCTC-1_larry3,3.598578715,-0.46039171,EryP
GAGATACACTGCGTGCCA-1_larry3,-0.572139001,4.38277704,GMP
ATAGTCAGTAGTTACAAG-1_larry3,3.205218101,0.31221581,MEP
GTGGTACGGCCATTCTGC-1_larry3,4.819674754,-3.402905638,EryP
ATTATGCAGGAACTGCAA-1_larry3,3.518958593,-1.787575777,MEP
CAAGCGCATTTCATTCGC-1_larry3,-0.311570501,5.261630361,MPP4
TCTAGGATGACACTAACG-1_larry3,4.94297626,1.20880491,MPP2
AGCACACCTACAGGAACT-1_larry3,-0.460419273,-2.212018187,MPP2
ACCGTACGCGCAGGAGAA-1_larry3,1.557013118,3.598115509,GMP
CAGTTACTGAGTTAGGTC-1_larry3,-0.164743519,0.476383452,MPP4
TCTGGAGGAGTTAGAGAC-1_larry3,-1.886964059,2.372350757,GMP
CGTTCGTACTGCGTAATC-1_larry3,0.575683491,-1.001808519,MPP4
GCTGGTAACTGCAGCCTT-1_larry3,-1.914509511,2.138601844,GMP
GTAAGGTCCATCTCTGCT-1_larry3,0.178865844,1.887366598,GMP
AGCGGTAAGTGATGTGTG-1_larry3,0.064572001,2.585807865,GMP
CGACCTGTAATTCCTACG-1_larry3,2.762003684,-1.386147792,MEP
CCATAGCCACTCCAGCGT-1_larry3,4.390052104,-1.410904105,EryP
CGCAGTGTCCTGGACTAA-1_larry3,4.281014943,-1.835639174,EryP
CAGTGAGGATCTACGCAA-1_larry3,1.444375241,1.287389343,GMP
ATTCGCTTAGATCTGAAT-1_larry3,-0.317337727,2.407524412,GMP
TGTACACGACCAGGAGTT-1_larry3,0.177853668,-1.325365121,MPP4
TACCTCACTGCAACTCGC-1_larry3,1.045908237,-0.5013719,GMP
CTCAGCTGGTCCTCTAGT-1_larry3,1.557259822,1.8859852,GMP
CTATCCATCAGTTACAAG-1_larry3,-2.357231593,-2.385165627,GMP
CCGGTTCTACGCCTGCAA-1_larry3,-0.669473862,0.378407185,GMP
CTCTAAGAGAGAGCGGAG-1_larry3,-0.599391079,0.246757989,GMP
AGATGTTGGTCAACACTC-1_larry3,1.994757199,0.828469579,MPP3
CTCGAACTGGCTTACTAG-1_larry3,0.978628063,1.878333395,GMP
ATCAGGATGTGTGTAGAG-1_larry3,-0.141361809,2.251308982,GMP
GTTGCTCAGTCTTGGTAG-1_larry3,-2.004576421,-2.169401581,MEP
TCTACGCAAAAGTACAGA-1_larry3,3.548453593,-3.334549601,EryP
TGACCAAGTTGCGTAATC-1_larry3,2.511587882,-1.496244366,MEP
GCTCTCCAACTCCGCATT-1_larry3,1.231807017,-1.714860017,MPP3
CATGGACTCTATCGAGCC-1_larry3,-0.386714554,2.048104827,GMP
TCAATGGACACATTGACA-1_larry3,-5.16126225,-1.759485657,pre/pro-B
GTAACGCGAATACAACCG-1_larry3,3.788962388,-2.896373684,EryP
AAGGTCTGAAGCCTCGCA-1_larry3,-3.405867314,-0.946407731,GMP
GTTAATTCGCCGAGCTGA-1_larry3,-0.128312206,2.804669445,GMP
AGCATTGTTCCGAGCTGA-1_larry3,0.252056712,2.266047781,GMP
CAACCTGGTAGCATTCCA-1_larry3,4.329140687,-3.373194392,EryP
GAGAACAGGCCGATCAGC-1_larry3,1.897504115,3.455366438,GMP
TCGTGACGTACGAGAGCA-1_larry3,3.942674899,-1.665540035,EryP
GTCTCTTCAATGAGGTAT-1_larry3,3.854761148,-2.716075118,EryP
CGCTTGTAGAGTCCGTGT-1_larry3,1.161490882,3.461513584,GMP
GATCTGTTCAGATGAAGA-1_larry3,-0.416381454,2.626973932,GMP
TAGAGACTAACTCATTCA-1_larry3,1.005641067,-1.127701635,MPP4
CTCGACGATCTTAATCGT-1_larry3,-1.543930268,1.527418082,GMP
CAGTCGGTAATTGGTTCC-1_larry3,4.30056479,-2.215983326,EryP
ACGACAGTCGGTACGAGC-1_larry3,0.154518807,2.848769491,GMP
AGGTGCGAGCTGTTACCA-1_larry3,5.960895801,-2.478677208,EryP
GCGTAACAATATGTATGC-1_larry3,4.849118972,-2.874614174,EryP
GCCTTCCATAACAGCAGT-1_larry3,-4.347981191,0.052522336,MPP3
GTCAATACATAGCCAGTG-1_larry3,3.675543332,-0.379587958,EryP
CAATCTCCGATAATCGAG-1_larry3,-1.425758338,3.210844104,GMP
TGTAGATCGAGTGACGAT-1_larry3,-5.611659264,-1.739305789,pre/pro-B
TCCTTAGGTTATGGTTGG-1_larry3,-0.207753157,0.309551661,MPP4
TAAGCACTAGTTGCTCAG-1_larry3,1.835869336,2.095161741,GMP
AGCGTAGAACTGAGTCCA-1_larry3,4.126059795,-1.046717043,EryP
CTCTGCAAGCTCGCAAGA-1_larry3,1.995952749,3.141568248,GMP
CGAACAATCAACGCTCAA-1_larry3,-1.074357247,0.301336293,MPP4
CCTGCTCCAACTTCAGTA-1_larry3,-5.591453767,-2.0627405,MPP4
GTCCTAGTTCACATGTGC-1_larry3,2.114692116,2.886102741,GMP
ATCGTAGTGACGTACTGC-1_larry3,5.503701949,3.107285564,GMP
ACTCGAGTCCATCCAGGA-1_larry3,-2.146003222,2.499426429,GMP
CTTCGACTGATAAGTTCG-1_larry3,-2.556985831,-3.300934012,MkP 1
TAGACCGCATCTGATGAA-1_larry3,4.392587209,-3.586646254,MEP
GAACTCGTATATTACAGC-1_larry3,3.2199507,-2.148861225,EryP
CTATCTTGATGCCAATGG-1_larry3,-5.66936562,-1.959133441,pre/pro-B
CTAGAGGTAAGTCGCCGA-1_larry3,5.735874915,2.789272611,MPP4
GATTAGACACGCCACCAT-1_larry3,-2.218310809,-0.649296875,GMP
CTCCGCATTGACGTCAAT-1_larry3,3.562282348,-0.305622938,EryP
AGCCTCGCAGTATACAGA-1_larry3,4.001818681,-2.82239526,EryP
CGGATTCTCTGAGCAGAT-1_larry3,3.773109698,-2.722452576,EryP
ACTCGCTGTAACTCCATG-1_larry3,-1.592916465,0.569797044,GMP
CTTCCTGATGTGCTCTTG-1_larry3,3.695838952,-0.435255463,EryP
CATGGTTACCGACGTACG-1_larry3,-0.019646084,3.13864619,GMP
GGTAGCATCACCTAGCAC-1_larry3,6.255618835,-2.448154147,MEP
ACTGGTCAGTTCATTCGC-1_larry3,4.819860244,3.055593317,GMP
TCCACGTGCTCCACCTCA-1_larry3,3.726088548,-2.567675526,EryP
GTTGACCATCTAGTATAG-1_larry3,2.207766199,3.509052341,GMP
ATGAGTGTGTGCCGACTA-1_larry3,-1.827672219,1.374187176,GMP
TTATCGCACGGATCGTTC-1_larry3,-0.310874438,-0.906154032,MPP4
CAAGTCACTAGCTGCACT-1_larry3,4.463133359,-1.294644411,EryP
TCAAGGTCGCCTTGTTGC-1_larry3,-4.359481072,1.299118702,GMP
CCTACTAGAGAGGACTTA-1_larry3,2.836465144,-2.117824728,EryP
TCCAAGTAACTAACACTG-1_larry3,2.698717857,-0.606957669,MEP
GTGTATCTGTGCGTGCCA-1_larry3,4.480679298,-4.560968573,MEP
TTGCAGTCATGGAGAGTG-1_larry3,1.124713773,-1.305955465,MPP4
GAACAACCACCGCAACAC-1_larry3,-1.320026374,2.159052675,GMP
TGGTCCTAGATGCTCACC-1_larry3,-0.153321779,2.303914373,GMP
AATAACTCCCCTAGAGTA-1_larry3,-2.262920356,-3.024102147,HSC/MPP1
ACACACCGTTGTGCAGTA-1_larry3,-0.013719714,1.764545982,GMP
GCTCTGTGTTTATCGCAC-1_larry3,-6.564181542,-1.813185151,pre/pro-B
TACCTATCCCTATGGATG-1_larry3,-1.688279366,1.325774853,GMP
GTGTATCTGGTCTCTTCA-1_larry3,4.53429749,-2.105378921,EryP
ACCGAGACAATTCGCTTA-1_larry3,4.397826219,-3.35374182,EryP
ATTCATGTGTTCGGAGTC-1_larry3,-0.328663027,3.992654626,GMP
CCTAGCAATAAGAGAGAG-1_larry3,-3.093142009,-0.501233618,GMP
ACCGAGACACAGCTTCGA-1_larry3,-1.461470103,3.370038574,GMP
GACAGGTTAACGTCGCTC-1_larry3,1.816471005,2.02982599,GMP
GTGTCCGTGCGACGTGAT-1_larry3,1.899595404,3.465107267,GMP
TAGCGCAGCTACGGTCGT-1_larry3,-1.52302835,3.195521419,GMP
TATACCACTTGACCTCCT-1_larry3,3.840054774,-3.138702567,EryP
AATGCTGATGAGTGTGCC-1_larry3,-2.046341395,0.25556541,MPP4
CGAGCCGTTGCATACATG-1_larry3,2.419202233,-2.147996004,EryP
TTGAGACGGTTCAGTGCC-1_larry3,0.076366806,4.142144029,GMP
GCTCTCCAAAGTACGAAT-1_larry3,2.981491351,-3.527727539,MEP
TAACATTGGAGTCAGTTG-1_larry3,2.68612721,-2.371359761,MEP
ATTGATTGGGATCGATAC-1_larry3,-0.528962231,0.576913123,MPP4
ATCAAGCATCTACGTTGG-1_larry3,-1.577033496,1.289269273,GMP
ACTCCAACTCTTAATCGT-1_larry3,-0.017224943,2.496999328,GMP
AGCAAGTCCGATCTTCGC-1_larry3,-0.85053823,2.198596304,GMP
ACGGTGTACTCTCATCGG-1_larry3,-1.429849839,1.167712038,GMP
TTCCATACCAAGAGAGAG-1_larry3,-4.000196671,1.531876748,GMP
CACGACTCAAAGCTTGCA-1_larry3,3.464613223,-1.581456239,MEP
CCTGCTCCACGGTTCTAT-1_larry3,3.981219554,-1.897403533,EryP
ATCTAGGTTCTGGTAATC-1_larry3,4.248665118,-2.198783333,EryP
TGCCAATGGTCGCATTCG-1_larry3,4.112655902,-1.628648574,EryP
CCATAAGTAACAGGAACT-1_larry3,2.511157775,3.332414692,GMP
CAAGAGGAGTAAGCCATT-1_larry3,-1.35347054,1.109891479,GMP
TAGAGACTACATCCTCTC-1_larry3,-0.183975375,3.731209104,GMP
ACGAATCGCTAAGCACTA-1_larry3,-0.244152641,2.484357421,GMP
TACACGGTCCCTGTCGAC-1_larry3,-3.077775693,-1.261871035,MPP3
GTGCTCGGACCGCAACAC-1_larry3,-0.937987423,0.654631798,GMP
TTGTAATGCCGGTTGCGA-1_larry3,5.15618732,-0.699312891,EryP
TGCCGAACTTGAAGACCA-1_larry3,0.403588498,1.57083637,GMP
GCTTACTAGTGTTACTGA-1_larry3,-0.165673888,-0.430159326,MPP4
ACGCACACTTCATGCAGG-1_larry3,-1.20517323,0.211445694,MPP4
CTCCGCATTCATCCTCTC-1_larry3,-0.226628697,0.674623017,MPP4
TATACCACTTTCATTCGC-1_larry3,-0.501395559,0.55983669,GMP
AGAAGAGTCCAATCTCCG-1_larry3,0.800875032,-0.861380036,GMP
GATTCTCGGTGAGGTCTC-1_larry3,1.388556802,3.542057817,GMP
ACCGATCGAGACTTCACC-1_larry3,2.084256196,1.935083931,GMP
AATATCGCTTTCCTGCTA-1_larry3,3.369914079,0.212826197,MEP
AGTCGCGACCTTAAGTTG-1_larry3,1.682729268,3.723001783,GMP
TCTTGGTAGTGAACGTCA-1_larry3,-1.089176392,-0.708922292,GMP
AGAAGTCCTCGACAGGAA-1_larry3,3.816046262,-3.425026829,EryP
TCGTAGGAAAAGTTCTCT-1_larry3,-1.161796784,0.560333614,MPP4
TGCCTTCAGTGAGAGGAC-1_larry3,-0.794265961,-2.152169521,MPP3
CACTACAGGATTCCGTAC-1_larry3,0.385888988,2.03406245,GMP
TCACATACTATCGCCTCT-1_larry3,4.908255363,-2.768338854,EryP
AGCATTGTTCGCAACCTC-1_larry3,-7.58472178,-2.919205124,pre/pro-B
GCAGCTCTTACTAACCGA-1_larry3,1.02690723,-1.205160255,MPP4
CCATCACGACCTGCAGAT-1_larry3,4.320275331,0.173287665,EryP
AGGATGCGTTCAGCGACC-1_larry3,1.899454022,3.636401241,GMP
TGCTGCGTCTAGGTTAGT-1_larry3,1.481831455,3.415641849,GMP
GATGTAAGGCTGGTCGGT-1_larry3,4.903842712,3.374738996,GMP
ACGACATCTGCCTGGAAT-1_larry3,-0.092050946,1.34704644,GMP
GACCAACAGCCTAGTTAG-1_larry3,-0.006228781,-3.397985632,MPP3
TTCAACTACGGAGTACAG-1_larry3,2.82141211,-2.322085793,EryP
ATAGTGGTTGCAGATCCG-1_larry3,-7.393397546,-2.829528506,pre/pro-B
GCGATATGACACCTCGGA-1_larry3,1.211803699,2.11912853,GMP
GACCTTGTGACCACGGAT-1_larry3,4.618754888,-0.742861087,MEP
TCGCCAAGCGACGCCGTA-1_larry3,-0.096937513,2.791822498,GMP
GTAACAGTCATGGACGTT-1_larry3,4.737111354,-2.340658123,EryP
TGAACGGTTGGAGTACAG-1_larry3,0.765481578,-1.122921939,MPP4
GTATACAGAATCAAGCAT-1_larry3,0.221510285,-1.263531501,GMP
GCGGACGAACCTCATAAC-1_larry3,1.723842287,3.541589801,GMP
CGGACAAGTCCGATACCG-1_larry3,-1.961211896,0.406620805,GMP
GCCGTTGTTCACATGTGC-1_larry3,0.002539778,0.871479576,MPP4
GACGCTTGCGACCACTCG-1_larry3,-0.56120286,2.517581766,GMP
TCAGACAAGACAAGTACA-1_larry3,-0.273109233,1.20905072,GMP
AAGTAGGACGGACTCCTT-1_larry3,2.606930399,2.421964948,MPP3
ACAGAGATGCACGTCATA-1_larry3,0.141785109,4.074231927,GMP
TATTACTCGCGATACTCT-1_larry3,-1.692025161,1.536146228,GMP
GATAACGTCATGAGATCC-1_larry3,4.006199861,-2.636779244,EryP
TATAGTGCGGATAAGCTG-1_larry3,5.341353202,-0.719305183,EryP
CCGTTAGACTTCAGTGCC-1_larry3,-1.985674596,1.128289287,GMP
GTGCTCGGAGTGTCCGTG-1_larry3,1.61512413,3.980825727,GMP
CCATAATCGAGGATTGAG-1_larry3,-4.325992799,1.442264025,GMP
CGTTCCATTGATTGGAAG-1_larry3,4.012896085,-1.299504573,EryP
CTGTACGACGCGAGTCTA-1_larry3,-0.059127664,2.400720899,GMP
ATAGTCAGTTCGAACGCT-1_larry3,4.266168618,0.476452594,EryP
CAGCACGTGATGAACTAG-1_larry3,1.793018484,1.488874977,GMP
TGACCTATGATCCACAGT-1_larry3,5.216546321,1.657574718,MPP4
TAACACGAGCGAGTAGCA-1_larry3,0.994333679,-0.513613338,GMP
TAGTCAGACCCTAAGTCT-1_larry3,-0.814574218,-2.746836359,MEP
ACAACCGGACGGAAGACG-1_larry3,-1.137509203,3.353818243,GMP
TCAACACTCCCACACAGA-1_larry3,-2.967476106,-3.943216736,MkP 2
TGTTACTGATATGTATGC-1_larry3,-1.27056179,2.314204519,GMP
GTATGTATCAACTGATTC-1_larry3,0.111571872,1.279344504,GMP
ATATGTCCACTGGTAATC-1_larry3,-1.030228948,-1.2428562,MPP4
TCCAACGTGGCATTGATC-1_larry3,-2.235798812,-2.843773539,HSC/MPP1
GTAGACTCTTTAAGTGGT-1_larry3,2.646500731,-1.272150989,MEP
TCAGGACTGTCAGACAAG-1_larry3,-7.399642205,-2.959776814,pre/pro-B
AAGCAACTAGTGTCTGGA-1_larry3,4.673525596,-4.564738924,EryP
AATCAGGAGCACTACAGG-1_larry3,-1.743007636,0.298733001,GMP
TCAAGGAGTCTGCGTCAC-1_larry3,-1.8020365,-2.584120924,HSC/MPP1
TCTCAGGATACACTGTGA-1_larry3,5.53928783,2.388442104,MPP4
GTTGATGCAAGAGCGGAG-1_larry3,-1.724120354,2.452383821,GMP
CTCTCAGTCCTTAGAAGG-1_larry3,-0.350820517,2.456281965,GMP
TGCTATGAAGGTGGAGCT-1_larry3,3.17931273,-2.659269984,EryP
TCAAGCGTAATTCATGTG-1_larry3,5.19410255,0.269618576,MEP
GTAGCATACGTCAACTGA-1_larry3,-0.923096514,-0.006033535,GMP
TGCATACATGATGCAGAA-1_larry3,-1.284095979,-1.298907096,MPP4
TGAACGGTTCCGCTCATG-1_larry3,-5.181609368,-1.237380083,pre/pro-B
ATGAGGTATACTCACGAA-1_larry3,-0.444504237,2.497110193,GMP
AAGGTCTGATAGACCTAC-1_larry3,4.335274482,-3.522321637,EryP
GCTTCTACGTCCTCTAGT-1_larry3,-2.592807746,0.953895872,GMP
GTGTACCGTCACGGAAGT-1_larry3,4.414355064,-1.408068473,EryP
GACTTCACCCAATACCAC-1_larry3,3.57039001,-1.947005088,EryP
CTCCTATCTTCCTGTCCG-1_larry3,4.023567224,0.407617931,EryP
TTGTCAACCTATACGGAT-1_larry3,-4.517712331,-1.490910942,pre/pro-B
GACTTGATTCGGAAGACG-1_larry3,1.297264719,0.452976112,MPP4
ATCAGAAGCAACGTCGAG-1_larry3,4.927072311,-1.680107052,EryP
ATCATAGACGCACGTAGA-1_larry3,3.938214326,-2.535832341,EryP
ATAGTGGTTACGAATCGC-1_larry3,3.209212804,2.403861349,MEP
GTCATTCTAACTCGCTGT-1_larry3,4.717027927,-4.399028952,EryP
GCTTACTAGGCCATACAA-1_larry3,0.43000015,0.986445611,MEP
GATATGGACCAACCTGGT-1_larry3,1.154512757,-0.48285238,GMP
ACTACCATCCACGGAAGT-1_larry3,3.71429565,-3.410653765,EryP
TTCCTGCTATCGATTCAG-1_larry3,3.918818736,-2.978031094,EryP
GCCATACAAAACGTTCTT-1_larry3,-0.680262303,3.034820621,GMP
AGTTGAGCGTAGTAACGG-1_larry3,-1.680483794,-2.327939446,MPP3
AAGCAATCGCATATGCGA-1_larry3,4.975029731,-1.565299923,EryP
GCCACATGGTATCATGCT-1_larry3,3.922645116,-1.362405474,EryP
CCTAGCAATATAAGTTCG-1_larry3,-1.035520768,-3.246224339,HSC/MPP1
TCTGATGAAAGCTTCGAT-1_larry3,-0.536452627,5.598200147,MPP4
CATAGGTGTTGCAGCCTT-1_larry3,-0.433041787,0.318068926,GMP
AGAGGACGTTGCCTGGTT-1_larry3,-1.491461015,-0.034919287,MPP4
ATGGAGAGTGCTGAGCAG-1_larry3,-0.082741177,6.022808378,MPP3
TAGGATGCCGCTCTCCAA-1_larry3,-0.598586535,0.202329879,GMP
TTACACCTTCGAGTAGCA-1_larry3,-0.758064246,2.065098827,GMP
GAGAACAGGGCTACCGAG-1_larry3,-0.735572553,5.35847122,GMP
TCTTGGTAGTAAGCACTA-1_larry3,2.59685638,-0.566776241,MEP
GAATCACATAGCCGGATC-1_larry3,-0.978827929,4.236455267,GMP
AGAAGAGTCATAAGTTCG-1_larry3,-1.8698313,0.922934716,GMP
TATGACCGATTGCCAGAT-1_larry3,5.808863425,0.100834136,MEP
GTACGAACGCGTCTGTCC-1_larry3,-1.75795362,2.237525051,GMP
TGAGAGGACCGAATGAGT-1_larry3,2.400468493,-0.436352248,MEP
AGTTGCCTTTATGAGACC-1_larry3,-6.049135899,-2.233631785,pre/pro-B
TAGTCAGACAATAGACGC-1_larry3,-2.400541043,0.251520341,GMP
TGCGCACTGCTCTCGATA-1_larry3,-2.281056619,0.688575213,GMP
GCCATCGCTAATTCGGAA-1_larry3,0.27617895,-1.811056669,MEP
CGCGTGAGATCGTGCCAC-1_larry3,-2.042109942,-2.777012522,HSC/MPP1
AGATCTGACACGCACACT-1_larry3,-3.647661424,1.696334426,GMP
GCCACGAGTACCGTCACG-1_larry3,3.134748483,2.350809162,MPP2
TAGCTGTTGGTTGACGTG-1_larry3,0.861582199,-1.853273446,MPP3
AGATACGTTAAGACTGGT-1_larry3,-0.663976049,3.136045282,GMP
GGTCCTGGTCACGACTCA-1_larry3,-1.333922362,3.050373142,GMP
CACGCGTAACCAATATAC-1_larry3,-0.233081078,6.511964624,MPP4
CTGCGATTCGACTGCGCA-1_larry3,-1.634850716,1.999994342,GMP
AGCGACACCAAGGATACG-1_larry3,3.734711194,-2.286510999,EryP
GTGCTAAGCCTATACTAG-1_larry3,4.470730806,-2.202619965,EryP
CTTAATCGTGAGTCACCA-1_larry3,-5.763209557,-2.472433503,pre/pro-B
AGTAATGGTGTCAGACCG-1_larry3,2.810525441,-2.455064709,EryP
AGATGAAGACGTCTGCTG-1_larry3,-5.066262936,-2.098511512,MPP4
TCTGCAACATTAGTCGGA-1_larry3,-6.118365025,-2.255547936,pre/pro-B
CGATTCGAGGCCAATGAA-1_larry3,3.026898885,-1.924775774,MEP
CTACCTGCGATGGAGAGT-1_larry3,-5.474411702,-0.635412688,pre/pro-B
TGTCAACCTGGTTAGATG-1_larry3,2.812388683,-3.219427521,EryP
CAGCTGGAGGGTAATCTA-1_larry3,2.417488837,-1.65517884,MEP
CGCAACCTCTCTAATACC-1_larry3,1.742207313,2.246164148,GMP
ATCTACATCAGGAATTGG-1_larry3,1.965672398,3.306600874,GMP
TCAGTAAGCCAATCTCCG-1_larry3,-2.213992333,2.038802211,GMP
ATAAGACAGTCTATGACA-1_larry3,2.776598716,-2.280493433,EryP
CTCCACGTCCACGGATAG-1_larry3,2.560071373,0.534962778,MPP3
GCCTTCCATACACGTTGC-1_larry3,-0.371574378,-0.197242792,GMP
GCCATACAAGTGTTGGAA-1_larry3,-0.392893171,-0.078544701,MPP3
TACCGCGTTACTACCATC-1_larry3,0.224651689,1.036799734,GMP
CATCGCTGGCTACGGTAT-1_larry3,-0.385572767,1.302304094,GMP
TAACCGTGATATCACCTG-1_larry3,-1.050863361,6.363102262,GMP
ACAGTATTGAATATCGCT-1_larry3,0.743697488,-0.834926243,GMP
CGCAATCGAACTCTGCTC-1_larry3,5.044122482,-0.866683776,EryP
CCTGTATCTTGCCGAACT-1_larry3,-0.167957043,2.198824232,GMP
TCGTTCTCCGGATCGTTC-1_larry3,-0.922860479,1.067554419,GMP
GACCAGAGATTCCATACC-1_larry3,-0.962407565,0.689349895,GMP
AGGATGCGTATTCGCTTA-1_larry3,1.683237815,1.763627832,GMP
GAGTCCAATCAACTAATC-1_larry3,1.796066547,0.108806079,MPP3
TACATGCACTTCCAGGAG-1_larry3,-1.494747376,-1.43043762,MEP
TGGACGAGACACATATCA-1_larry3,0.216341669,0.40663672,MPP3
ACGTTCAATAGTAACGTA-1_larry3,-0.642227149,-1.050656016,MPP3
CTTATCTCAGTCTGAGCC-1_larry3,4.26868155,-3.102006609,EryP
ATATGCAGCCACACCTGT-1_larry3,-5.757609582,-1.475182469,pre/pro-B
GTTCAGAAGATGCTTCAG-1_larry3,-0.315221464,4.783008401,GMP
GGTAGCATCACCGGAGTA-1_larry3,3.151855016,-2.643819029,EryP
CCTCCTTGTCTGATCAAG-1_larry3,-2.039109206,0.23111922,MPP4
CCTCGGTCACTCTGCAAG-1_larry3,0.406191462,0.501457875,MPP3
GGTTAACAGACTACCATC-1_larry3,5.150310302,2.342594211,MPP4
TAACTCCGACCTCGACCT-1_larry3,-1.688417649,-0.306429856,MPP4
AGCATTGTTTTCGCTGAG-1_larry3,2.080261135,3.527767484,GMP
GAGAATCAGTCGTTCTCC-1_larry3,-3.437808728,-1.088715668,MPP4
CAGAAGTGAAAGACGAAG-1_larry3,-1.828394866,-2.011429126,GMP
CCTCAGGTGTGAACGTCA-1_larry3,3.053774858,2.720215862,MEP
TGATTATCGACGACGATT-1_larry3,5.544594073,-0.00019833,MEP
GCGACAACCACATGGATT-1_larry3,-1.024492121,1.845465963,GMP
GACTCTCACTTGATGAGT-1_larry3,4.142357612,-1.395795638,EryP
CTAGTCGTCTCCTGTCCG-1_larry3,1.809678102,0.059380775,MEP
AGTATGACGAGGATTGAG-1_larry3,-3.964869237,1.550527637,GMP
TGCCAGACGAGTAACGTA-1_larry3,0.129619026,2.330838745,GMP
CCTTCCTCATCCTATTCC-1_larry3,-1.882472014,-2.209120209,MPP3
TGATGTGTGGAATTGTTG-1_larry3,-1.578424191,0.892598932,GMP
CTACCTGCGGTGTATCTG-1_larry3,1.870849872,3.596934621,GMP
TCAATGGACGACGCCGTA-1_larry3,2.605273628,-2.597195561,MEP
TATAGTGCGAAGGATCGT-1_larry3,-0.026488995,-1.125798221,GMP
CCTTCCTCAGTTAGATTG-1_larry3,-0.596991753,0.790396159,GMP
CTTGTAACGTCGGATGTT-1_larry3,-1.719710326,2.767464225,GMP
ACCGATCGATGGTCTACG-1_larry3,4.455506826,-1.761958654,EryP
AGAAGAGTCCAGGAGCCT-1_larry3,2.457644844,3.643572395,GMP
TGACCAAGTGGACACTGG-1_larry3,-0.285882389,-1.864305551,MPP3
AGTCCGTGTCACTGTATC-1_larry3,3.513452077,-2.267367537,EryP
CCGATCAGCTATCACCTG-1_larry3,-0.652859425,-2.920639927,HSC/MPP1
GACGTAGCAAGCACACCT-1_larry3,1.608375514,1.669486587,GMP
GCGAACTCGGAGCCATCC-1_larry3,1.756534362,3.743746584,GMP
TGGTAGCAGAATCTGACC-1_larry3,0.535717884,2.421622579,GMP
CATCGCTGGCAATCATAC-1_larry3,4.557014966,-2.917190726,EryP
CACAACGCTAGTTATCGC-1_larry3,-1.840146756,3.50265724,GMP
ATCCACAGTCGCGCACAT-1_larry3,4.37205317,-2.290499742,EryP
TAATTCGTGTCCACGTGC-1_larry3,3.511910939,-0.361226986,EryP
ATATTCGCATCCTCTAGT-1_larry3,1.035923773,0.91132087,GMP
GATCTTCGCGTTAGATTG-1_larry3,-0.744040346,0.203504895,MPP4
CTCTCAGTCACCGATCGA-1_larry3,3.421227718,-2.357529099,EryP
GGATAATACTAAGTACAC-1_larry3,0.297796959,1.117163246,GMP
GGTCGGTCTATGCTCACC-1_larry3,3.106835866,-2.150683935,EryP
CTTACCTAGCTGCTGCTT-1_larry3,0.928538346,3.114313428,GMP
CCATAGCCACCGAGCTGA-1_larry3,4.559566283,3.169649427,GMP
AGTGTTCTGCTCTGCGGT-1_larry3,-2.263669944,2.0006581,GMP
ACGGTGCCTCAGTGAGGA-1_larry3,4.730838084,-2.867528136,MEP
CTTAAGTTGGTTAATTCG-1_larry3,6.097899699,-2.233181293,MEP
TCGTAGGAAAACTTAGCT-1_larry3,-3.277172065,-1.114617581,MPP4
GCATACATGGAATCGAGA-1_larry3,-7.717005944,-2.80550545,pre/pro-B
GGTCCTGGTTCTCCGCGT-1_larry3,1.0174438,-0.361095886,GMP
AGCCGGATCAACGGAGAT-1_larry3,-0.644945597,4.91091234,GMP
ACTATCCTGATCCAGCTG-1_larry3,5.433904433,-2.268401558,EryP
TGATCGGAATAGAGCGTC-1_larry3,4.661041045,-1.107413824,EryP
TGGAACTAACCATGATGT-1_larry3,-2.18638823,0.800110524,GMP
AGCTATATGCTTCCGGTA-1_larry3,4.411496186,-2.815109188,EryP
AATCTGACCTGGATAGGT-1_larry3,-1.431630587,3.110636537,GMP
ATACAACCGCTGATCAAG-1_larry3,-0.851204014,0.910916989,GMP
GTCATTCTATCAATGGAC-1_larry3,-6.560006356,-1.770792301,pre/pro-B
TTGCCAGATGCTCTCCAA-1_larry3,-0.243655121,3.072842662,GMP
GATAAGCTGTGTCAACCT-1_larry3,-0.393512821,2.208696191,GMP
CATACAACCCCAGTACTC-1_larry3,4.657246852,-2.811829026,EryP
CATCCAGGAACACCACAT-1_larry3,5.800872588,-0.414403464,EryP
CTCATTAGTTAATCTGGA-1_larry3,2.686633611,-0.597757871,MEP
TCGCGTCATCAGCCGCAA-1_larry3,-1.099188185,-3.112831051,HSC/MPP1
TGTGTCTACGCTGACAGA-1_larry3,0.172772968,1.711478298,GMP
GAGATTCCTAGAGGACGT-1_larry3,0.537009509,3.922453229,MPP3
CCAGCCAATTAGATCTGT-1_larry3,0.869676852,-1.746407802,MPP3
CTCATTAGTTGAGACAGC-1_larry3,2.854329133,2.866599147,MPP3
TCCTCGTCGGTCTGACGT-1_larry3,5.061668658,-0.938176627,EryP
AGTAATCAGACACAGAAC-1_larry3,-1.657289243,2.681589429,GMP
GATCTAGAGCAACCTGGT-1_larry3,-0.512797332,-2.321250374,MEP
AATGCTGATATTGCGCTA-1_larry3,4.300462747,-2.138924177,EryP
AATCGCCATAGTCCGTGT-1_larry3,3.366875196,0.151308482,EryP
ATGTGACGATGAGCAGAT-1_larry3,1.141235405,-1.864400918,MEP
ACACTGTGAGTACTCTAC-1_larry3,1.408246541,3.059127634,GMP
CCTAGCAATACGCTCTTA-1_larry3,-0.38349638,1.142641966,GMP
TTGTTAGAGATTGCCGAC-1_larry3,-0.618810034,-0.502036626,MPP4
TCTGCAACAGTGCTGACT-1_larry3,-0.677165007,0.834910576,MPP4
ACGGACCATGCTAGTGGA-1_larry3,1.04766869,-0.631486888,GMP
CGATAGGTGATCCTCCGA-1_larry3,4.377659106,-1.574621971,EryP
GGAGAATGAGAGTTAACT-1_larry3,-0.739706135,-0.350632313,MEP
TCAAGGTCGAGCCGGATC-1_larry3,1.026121283,-2.411863739,MEP
GTCTCCAGGTATACGGAT-1_larry3,1.561190033,1.742298191,GMP
GTAGTTGGTCAGGTATCG-1_larry3,-1.41347096,2.348988836,GMP
CGTGTCCGAGTCTTCTCG-1_larry3,-2.533905721,0.374127631,MPP4
ACGTTCAATCACTAGACT-1_larry3,-0.995401954,-0.340349792,MPP4
ATCATTACGCATCCGACA-1_larry3,0.404354865,1.012993043,GMP
CACTACAGGCTCCGCATT-1_larry3,-0.722396588,-2.414858277,MPP3
AGCTGCACTGCCGCTATC-1_larry3,0.870126033,-0.083315219,GMP
GTGGAGGTCACAGTATTG-1_larry3,3.789753938,-0.656068171,EryP
ATGCTCACCGTTGACCAT-1_larry3,3.980331206,-1.651754553,EryP
CTTATTGAGTGATCGGAA-1_larry3,-1.012149072,0.072259431,MPP4
CGACAGACCACAGAGATG-1_larry3,2.613532925,-2.56969517,EryP
TCCTTCGTACTCTGTCAA-1_larry3,2.575600887,-3.610924418,MEP
GGTCTCATGATTCCTACG-1_larry3,-0.352454996,3.708790605,GMP
GACGTCAATTGGTGCCTG-1_larry3,0.739547679,1.053138201,GMP
CTCGTGTCCACTTCTTGG-1_larry3,1.56786331,-1.000077422,MPP3
TGCGTATCTGTAGTTGGT-1_larry3,-2.992743707,-3.886196072,MkP 1
CAGTCTAACACCATCTAA-1_larry3,0.132557357,3.670804088,GMP
GATACTGTGTACGTTGGA-1_larry3,2.604853058,0.985727136,MEP
TATCACCTGATCGAATCG-1_larry3,-0.551149463,-3.032199795,MPP3
ACGTAGTATGTGGACTGG-1_larry3,2.954720998,2.558057373,MPP3
ACCGGTTACAAGCATTGC-1_larry3,-5.599040723,1.090975826,MPP3
CACATTCTGCGTCGTCAA-1_larry3,-0.70341382,2.537767236,GMP
ATCGCCTCTTCGACGTTG-1_larry3,1.922585273,3.316672866,GMP
TAAGTACACGACGTGGTC-1_larry3,2.182545567,3.183937137,GMP
TGCATCGGATCGTACCTT-1_larry3,-5.247142052,-1.796470101,MPP4
CCTTGTTGCGTCGTGTTA-1_larry3,2.115064645,3.679014986,GMP
GCCGTCTTCAGCCAGGAC-1_larry3,-3.187487578,-0.950864549,MPP4
ATCCGGTCCGGATAGTCA-1_larry3,2.442336941,-1.353409583,MEP
CCACGTTCTCACGTAGAC-1_larry3,-0.284086263,-2.456429417,MEP
GCGTATAGGGTAGGACGC-1_larry3,3.755665088,-2.745048697,EryP
TTACGGACCACCTAGTTA-1_larry3,3.679760957,-2.983420069,EryP
TGTATCGTGCAATTGTCT-1_larry3,2.223186279,1.652547185,GMP
CATTGTTCACCGTCAGGT-1_larry3,0.807776341,2.391701524,GMP
ATAAGTTCGAGGAATTGG-1_larry3,3.684453035,-1.803895171,EryP
GCCTTGTGATCAGAGCGT-1_larry3,-0.2920591,1.546215956,GMP
GTCAGACCGGATACTGTG-1_larry3,-0.835385299,-0.615657951,MPP4
GACAATGTTTAAGCCATT-1_larry3,0.053339446,3.084036176,GMP
GTCCGTAAGACAGGAACT-1_larry3,-3.332886433,-0.985483642,MPP4
TTCACTCCTAGGAGCAAT-1_larry3,0.41835303,4.328259294,MPP4
CCAGTTACGCAACTCCAG-1_larry3,2.771311307,2.958215063,MPP4
CCGAAGCGTCTAGTATAG-1_larry3,-0.330697214,2.769671981,GMP
TGGTGGTAATAGTAACGG-1_larry3,-3.097864127,-4.141273434,MkP 2
CCTGTTAGCTCCGATCTG-1_larry3,-5.785982346,-1.236220117,pre/pro-B
GGTGCGTAGAGTGTCTCT-1_larry3,1.036388272,-0.042316909,GMP
CCATTCTGCCGACAGGAA-1_larry3,-3.48352263,0.360479181,GMP
CAAGAACCGTGCGTCTTA-1_larry3,-2.640227055,-3.422927315,MkP 1
GCCTAACGGACAGGAACT-1_larry3,4.390048289,-1.239818151,EryP
CTCCACGTCTCACAGGTA-1_larry3,0.974121475,-1.818840439,MEP
ACAAGGTACCGGTGAGTC-1_larry3,1.362927044,2.073500459,GMP
GAAGAGCACTTATCGCAC-1_larry3,0.175345862,0.716354196,GMP
ATAGTCAGTTGGAACTAA-1_larry3,0.103927577,4.15616781,GMP
CTGACGGATCAGATCGAC-1_larry3,-0.362634873,0.949281042,GMP
TTGCAGTCATTGGACTTC-1_larry3,3.258831048,-1.804143126,EryP
TACATGCACACCATACTT-1_larry3,-3.879529214,1.559061472,GMP
TAAGTACACAAGCATTGC-1_larry3,-3.277801728,2.394742792,GMP
AATTGGTGAATCGGTGGT-1_larry3,-2.762873626,1.91446883,GMP
GAATTGTTGTGCTCAGCG-1_larry3,-1.515878653,0.99066097,GMP
TGGAGAGTGAGGAAGGTG-1_larry3,4.639249349,-4.390042479,EryP
GGTAAGTGAAGTAACGTA-1_larry3,-2.007166123,-0.02932712,GMP
ACCGTACGCACATGACTA-1_larry3,3.158648276,-3.915545876,EryP
GGATCAATGAGTACTCTC-1_larry3,-3.548974252,-0.008373882,GMP
CATAATTGGTGACCTATG-1_larry3,3.93176868,-0.656811054,EryP
TTGGTAACTTCGCTGTAA-1_larry3,-0.630279279,0.419733887,GMP
CGAATGAGTGGTGAGCGT-1_larry3,-5.327212071,-1.568693573,pre/pro-B
GCTTCACTCACAAGTACA-1_larry3,-1.281397319,3.214385812,GMP
GTGTATCTGATGCGCCGT-1_larry3,-2.162017321,-1.071305568,MPP4
TCAGTAAGCGCGTATAGG-1_larry3,-1.197787857,2.216033762,GMP
GCTTCTACGAGTCCGTGT-1_larry3,-0.421730971,1.317904775,GMP
ACCGACGGTCTGGTACAT-1_larry3,3.966722274,-2.191377695,EryP
TAGAGCCAGCGCACTCTT-1_larry3,2.164792562,3.005623167,GMP
CACACTGCCAGATACGTT-1_larry3,2.986413264,2.530443971,MPP3
GTATGATCTTTATCGCAC-1_larry3,-4.359181142,2.332374399,GMP
TAGACACGTGAATAAGAG-1_larry3,4.134916091,-1.659939701,EryP
CACCAAGATCCAATATAC-1_larry3,1.607607567,0.033465808,MPP3
CACGCGTAAAGCGGAACA-1_larry3,-1.714133954,2.804864233,GMP
CGCAACCTCAGCTGCACT-1_larry3,-6.565209603,-1.687337573,pre/pro-B
TATCACCTGAACAGCAGT-1_larry3,-0.912632918,2.337299173,MEP
GCACCATCGATAATCGAG-1_larry3,1.548214102,3.855980222,GMP
TGTAGGTTACGAACAATC-1_larry3,-4.572487092,0.547923391,MPP4
TCTCGATGCACCTGTACC-1_larry3,-1.338139152,0.440238361,GMP
CGGTGTTACTGAGATCAT-1_larry3,4.287860894,3.560130899,GMP
TCGAACGCTCTCGTTCAC-1_larry3,-2.560551381,-1.588489468,MPP3
GGTTGCTATACTGGTCAG-1_larry3,4.598758245,-4.542510207,EryP
GTAACTCATCTCATGCCA-1_larry3,2.532133246,-2.532235558,EryP
TCCAATCATAGTTACAAG-1_larry3,4.336833263,-1.864040906,EryP
AGATATGGAAATATCGCT-1_larry3,-1.789266085,-1.77650171,MPP3
CGCCTGCAACCGATGTTC-1_larry3,4.054866815,-3.080861027,EryP
CTGTAGAAGCATAGGTGT-1_larry3,0.233673865,0.86246938,GMP
TCCTTCAACAGCGGTCTA-1_larry3,-0.718895531,2.689921444,GMP
GATGCTCCTTATCTAGGT-1_larry3,2.461619997,-3.493935759,MEP
TGGAACTAACGCGAGTGT-1_larry3,-0.093948877,1.810666149,GMP
TCCTTAGGTAGTAATGGT-1_larry3,3.430616164,-0.323923998,EryP
ACTCGTCTATTGCGAACA-1_larry3,2.534077668,-1.741484697,MEP
CGCGTACTACAAGTCACT-1_larry3,-0.252473926,-2.321922476,MPP2
ACCGGAGTACACCAAGAT-1_larry3,-1.7651057,-2.279593403,MPP3
TGAGATCATGTGTCCGTG-1_larry3,3.576745773,-2.084591801,EryP
CGCAGTGTCATCTCGTGA-1_larry3,3.549408698,-0.975291724,MEP
GGAGCATCTCGGTTCTAT-1_larry3,-1.744875645,3.718950574,GMP
TGTACACGATAGACCGCA-1_larry3,3.816662336,-1.881215746,EryP
TCCGGAGCTCTCTCGATA-1_larry3,-1.154795742,0.820713704,MEP
CATCCACCGGTAACTCAT-1_larry3,-0.855172491,3.023623293,GMP
TGCACGATGCAAGAGGAG-1_larry4,0.19875195,2.919879978,GMP
CAGCAGTACAGATCTTCA-1_larry4,-1.812297082,1.946613853,GMP
CCGCATCCTCGGTTGCGA-1_larry4,3.209098363,-1.160068507,EryP
AGTCCGTGTATGCGCCGT-1_larry4,0.990802699,-0.212739798,GMP
CGCGTGAGAAACAGATCG-1_larry4,4.079483056,-2.056068594,EryP
TCCTTAGGTTACAAGAGG-1_larry4,0.328623378,-2.062554295,MEP
TCGTTCTCCTGCGCACTG-1_larry4,-0.830369687,2.985499923,GMP
TACGAGTGATTGCAGTCA-1_larry4,2.251841211,3.3050049,GMP
GCGACACAGGCCGTTGTT-1_larry4,-2.167116618,2.720137661,GMP
CAAGTCGAAGCTCTCCAA-1_larry4,-5.976703381,-1.699453528,pre/pro-B
CTTAAGTTGCGTCTGTCC-1_larry4,-0.76117537,-1.887062485,MPP3
CTTCCGTGGGATTCCTCT-1_larry4,-7.549176431,-2.940725739,pre/pro-B
GACTCTCACCGCTGTAGT-1_larry4,4.32380321,-2.036612804,EryP
TGGATTAGCTTACCTCTC-1_larry4,-1.242830729,1.404335682,GMP
CGTACACACGCACAACTC-1_larry4,-1.144835448,3.416508024,GMP
GGAGATGAGCTGCGATTC-1_larry4,4.169069553,0.333520119,EryP
GTATACAGAGTAACAGTC-1_larry4,1.978603983,-2.096702392,MEP
TTAAGTGGTTTCATCCAA-1_larry4,0.373155201,-0.582861061,GMP
ACTCCGGTTTTCCAATTC-1_larry4,4.108901048,-2.421715672,EryP
CCTTCCTCAAGCAGACAA-1_larry4,-2.089813208,-2.708555634,HSC/MPP1
CGTCATGGACCTTGACGG-1_larry4,-1.443480229,6.02955467,GMP
CCTCAGGTGGCGAAGCTC-1_larry4,1.819276357,3.876146143,GMP
TCTGCAACACAGCTCTTC-1_larry4,0.847645798,0.021346693,GMP
CTCCACGTCGGTTGCTAT-1_larry4,4.396356607,-0.26707539,EryP
GCTCCTAGCCAGCAGTAC-1_larry4,-0.445355868,-1.932530577,MPP3
AACTTAGCTCCTCTCTAG-1_larry4,-1.031880832,-0.264165942,MPP4
GTCACAGAGTTAACGTTC-1_larry4,-0.518930769,3.134088342,GMP
TCAGGACTGCGTACATCT-1_larry4,-5.558663106,-1.297760899,pre/pro-B
AGGTGCGAGTATCAGTGC-1_larry4,5.65400722,-2.230921085,EryP
AAGCCAAGTACGCTATGT-1_larry4,0.263373667,1.645321195,GMP
TCGCATTCGATGCGCCGT-1_larry4,-1.132767176,3.217769687,GMP
GCCTTATCTTCAGTGCAA-1_larry4,-4.429261899,0.865462844,MEP
AGACGCTATTGGAGAACC-1_larry4,3.736816192,-0.41233139,EryP
AAGTACAGACCTCGACCT-1_larry4,-7.528044915,-2.86858433,pre/pro-B
ATGTGAGACACGGTGCCT-1_larry4,-0.231422996,1.999159877,GMP
CCACATTAGCCGATGTTC-1_larry4,-0.133052921,1.129431193,GMP
GAGAACAGGAGCAAGTCC-1_larry4,-0.336323774,4.504236524,GMP
TACCAGCCAGAGCATACA-1_larry4,-0.430549002,-2.631054099,MPP2
ACACGTTGCAGATCTGAC-1_larry4,-3.411158776,-1.097726579,GMP
CTCCTGACGCTACGGTAT-1_larry4,1.073674405,-0.171836617,GMP
GGTTACGCAAGCCGTTCT-1_larry4,2.046608234,3.985710447,GMP
GATAGTTCTTTCAACTAC-1_larry4,2.474337721,-3.944774086,MEP
TGTAGGTTACAGTCTAAC-1_larry4,2.054083729,0.918800061,MPP3
CACAATAACTAGTCGCAT-1_larry4,-1.031381225,5.82367069,GMP
TGACGATGAAAGTAGGAC-1_larry4,-0.466136908,0.862816398,MPP4
CCTCGACCTTGTGGTCCT-1_larry4,0.684783345,2.503890102,GMP
ATATGCAGCCATATGTCG-1_larry4,0.093075955,3.089783971,GMP
ACTGTAATCAGCATATGG-1_larry4,3.793561959,-1.936229641,EryP
GATCTAGAGCCTAGTCTC-1_larry4,4.461145902,-4.623324568,MEP
TATAATCGCAGTTGAGCG-1_larry4,1.804968858,3.202411954,GMP
TGCGACGTTAATCCTCGT-1_larry4,-3.45976851,-1.032091494,GMP
GCGGTAAGTCAGATCGAC-1_larry4,6.550715709,-2.22566777,MEP
GTCAGACCGTAGGATTAG-1_larry4,2.931264901,-2.046155627,EryP
GCCTAACGGTCTCCGCGT-1_larry4,2.324381495,3.536855762,GMP
ACGATGGAACAATGCATT-1_larry4,1.812186742,-4.470518286,EryP
ATCTAGGTTGCCACATGG-1_larry4,4.318773294,-3.250691349,EryP
AGCGTCGTCCGAGCTTAC-1_larry4,3.615908647,-3.095891173,EryP
ATCCGTCTCGCCGAGTCT-1_larry4,2.731560731,-2.056910331,EryP
CTTGATCTACGTGCAAGG-1_larry4,0.822842592,-1.198001857,MPP3
GCGTTCAGAACTTCTAAC-1_larry4,4.147846246,-3.235124285,MEP
GGTGTGACCCAGCTAGTT-1_larry4,-5.603122926,-1.756674106,pre/pro-B
ATCACTTCCAATCTGACC-1_larry4,-0.541128492,5.093315427,GMP
AGCGACACCCCATACGAT-1_larry4,1.888851786,3.966772859,GMP
TTAGGAAGGAGATGAGAT-1_larry4,0.828096011,-0.160156424,GMP
CATCGAAGCCTAATACGC-1_larry4,4.37470367,-3.547761137,MEP
CCGTCAGGTTATTGCTAC-1_larry4,-0.898383117,0.812049215,GMP
ATAGCCTAAACCACGCTA-1_larry4,0.655876212,1.72924382,GMP
GTCTGAGCCAGAGCGGAG-1_larry4,-1.247457719,3.194018905,GMP
ACTGGTCAGGAACCAGTT-1_larry4,-0.59227047,-0.264622613,MPP4
TTGGAGAACACGACAGTC-1_larry4,4.035535121,-2.474800999,EryP
GATGCGGTTCATGTCCTG-1_larry4,-0.536994076,-1.029898162,MPP3
ACGACATCTCACCTTCCT-1_larry4,2.443267012,2.274127309,MPP4
GATACACTACTTGATCTA-1_larry4,4.091269279,-2.582208331,EryP
CGGAACGAGACGACTGCG-1_larry4,-1.464657998,0.122871672,MPP4
TCATGCAGGTCCTCTAGT-1_larry4,-1.422343707,3.32891566,GMP
CAGCTGGAGAGAGCGCGA-1_larry4,-4.307067609,1.325409477,GMP
GCCAACAATGATATGGAC-1_larry4,-0.587062454,-0.337692364,MPP4
TACCGCGTTACGAGCTTC-1_larry4,-1.839699244,-1.245105202,MPP4
GAATCACATGCATGTGGT-1_larry4,-2.258560872,-1.082326288,MPP3
ATGGAGAGTTGAACGTCA-1_larry4,0.329824889,0.398058121,GMP
CAACTAATCTGGAGTGGA-1_larry4,2.372289562,1.127104824,MPP4
GGAGTTAGCTCCAACGTG-1_larry4,-0.117138481,-2.570812638,MPP3
AGTGGAATGGTAGCTACA-1_larry4,-1.086255288,1.458408063,GMP
AAGCACAACCAGCAGTAC-1_larry4,5.606893802,-0.612139727,EryP
GTCGCAGGTATCGTAGTG-1_larry4,1.550852561,1.877854173,GMP
CCTTGTTGCACACTAACG-1_larry4,4.072051072,-2.990736182,EryP
CTCCAGCGTGCAGGAGAA-1_larry4,3.438035512,-1.901184018,EryP
GAACCAGTTCCTCAGGTG-1_larry4,5.560456062,1.327193086,MEP
GGTCGGTCTTAGTAACGG-1_larry4,-0.899581766,0.216254001,MPP4
CACGGATAGTCCAGAACG-1_larry4,-5.683179116,-1.68824106,pre/pro-B
TTGAGCTCTTCGTGCCAC-1_larry4,4.56548121,-3.073991234,EryP
TGGTTATACCAATCATAC-1_larry4,2.457798267,-1.657451565,MEP
GTTCCAACAATTGACACG-1_larry4,-3.380888676,1.929344003,GMP
TGAGTGACTCATAATTGG-1_larry4,-4.332998967,1.134873455,GMP
TCTCGATGCATAAGTTCG-1_larry4,1.813765669,-1.311400468,MPP3
TCACTCGCTTGTGTAGAG-1_larry4,-0.309212422,-2.005445654,MPP3
CTGAGATAGGACCGCTTC-1_larry4,3.69275167,-1.259052927,EryP
TAGATCTGTATACTTGCT-1_larry4,-2.429342007,-0.429084386,MPP4
AGACTTCGTTACAGGACT-1_larry4,5.302423263,-0.568686451,EryP
GTCTTCTCGGCTATGTAA-1_larry4,-1.302950954,0.414059525,MPP4
CATTATGTCCTGTCTAGT-1_larry4,0.600888261,-1.856746132,MPP3
TCGGTATCACTCGTCTTG-1_larry4,0.824132183,2.814008777,GMP
TTACGCTCGCGTCTGCTG-1_larry4,1.838738465,-0.916698749,MEP
TCGCAAGCACTAGACATG-1_larry4,4.537113929,-2.498205359,EryP
AGACATCCATATGCCTTC-1_larry4,1.866498494,-1.32222348,MPP3
GTATGCCTTGTAAGTGAG-1_larry4,-0.904634094,1.235805576,GMP
CGTGTATTCGAGGTGAGC-1_larry4,4.309938216,-1.62484091,EryP
GAACGCTGTGCTGAGCAG-1_larry4,-2.227371192,-0.385674025,MPP4
AAGTTCTCTTGGTAACCA-1_larry4,-4.369923806,1.078852718,GMP
CCGAGTACTAAGGAAGTC-1_larry4,1.091596925,-1.647162015,MPP4
CAACGTCTTAATATCGCT-1_larry4,-1.9968364,2.204689329,GMP
CCACTACCAACGACTGCG-1_larry4,3.162286782,-0.804825778,EryP
AAGGTGCTGGCTCAGCCA-1_larry4,1.777525568,3.582148616,GMP
AATACTCCGCGTACACAC-1_larry4,-0.2093086,2.187453096,GMP
GCGTAACAAATGAGGTAT-1_larry4,1.793969894,1.516327565,GMP
TTAGGAAGGATATAGCGT-1_larry4,0.874668071,2.388752287,GMP
ACCTTGAAGTGAGGTCTC-1_larry4,4.989798331,-0.278212928,MEP
ATCTCGTGAGAGACTCGA-1_larry4,1.004737193,-0.835887546,MPP4
CCATTCTGCCCAAGTCGA-1_larry4,0.33320486,2.337191885,GMP
ATGCAGTTCGTGCTCGGA-1_larry4,0.656150459,-1.935427482,MPP2
AAGCCAAGTGTGGTACGG-1_larry4,-1.049554443,5.935631101,GMP
ACATTGACAACATGACTA-1_larry4,-1.710114693,-0.205467249,GMP
CACACCTGTACGCGTGAC-1_larry4,-0.246569967,3.003958051,GMP
TTCATCCAAGAGATGTAT-1_larry4,5.190180564,-0.894961829,EryP
ATCGAATCGGGAATTCAC-1_larry4,-1.21340034,0.087497299,MPP4
CCGAGTACTATTCTCTGG-1_larry4,-0.700107431,5.048614805,GMP
CGACCACTTCAATACCAC-1_larry4,3.092192912,-0.977550085,EryP
TAGACCGCAAGACTTCGT-1_larry4,3.628058219,-1.575899179,EryP
GAGGACTTATGGTAACCA-1_larry4,5.757407451,3.182529752,GMP
CGAACAGAGTGAGGTCTC-1_larry4,0.694683412,1.48545367,GMP
TAAGCCATTTCTACATCC-1_larry4,-4.454429841,0.89373893,GMP
GAGTTATAGACGGTGCCT-1_larry4,-5.065834737,-1.520768459,pre/pro-B
CCTTAACATGATCTAGAG-1_larry4,0.185836131,0.856390302,GMP
GGAGACACATATCTAGGT-1_larry4,3.013529563,2.410112207,MPP3
GACTAGCATATTCCTACG-1_larry4,3.792645478,-2.123191292,EryP
GTCAACTGACAGCGACGT-1_larry4,-1.559854722,1.205659096,GMP
TAGACCATGATCTAGGTT-1_larry4,-5.790764546,-1.478704269,pre/pro-B
CGTGGTACCTGCCTTCAG-1_larry4,0.271773243,0.155834769,MPP3
AGCTATATGCTCGCAAGA-1_larry4,1.903842354,-1.340145523,MPP3
TCGCCAAGCGCCGCCTAA-1_larry4,-0.510497904,2.431569641,GMP
GGATAATACCCATACGAT-1_larry4,3.445936704,-2.20918649,EryP
GCACGCATTCTTCGACTG-1_larry4,-0.780967092,2.246023719,GMP
ATCTCTGCTGGAAGTATG-1_larry4,-0.607686138,-0.20105246,GMP
TGCCAATGGCACTACAGG-1_larry4,-0.775839543,5.041307752,GMP
CTGTCTAGTAAGGATCGT-1_larry4,-3.099220252,-0.434914331,GMP
GGAATTCACTCATCAGAG-1_larry4,0.061886871,6.030597036,MPP3
ATGTCGCCTCTCGTTCAC-1_larry4,-6.505189633,-1.673125441,pre/pro-B
CCATAATCGGTGGAGGTC-1_larry4,-5.080517983,2.549642866,GMP
ATCGTAGTGCTGAGATAG-1_larry4,-2.227996802,0.185326641,GMP
GTCATTCTAAGATATGGA-1_larry4,-0.645436621,0.949086254,GMP
GAGATGTATTCAGTGCAA-1_larry4,-0.843557572,2.772984331,GMP
GATGTCTAGTCAAGGAGT-1_larry4,-2.415768123,-3.006766493,HSC/MPP1
ATTGATCACGCTACAATG-1_larry4,-3.387691712,2.277243917,MPP4
CATAATTGGTGTGCCATG-1_larry4,-0.251848733,-0.358687366,MEP
CGCCACCATCCGAAGCGT-1_larry4,-2.013864016,2.375210111,GMP
ATAATGTGGAGATACGTT-1_larry4,-2.277412867,-2.07972842,GMP
TTCCTAAGGAAGTTCTCT-1_larry4,4.163522506,-3.563224728,EryP
GGTTAGATGAGCAGACAA-1_larry4,0.980354899,2.253882711,GMP
TAGCGAGAATGTGCAGTA-1_larry4,-6.547222352,-1.599445517,pre/pro-B
TTCCTGCTAGTCATTCTA-1_larry4,-1.768847203,-0.601869221,GMP
ACAGCATCACTAGGTACT-1_larry4,2.149064684,1.713890617,GMP
GTAGGACGCTGAACGTCA-1_larry4,-1.194021439,0.416612511,GMP
GTTGACGTGCTAGTCGTC-1_larry4,-0.22932539,-0.1596896,MPP4
CTCTTCAGCCAAGAACCG-1_larry4,3.993189836,-1.933764393,EryP
GTCTGAGCCAGAAGCTGC-1_larry4,-4.261629796,1.245403593,GMP
TAACATTGGGCATACTCC-1_larry4,3.355602527,-3.447385008,EryP
ACAAGGTACCTGATCCGA-1_larry4,4.483237767,-4.3713538,EryP
TATGATGTGGGAGCATCT-1_larry4,-1.452028489,0.846528356,GMP
TTGCGAACAATCTGGTAG-1_larry4,-2.99975965,-1.331162865,MPP3
ACGCACACTATTAGCACA-1_larry4,4.894045139,-2.995405133,EryP
GACGTGGTCACTCGAGTC-1_larry4,-4.939806676,2.52245671,GMP
GATGCTCCTACACTGTGA-1_larry4,4.53421619,-2.918154175,EryP
GACATAACGACGAGAGCA-1_larry4,2.228128219,1.680300896,GMP
TAGACCATGCCATACGAT-1_larry4,-0.870641446,0.977867429,GMP
AGAATCAGATGCGCTGCA-1_larry4,-0.045773184,3.286688392,GMP
GCATACATGAATGCCTCA-1_larry4,4.103467727,-2.597737725,EryP
ATCTAGGTTGCATGTAAG-1_larry4,-4.365994191,1.416301911,GMP
CATCTCGATAGACATCCA-1_larry4,0.082465613,3.534649675,GMP
TTGAGCTCTAGCGCATGA-1_larry4,0.038499499,2.475543802,GMP
GCTCCTAGCAATCAGGAG-1_larry4,2.860007787,-2.406141455,EryP
TCAGTGTTCGTGGACTGG-1_larry4,4.237899566,0.339897518,EryP
GTGTCGAGCGGAAGAAGC-1_larry4,0.498160178,2.932725017,GMP
ATTCGCTTATTATTCGAC-1_larry4,-1.795488334,-1.937192376,MEP
GTGTCCGTGAATTGGTGA-1_larry4,-0.841311431,-3.247604544,HSC/MPP1
GCGAGCAAGTCAGGACTG-1_larry4,0.279249603,4.320006673,MPP3
CTTCTATGAGCGAAGACA-1_larry4,5.393629337,0.263897483,MEP
TCCGGAGCTTGCGCACTG-1_larry4,4.998199725,-1.732945497,EryP
CACGGATAGGCCTAACGG-1_larry4,2.752499604,-2.590847905,EryP
AGCGGTCTACAATCTCCG-1_larry4,4.955138946,-3.698008473,EryP
ACAATTCGGCTTATCTCA-1_larry4,1.727211738,3.242105548,GMP
TATAGTGCGAGCCGTTCT-1_larry4,3.606231713,-2.51685303,EryP
TAGGAGCTATGGATAGGT-1_larry4,-1.011505222,-1.426474745,MPP3
GTGGAGGTCTACCAGCCA-1_larry4,1.731304312,2.152049606,GMP
CTGAGATAGTGCAGATGC-1_larry4,1.153910303,3.625369852,GMP
TTCCAGGAGCCGTAGTTG-1_larry4,-0.283222711,-1.238192136,MPP3
TACCTCACTTTACTTACG-1_larry4,1.939541364,0.177616661,MPP3
GGTAGACATTACAAGAGG-1_larry4,0.162110114,2.817698305,GMP
CAACTCCAGGTCGTTGCG-1_larry4,1.484999681,1.745104139,GMP
CGACGTGATCAACACTCC-1_larry4,-2.593981004,0.599584644,MPP4
CGCACTGAAGTCTGAGCC-1_larry4,-0.575123644,2.505031173,GMP
TTCCTGCTAGCTGATGTC-1_larry4,2.861438298,2.81578285,MEP
AGCTCGTCTGCCGCTATC-1_larry4,2.582381749,0.539165263,MEP
GGTTGCTATCTGTGCTCA-1_larry4,-0.949253058,-2.838836129,HSC/MPP1
AGAGGACGTTAGCAGAGT-1_larry4,2.486986303,3.276568,MEP
TAGTTGACGTGTATGTAG-1_larry4,-1.816924548,2.775925939,GMP
CCATACGATATCTCGAAC-1_larry4,-4.576045728,-1.321081216,pre/pro-B
CTCTCGATATCCAAGTAA-1_larry4,-0.185383475,3.005033796,GMP
AATAACTCCAAGCTGGTC-1_larry4,-4.350900388,1.071437304,GMP
GTCCACAACTGCGTAATC-1_larry4,0.464705968,1.548778718,GMP
CCTAGAGTACTGATCAAG-1_larry4,4.96029737,1.248852437,MPP3
ATATGTCCATCGACGTTG-1_larry4,0.760314697,2.464768474,GMP
CTCTACGCAAGATACGTT-1_larry4,5.214783931,1.18008024,MEP
ACTTGATCTCATGTGAAC-1_larry4,-1.243851995,2.802406614,GMP
CCTATTCAAGCTTACGTT-1_larry4,-1.612189269,2.869047945,GMP
TCCGATAACACGGTGTAC-1_larry4,0.445926973,2.663800781,GMP
ATAATCGAGACGCGTGAC-1_larry4,-5.677434659,-1.852419908,pre/pro-B
TAACACGAGCGAGCCGTT-1_larry4,3.709491277,1.350282614,MEP
TAAGTACACTCCAGCTAT-1_larry4,-2.156583762,0.378640895,GMP
GGTTGAAGGATCAGAAGC-1_larry4,4.012946391,-1.46489125,EryP
ACCACTAGGTCTACAGTT-1_larry4,3.390359187,-3.286985571,EryP
AGCTGCACTCGGTCGACA-1_larry4,-4.310719704,1.376952593,GMP
AAGACGAAGCCTGACCTC-1_larry4,2.483736539,-3.746591027,MEP
GAACTATGGCAACGCACA-1_larry4,1.611358488,-1.012474592,MPP3
AGCACACCTACAGAGATG-1_larry4,-1.72942779,2.71891052,GMP
ATCCGGTCCACTTCGCAG-1_larry4,3.612927461,-0.348476249,MEP
ACCGCTGTGACCGAGACA-1_larry4,-0.796507573,5.574610536,GMP
GTCTCCAGGACGTAGTAT-1_larry4,4.243280673,-1.03135025,GMP
TATCGAGCCCCTCGACCT-1_larry4,2.741687799,-2.27162605,MEP
CCAGTACTCGATCGCACT-1_larry4,3.843176627,-1.717441614,EryP
TCTGCAACAATCCGACCA-1_larry4,2.393749738,-2.262317355,EryP
CTTGGATCACTACCTGCG-1_larry4,-1.742548442,2.97783572,GMP
CTCTTCAGCCCAACGGAA-1_larry4,0.133433545,2.866724556,GMP
TGTATGTAGAGCGGTCTA-1_larry4,2.479788208,-1.472628767,MEP
GAACCAGTTGCTTAGAAC-1_larry4,-1.21018455,3.038997476,GMP
TGCCTGGTTGATGCTCCT-1_larry4,2.859304214,-1.559151347,EryP
AGTTATCGCCATAGGTGT-1_larry4,-2.76819632,2.577900951,GMP
CTTGTAACGATCCGTCTC-1_larry4,1.106196636,-1.042899783,GMP
AGTTGTGTATAGTAGTCT-1_larry4,-0.864122248,-1.100036676,MEP
GAATCAACCGATCTTCGC-1_larry4,1.474701309,1.342355793,GMP
AACAACTGGATGTGAGAC-1_larry4,1.034069681,0.091897999,GMP
CTTGCACAACACTGTATC-1_larry4,1.550627554,1.716901605,MPP4
AAGGTGCTGAGACATATC-1_larry4,-5.768192029,-1.703530843,pre/pro-B
CCGATGTTCGCTGAGCAG-1_larry4,-0.744713759,-2.961758072,HSC/MPP1
TCCAACGTGGAACTGCAA-1_larry4,1.304936731,3.192915266,GMP
GTCTCTTCAACTGTAATC-1_larry4,3.02375772,-1.529859955,MEP
CTAGTTCCATAAGGTGAT-1_larry4,4.398232484,2.96809036,GMP
AAGCTGGTCGGTTCAGAC-1_larry4,-0.008760428,1.380326335,GMP
CTGAGTCCAGCACGCATT-1_larry4,-2.268433547,1.371408527,GMP
CTAACACTGTGAACGTCA-1_larry4,3.882602,-2.909165556,EryP
TACTCGACCGTAATCAGC-1_larry4,-1.046539879,-2.638465578,MPP3
CCATGCGTCCTTCGACTG-1_larry4,-1.95212481,-1.731929953,MPP3
GCAACTCGCAAGCACAAC-1_larry4,2.662589574,-0.796422357,MEP
GGTTAGATGGTCAGACCG-1_larry4,2.800038362,-3.946820671,EryP
CTCGTGTCCACAGCGTAT-1_larry4,-1.423237538,3.363742654,GMP
TTGATCGTATGAACGGTT-1_larry4,-2.826269603,2.473615234,GMP
TACGAACTCTAGGATTAG-1_larry4,2.577393437,3.226433818,MPP4
ATCACCGCACAATGTGCT-1_larry4,-0.997674322,-1.510182674,MPP3
AACGAGAATTTCCTTGAC-1_larry4,-5.139948106,-1.676293189,pre/pro-B
CGCGATGTAAATACCTTG-1_larry4,2.667124534,0.921710198,MPP3
GGTGTGACCTCACGACAA-1_larry4,3.716870332,-0.367123264,EryP
ACTTGATCTCACTAGACT-1_larry4,-0.866302347,1.94952709,GMP
ATAGACCGATGTAGGTTA-1_larry4,-4.444649911,0.130076324,MPP3
ATTAGCCACACACATCTG-1_larry4,3.405670905,0.158393179,EryP
TTCAGTGCCTATCCTCAG-1_larry4,4.305095935,-1.832756216,EryP
GTATACAGAGCAGCAGTG-1_larry4,-3.040008759,-4.217017586,MkP 2
AGACGCCTGTGACAAGTT-1_larry4,2.432218218,3.074768608,GMP
CGCAATCGATCGCAAGCA-1_larry4,3.37788465,-1.278098578,EryP
ACCGCTGTGTAGTGATCC-1_larry4,1.99622097,1.693104332,GMP
ATATCCGATAATGTGCGT-1_larry4,3.010082507,-2.689886029,EryP
ACACTAACGAGTATGACG-1_larry4,-1.552059388,1.282679861,GMP
CCACGTTCTTACAGTTAG-1_larry4,3.426853681,-2.267071659,EryP
ACTGGTCAGCACGACTCA-1_larry4,1.007624173,-0.397604826,GMP
CGTGAGACTGCGGTAGTC-1_larry4,-0.221376097,5.813524549,MPP4
TGTCCATAGTACTCGACC-1_larry4,-1.105182981,2.778582876,GMP
TGATCTCGGACTGTAATC-1_larry4,0.322210604,2.23726136,GMP
GACCTTGTGGAATTGTTG-1_larry4,-1.865622735,-0.936834927,MPP4
GCGGAGATTACTCCGTCG-1_larry4,4.520086789,-2.262169416,EryP
TGTGTAGAGCGTTCGTAC-1_larry4,-0.79558382,-2.551498587,MPP2
TCGCATTCGACCAGCGTT-1_larry4,-1.790665126,3.305466001,GMP
AAGCATTGCGGTGTGACC-1_larry4,-0.341027772,2.984677141,GMP
TATGGTTGGCACATATCA-1_larry4,1.836163783,-0.041146482,MEP
ACCGAGACAACATCGTCC-1_larry4,0.30211156,2.569026773,GMP
GGAGAATGAACAGTATTG-1_larry4,4.733779693,1.147148912,HSC/MPP1
ATGGACGTTTTGTATCAC-1_larry4,-0.949410176,-3.123389895,HSC/MPP1
GTAACGCGATTCTCCACA-1_larry4,-0.909415817,2.063835685,GMP
AAGCTGAGGGTACGTCTA-1_larry4,0.329896534,0.472172027,MPP4
ATAGTGGTTTATTACTCG-1_larry4,0.649829516,-1.7056089,MPP3
CAGCTCTTCGGATTCGTC-1_larry4,-4.249124741,2.149952476,GMP
CCACCATGCCCATATGCC-1_larry4,2.973652864,-2.251759107,EryP
ATCAGTCGAACTCGCTGT-1_larry4,-1.345349765,-2.296996529,MPP3
GAACTCGTACAGGATCAA-1_larry4,-2.262777304,-0.675224925,MEP
GCACTGGATTTAGCGTCT-1_larry4,-2.04361794,-1.199043329,GMP
TCCAGCAGCCGTCTGTCC-1_larry4,-2.55493114,-3.324428971,HSC/MPP1
TCAGTGCAAATCAAGAGA-1_larry4,1.799288893,0.047254627,MEP
CGATCCAGACCGAGCTGA-1_larry4,-1.63358686,2.811306064,GMP
CCGGTTCTAAGGTCACGT-1_larry4,-3.209871507,2.2363146,GMP
ATCTTACAGGAGACTCGA-1_larry4,-3.130344367,-4.161606963,MkP 2
CTTCGACTGCGAGCCGTT-1_larry4,-4.424727177,1.223750417,GMP
AGATCTTCATATTGCTAC-1_larry4,2.241118932,0.685507839,MPP3
GACGTGGTCGTCAGACCG-1_larry4,-1.25706253,3.212990348,GMP
CTGCAGAGCGGTGAGTTC-1_larry4,-1.844871735,2.301355426,GMP
CAGGAGCCTAACACACTC-1_larry4,4.710978294,-4.357858355,EryP
GAGTGCATAGACATAACG-1_larry4,3.68158772,-2.681846793,EryP
GTCAACTGACCTTGTTGC-1_larry4,-0.714560485,4.889798944,GMP
TACTAGTAGCGGACAAGT-1_larry4,-1.456271148,-1.775161917,MPP3
AACGTTCTTTCGGATGTT-1_larry4,3.827971721,-3.05900758,EryP
TACCGCGTTGTAGAAGTT-1_larry4,-1.297312951,2.289024179,GMP
TCACCGAGGGCGTATAGG-1_larry4,3.735643172,-0.835376377,EryP
ACCACGGATAGCACCAGC-1_larry4,3.243238235,-2.763719971,MEP
GCCTTGTGATCGCGTCAT-1_larry4,-0.236096418,2.313527172,GMP
TTGAGACGGTGATGGACA-1_larry4,-0.529548383,1.748938863,GMP
CGAAGAGGTCTAGTATAG-1_larry4,-0.670795297,0.683344846,GMP
TAGCCTTGTCTCAGGTAC-1_larry4,-0.40159378,-0.844471867,MPP4
ATATAGCGTGTTGATGCA-1_larry4,-5.996019578,-1.749988372,pre/pro-B
TCGTAGGAAACGTAGTAT-1_larry4,0.02430507,2.092619484,GMP
TCACACTGCCTAGTATAG-1_larry4,-0.761907077,0.88531143,GMP
TGCTGCGTCAGATACGTT-1_larry4,4.182847524,0.496701543,EryP
GCTGGTAACGACCGGTAG-1_larry4,-0.712936377,2.747360532,GMP
GTGGTACGGCAATCATAC-1_larry4,-1.167714453,3.024508064,GMP
CAGCACGTGTATTGCTAC-1_larry4,-4.581209397,0.503516977,MPP4
TCCGGAGCTCTCTTCAGC-1_larry4,4.181531453,0.664196079,EryP
GACCGCTTCGCTGGTAAC-1_larry4,-4.117816663,1.385749762,GMP
TTCGGAGTCACGAATCGC-1_larry4,-6.116044736,-1.768459256,pre/pro-B
TGCCGCTACTCGTGACGT-1_larry4,0.5047647,-1.01648217,MPP4
CCTCATAACACACGTTGC-1_larry4,0.330984676,-0.232550061,MPP4
TCTACGCAATGGTCTACG-1_larry4,4.266283059,0.237239902,EryP
CCGGTTCTAGGAGTACAG-1_larry4,-1.85279367,2.070340459,GMP
ACTCTGCTCTCGTTCTCC-1_larry4,-2.269817567,1.468827789,GMP
GTCTTATGCTACTCGACC-1_larry4,-1.143149829,-0.758882548,MPP4
ACTTCTAACAAGACTGGT-1_larry4,-0.500754213,2.702571457,GMP
CTTACCTAGGTCAGCGTC-1_larry4,-1.626948094,2.45501477,GMP
TGTGCCATGAGCTACTCA-1_larry4,3.834267879,1.013405149,MEP
CTTAATCGTGGACTATTC-1_larry4,-1.866810775,2.222982948,GMP
GACATATGTGGTCGGATA-1_larry4,-0.285709596,1.678318923,GMP
GGAGTTAGCTGATTGCTG-1_larry4,-5.749397969,-1.718777711,pre/pro-B
TAATTCGTGTTCCAATTC-1_larry4,-2.680044627,-0.477435822,MPP4
TGTCGTGAGGAATCACAT-1_larry4,-3.43069098,2.348052089,GMP
ACTCGCTGTCGACGTGAT-1_larry4,1.587872172,1.132628505,GMP
TTCCGCCAGACGTGTAGT-1_larry4,0.610170977,2.495713537,GMP
TTACGGACCAGCTTCGAT-1_larry4,-0.977889871,-2.341117079,MPP3
CTTAAGTTGGATCCGCAC-1_larry4,1.86126926,1.925760572,GMP
CTATTCCGTTCAGAGCGT-1_larry4,1.389983618,2.049439495,GMP
GATACACTATGTTGTCGA-1_larry4,3.999927783,-2.905150111,EryP
GTAGCTACAGGAGTTAGC-1_larry4,-0.941343164,2.177723711,GMP
CTCTGTCAATTCCTCGGT-1_larry4,-0.834387159,-0.755966986,MPP3
GCGAGCAAGCTTCCGGTA-1_larry4,0.085279071,2.996548479,GMP
GTACGAACGCCTAAGAAG-1_larry4,4.32784369,-1.338686521,EryP
AATGCTGATCCTGTCGAC-1_larry4,-0.649937606,3.406113927,GMP
GTCTCCAGGGTCTGACGT-1_larry4,-2.510532594,0.429213171,MPP4
ACCTGCAGATGCACGATG-1_larry4,1.932888174,1.074429696,MPP4
TAATCTGGATGAGAGGAC-1_larry4,1.800753498,-0.35695096,MPP3
TCAACACTCATACTTGCT-1_larry4,-1.465332723,0.571086054,GMP
GACCACTCGTCTATGACA-1_larry4,-3.111993289,-4.189137633,MkP 2
TTCCAATTCTAGGAGCTA-1_larry4,-1.714076018,-0.988331551,MPP4
ATACGAGGTTCACGACAA-1_larry4,2.249727512,-4.070584948,EryP
ATTCATGTGCTCATTAGT-1_larry4,-0.447882747,-2.383183415,MEP
ATAGTCTCCCAATGTGCT-1_larry4,0.338262493,-2.064396913,MEP
ATGCCTTCAGACTAGCAT-1_larry4,-1.917674279,0.731404488,GMP
TGCTCACACGCGAGTCTA-1_larry4,-2.397237277,-3.025633509,MkP 1
AAGCTTGCATCTATTAGG-1_larry4,-6.060349679,-2.163030918,pre/pro-B
CACGTCATAGTGTTGGAA-1_larry4,3.439015174,-1.922781284,MEP
CGCCACCATAGTGTTCTG-1_larry4,0.33927744,4.263518636,MPP4
CAAGTCACTAACGATGAC-1_larry4,1.262585843,2.015029495,GMP
CTTAACAGCTATTACAGC-1_larry4,-2.46965239,-3.277166064,MkP 1
CATTCAGTTCCGACTTGG-1_larry4,0.902987132,0.725581472,MPP4
AGCAACATTCTGTCACTT-1_larry4,2.764818692,-3.900818045,EryP
CACACCACAACCATCTAA-1_larry4,-1.738650536,1.075745528,GMP
CCGGTTCTATCTATGACA-1_larry4,-0.260296023,-1.309646065,MPP4
GTATACAGATCCGGAGCT-1_larry4,3.439370179,0.096502845,EryP
TAGTGATCCATGAGTGTG-1_larry4,-0.221568203,0.799483841,GMP
AAGCTGGTCAATACGTCT-1_larry4,2.107204223,0.85949189,MPP3
TCAATCTAGAACTTAGCT-1_larry4,-0.799363112,0.258006458,MPP4
GTGTTGGAAGGTAATCTA-1_larry4,-0.499982571,-1.619462664,MPP3
CCGGTTCTACACGTCATA-1_larry4,0.100606167,3.99072582,GMP
GAGACATTGCTTCCGTGG-1_larry4,4.909268642,1.232096856,MPP3
AAGCCAAGTTTCACTCCT-1_larry4,-0.929761267,-3.196381743,HSC/MPP1
CCTGCAGATGCCGCCTAA-1_larry4,3.708949351,-0.423142995,EryP
ATGCAGTTCTCTAATACC-1_larry4,-3.234974122,2.149780099,GMP
GTACCTAACTTAAGTGGT-1_larry4,-0.596421218,0.996783679,GMP
GCGAAGACAGCCATTAAG-1_larry4,-1.906418538,-1.516554053,MPP3
CTTCTGAGTCTACGAGAA-1_larry4,2.941164518,2.504753416,MPP3
TTGTTAGAGCTAGTCGTC-1_larry4,3.753311181,-1.722619111,EryP
TCTCAGGATGCGTCGTCT-1_larry4,-0.203185355,6.549603288,MPP3
GTACTCTACGTGTATCTG-1_larry4,-3.022466874,-4.063046629,MkP 2
CGATACTCTCCGCTATCC-1_larry4,2.817681098,-2.23447829,MEP
AGAGGTGAAAACTGCGAC-1_larry4,2.897361779,-0.864135618,EryP
TAAGCACTATGTACACGA-1_larry4,2.547990227,0.909908478,MPP3
GACCAACAGCACGTCATA-1_larry4,0.60951248,-0.072612832,GMP
GATAAGCTGCGGTGTTAC-1_larry4,-4.336199498,0.24058563,MEP
GCAACACCTCGGTAGCTT-1_larry4,0.221100027,1.186742966,GMP
CCTGCGTTATCTAATACC-1_larry4,-2.169090962,2.270531242,GMP
AACGCATTGCATTGCAGA-1_larry4,0.133119667,0.691681032,MPP3
TCAAGGAGTACTTCTAAC-1_larry4,2.205550695,0.775719349,MPP3
ACCGTCCTAACCTAGCAC-1_larry4,0.124129439,3.228584592,GMP
ATGTCCTCCAACCGCTGA-1_larry4,0.339088732,-1.113820548,MEP
CACTGGTCCAAGGATACG-1_larry4,-4.647215104,0.327598159,MPP4
AGCAAGTCCACAAGAATG-1_larry4,-0.869243359,2.720050161,GMP
TCCTCTAGTGCCATCGCT-1_larry4,-0.527923083,-1.589195425,MPP3
TACTACTGTAGCCGGATC-1_larry4,0.051700616,3.132009094,GMP
CTACTGTCACGGTCGACA-1_larry4,-0.435494637,-0.619930531,MPP3
AATGCGTGCTAGGATGCC-1_larry4,1.084493691,2.363665884,GMP
ATAGACCGACAACGTCTT-1_larry4,0.262698853,3.132278984,GMP
TCCTGTGGAATACCGCTT-1_larry4,0.624649713,1.013672893,GMP
AATAACTCCTTACGGACC-1_larry4,1.383539045,1.699324434,GMP
TGTAGGTTACACACTGCC-1_larry4,0.327787304,2.724550788,GMP
CACCTCAACCCATAATCG-1_larry4,6.598578715,-2.106445725,MEP
ATGTGAGACAAGTAGGAC-1_larry4,-1.048623299,-2.950443442,MPP3
CTATAGCTCGCTATGTAA-1_larry4,3.651876474,-2.846465046,EryP
CACAACCAGCCACGCCAT-1_larry4,-0.437668896,3.15434057,GMP
TGGAACTAATATTACAGC-1_larry4,3.071939969,-0.916209514,EryP
GCACATGTTTAATCTGGA-1_larry4,-0.609680867,1.282255356,GMP
CGATACTCTCAGCTTACC-1_larry4,2.476942682,-1.45010453,MEP
CATACGCAGCACAACCAG-1_larry4,0.334868664,-2.009560282,MPP3
ACCTAGCACGCTAGTGGA-1_larry4,2.954746986,-2.053291852,MEP
CAGAAGTGAGCGCTCTAT-1_larry4,-2.158425069,-2.734900649,HSC/MPP1
ATAGACCGAGATCTGTTC-1_larry4,5.628314281,-2.44449156,EryP
TGGAGAGTGACCATACTT-1_larry4,-0.075866258,1.154129689,GMP
TTCACTCCTTTACACCTT-1_larry4,2.112465167,3.707485025,GMP
CTTGTAACGTCCTGTCCG-1_larry4,2.482121492,1.146373456,MPP4
CACGACTCAAATACTCCG-1_larry4,-0.600468731,3.553879802,GMP
AGGTGTACAGAATTCAGT-1_larry4,-1.154684758,2.855770891,GMP
AGGTCACGTAGTTGTGTA-1_larry4,4.309416795,-4.432395155,MEP
GATCTTCGCACGACATCT-1_larry4,1.298556471,-1.370699222,MEP
GTGCATCAAACAAGGTAC-1_larry4,1.498309815,2.008289402,GMP
AATCCGCTGCTTACATGC-1_larry4,-0.474052644,2.931696956,GMP
TAGAGCCAGGTATTACTG-1_larry4,4.986803317,-2.559758599,EryP
AGTTACAAGTCGGAACGA-1_larry4,4.141757989,0.487599378,EryP
TATCTGTCAATTCCGTAC-1_larry4,-0.220073974,4.064893549,GMP
TAGAGCCAGAAGCATTGC-1_larry4,-2.198329663,-0.012592043,GMP
GTAGCTACAAAGGATCGT-1_larry4,-0.611238694,-3.129985983,MPP3
AGGTACCAACTATTCCGT-1_larry4,-2.621386266,2.57827646,GMP
TTCCTTGACTAGACCGCA-1_larry4,2.04812243,-1.180281753,MPP3
TGACGATGAAATCCTCGT-1_larry4,0.511519411,-0.848540718,GMP
GACTATTGATCTACATCC-1_larry4,-5.832827782,-1.762562449,pre/pro-B
GATTGAGTACGGAGACTT-1_larry4,3.975579286,0.942228024,EryP
ATACTTGCTTCACGCGAC-1_larry4,-0.828476286,-2.574687416,MPP3
GTATCCTGCGCGCTCTAT-1_larry4,0.202203059,0.777606552,MPP4
GTAACCATATGACGATGA-1_larry4,2.483211661,-0.547505344,MPP3
GTAACAGTCGTTCCAACA-1_larry4,-2.388325667,-0.078112866,GMP
CCATATGCCGGTCTTGCA-1_larry4,2.774580741,-1.579108055,EryP
CAGCCGCAACATTCCGAG-1_larry4,1.633579219,-0.143585081,MPP4
AATACGTCTACGCACACT-1_larry4,-1.496119714,-0.64543357,MPP4
GCTAGCTCCCCTGCAGAT-1_larry4,-1.191499209,3.14700896,GMP
GATAAGCTGGTAAGTGAG-1_larry4,-0.627837634,0.52419055,GMP
TAGATAGCCATTCGAAGA-1_larry4,4.467693591,-4.525992567,MEP
GCATGTGGTGTATTACTG-1_larry4,2.512306595,-3.566364939,MEP
GCATACATGGATCGCGAA-1_larry4,0.557829322,-1.327761109,MPP4
TGCCACCGAGGTGAGTTC-1_larry4,0.420702258,2.186949794,GMP
AGACCACGCTATACGTGG-1_larry4,1.981943751,1.985310857,GMP
TAACGTGTCCCTGCAGAT-1_larry4,2.786861205,-4.009627993,EryP
GCGCTCTATTACACGGTC-1_larry4,1.581168914,0.205588465,MPP4
TTGGTAACTGTCCTTCAT-1_larry4,-5.60711596,-1.898235376,pre/pro-B
ACTCTAGGATCGATTCAG-1_larry4,-3.459894872,2.501793926,GMP
TTCGCTGAGTTGTTAGAG-1_larry4,2.701936031,-3.896880085,EryP
GCGTATAGGGGATCAATG-1_larry4,0.530375177,-1.406842644,MPP4
CGTCTGTCCGCTAGTGGA-1_larry4,-5.192284798,-1.282026703,pre/pro-B
AGACCACGCATCATGTTC-1_larry4,-4.45279715,0.610812311,MPP4
TGCACGATGAGGTGCGAG-1_larry4,0.675312968,3.076800888,GMP
ACAGGTATCCTCAGTGAT-1_larry4,3.990023399,-2.682796175,EryP
AGCGTAGAAGTAGAGAGC-1_larry4,2.42357471,-0.908459241,MEP
TATGAAGACCCGCTCATG-1_larry4,1.577098096,0.197765355,MPP3
GATCGCACTAGAGCCGCA-1_larry4,2.312769914,0.748801296,MPP3
GGACGAGCAACTTCTTGG-1_larry4,1.708094382,2.539029663,GMP
CTGATCAAGAGTCGTCCG-1_larry4,-1.064630484,-2.907249863,HSC/MPP1
AATACCTTGGCGATATGA-1_larry4,-5.720516419,-1.579508121,pre/pro-B
ATCTTACAGCATCCAGGA-1_larry4,2.612441564,2.641139095,MPP4
CAGCAGTACGTTGATGCA-1_larry4,1.55655464,3.82586128,GMP
AAGACTGGTCACTTGGAT-1_larry4,0.255212152,2.492096012,GMP
CAACACTCCATCATTACG-1_larry4,-1.328302598,3.341115062,GMP
AGCGTCGTCTATCGGAAC-1_larry4,-7.617415643,-2.988563235,pre/pro-B
CGTCTGCTGATCTGGTAG-1_larry4,1.968851829,-0.13227656,MPP3
TCCTTCGTAACGCGACAG-1_larry4,-1.820882058,1.421396082,GMP
GACGTCAATGGTTCGCAA-1_larry4,2.307975793,-1.806674654,MEP
TCCGATCTGTGCCTGGTT-1_larry4,-3.121127105,-4.073846991,MkP 2
TCCTCTAGTATTAGCCAC-1_larry4,1.562737966,1.136867707,GMP
AATCGTGTTGATCGATAC-1_larry4,2.408998037,-2.491109784,MEP
TGGACGAGAGATGCTCCT-1_larry4,1.421147072,1.537385886,GMP
ATTGGTTCCTAGGAGGAT-1_larry4,-1.271197533,2.358950441,GMP
ACGACATCTCTATCCATC-1_larry4,1.972474361,-2.891581709,MEP
TCGCATTCGCCTAAGTCT-1_larry4,5.541372085,-2.222345765,EryP
ACTGTGTCAAAGCCAAGT-1_larry4,0.544392111,2.092080896,GMP
GATTAGTGTATAATCGAG-1_larry4,3.028665567,2.513269727,MPP3
ACGATGACCCAACACTCC-1_larry4,1.685844445,1.675527279,GMP
CAGGTTGTCAGAGCCGCA-1_larry4,-0.882045603,5.812607591,GMP
TCGCAAGCAAGATGAGAT-1_larry4,3.396637464,-2.319445307,EryP
ATCTACATCAACGTCGAG-1_larry4,0.167634243,2.689795082,GMP
AGATCGAGTACTTCGCAG-1_larry4,1.08164441,0.530532007,MPP4
TGCTCAGCGCAGCTAGTT-1_larry4,1.716045642,-1.057332988,MEP
CCGATACCGATATTCGCA-1_larry4,1.527470434,-3.053204234,MEP
TATACGGATATCTGCGTA-1_larry4,4.550321365,-4.562589343,MEP
CCGAAGCGTAATCAGGAG-1_larry4,0.598799648,-3.892490084,MEP
TATTGCTACGTTGACGTG-1_larry4,-3.8477566,1.530929988,GMP
CGTATAGCGGCAACTCGC-1_larry4,-0.542575335,-2.533586676,MPP3
TTCCAATTCCCTCTCTAG-1_larry4,3.150729203,-0.027116651,MEP
CCTCTCTAGACCATTCAC-1_larry4,0.175107891,2.87099797,GMP
CTGCGTCACGCCTGGAAT-1_larry4,-4.516540265,0.706180518,MPP4
GAGGACTTACTTGATCTA-1_larry4,4.591276908,-1.115621383,EryP
CGAGCTTACGGAGACACA-1_larry4,-5.414264893,-2.137197668,pre/pro-B
ACGTACTGCACTATCCTG-1_larry4,-5.564393258,-0.822844739,pre/pro-B
CGCGAGTGTCGCTTATGA-1_larry4,3.306827808,-2.775014336,EryP
CCATTACAGATTGGTTCC-1_larry4,1.830270314,-4.517236884,EryP
AGCACCAGCTAGCTAAGA-1_larry4,-0.451064801,0.967607801,GMP
CAGCGTAAGCGGTGTTAC-1_larry4,4.375710988,-2.325023348,EryP
CCGCAACACGGTGCGTAG-1_larry4,-5.758657193,-1.393650229,pre/pro-B
ACAGTATTGCAATGTGCT-1_larry4,4.131170058,-2.266510541,EryP
ACAGGTATCCTTACCTAG-1_larry4,-2.395291304,-2.925326521,MkP 1
ACGACAGTCATGGATATC-1_larry4,-4.37606833,1.396570866,GMP
CTGGTCGGTGTGGTACGG-1_larry4,-2.942859387,-1.023359234,MPP4
GGAGATGAGTCAAGCGTA-1_larry4,1.911121631,-0.025316144,MEP
CGTCAGCACATACCGAAG-1_larry4,0.960759485,0.732748454,MPP4
TATTCAACGCAACGATCG-1_larry4,-0.872902489,-3.24684685,HSC/MPP1
ATATAGCGTGTAGGACGC-1_larry4,-1.556329703,2.139012401,GMP
AGTAATGGTCGACCTAGC-1_larry4,0.526345396,3.195781057,GMP
TTCCGAGCGACCGAGACA-1_larry4,2.018560314,1.722074573,GMP
CAGTCCTAAAGGTACCAA-1_larry4,-0.084556794,1.329240267,GMP
ATTCGAAGAGCCTGCATC-1_larry4,-0.258394396,2.498833482,GMP
TCATATCGCCCAGTTACG-1_larry4,1.630829656,1.62906832,GMP
TCATCATCTACCACTAGG-1_larry4,0.954704815,0.942478244,GMP
CTGATCCGATGACCAAGT-1_larry4,-0.906196213,-1.240094955,MPP3
ACAGCGTATACTACCATC-1_larry4,1.885108853,-3.712235148,MEP
CAGCTCTTCGTCTTCATA-1_larry4,-0.694270229,3.036995237,GMP
AGCATTGTTCCGTTCCAA-1_larry4,0.124695921,2.520750587,GMP
CCGTAGTTGACGACATCT-1_larry4,1.638428116,3.86055929,GMP
TATTGCTACTGACCTCCT-1_larry4,-1.855857348,3.461215322,GMP
TGCCACCGAGTAGCTACA-1_larry4,1.954088473,3.327430313,GMP
GAACCAGTTTATTGACTG-1_larry4,-0.222306704,1.415509288,GMP
AGCTACTCACAGAGCACC-1_larry4,0.485900486,3.430598085,GMP
GACGTGGTCAATATCGCT-1_larry4,-0.678833461,1.24672467,GMP
GTCAGCGTCTTCTCCACA-1_larry4,-2.159354186,1.676976745,GMP
ATGCCTTCAGTCTCTTCA-1_larry4,2.327359581,3.603828495,GMP
CCGAAGCGTTCTCGATGC-1_larry4,3.652767921,-1.964472468,EryP
CGTGGTACCCATAGTATG-1_larry4,2.194156552,2.908920591,MPP4
AGACCACGCAGCTCGTCT-1_larry4,0.075429285,3.975039308,GMP
GGTTCGCAAGTTCACTCC-1_larry4,4.127052331,-2.350662167,EryP
AGGTCAGCACTACGGTAT-1_larry4,2.643702412,-0.940907533,MEP
GTCTGAGCCGCGATGGTG-1_larry4,-2.046293473,-2.739884789,HSC/MPP1
CTCGACGATGTGTACCGT-1_larry4,0.085150862,2.811892335,GMP
CTTCCTGATTCAGTGCAA-1_larry4,3.106616283,-3.17381161,EryP
TGAGCTAGAACACATCTG-1_larry4,-5.609899735,-1.248655851,pre/pro-B
TTACACCTTCCAACAACA-1_larry4,-0.02741543,4.018213575,GMP
CCTCTCTAGAGAGAGTGG-1_larry4,3.843108201,-2.376558001,EryP
TTACTTACGATATGTCCA-1_larry4,5.090735698,0.722360079,MEP
AGCCGTTCTTTGACCTGA-1_larry4,-5.733201718,-1.451306755,pre/pro-B
CCGGTTCTAGCCTGGAAT-1_larry4,-0.508815622,5.101315801,GMP
CGCCTGCAATCCACCTCA-1_larry4,-1.675121045,2.648754184,GMP
GAGTATCGCGATGCTCCT-1_larry4,4.075521493,-2.199452693,EryP
ATAATCGAGACCACGGAT-1_larry4,2.786618018,-1.496157105,MEP
TGTGAGTATGGAGATGAG-1_larry4,1.580504263,-2.605650837,MEP
CCTAGAGTACGGTGTTAC-1_larry4,1.527527654,2.027998512,GMP
AGACTTCGTGGTGTTCAT-1_larry4,2.132141376,3.082071607,GMP
GTAACCATAACACCACAT-1_larry4,3.849338794,1.109364574,MEP
TTACCTCTCAGACATCCA-1_larry4,-0.93626163,3.057335203,GMP
TGATGGACAGATTGAGTA-1_larry4,3.308734918,-2.40374511,EryP
TGAACGTCATTCCAGATT-1_larry4,-0.47361753,-1.035740371,MPP3
TATGACCGAGGACGAGCA-1_larry4,2.57085743,-1.728775556,MEP
TGACCTATGAACGAGGTG-1_larry4,-0.25008074,2.670137708,GMP
GCGATGGTGTTGAGCTCT-1_larry4,-1.840952611,0.389272158,GMP
GCGTGATACGGATCAATG-1_larry4,-0.168102598,-2.033061559,MPP3
TAGTGCACTCTCATGCCA-1_larry4,-1.449245429,2.835024898,GMP
TAAGTGTAGTCCTGTCCG-1_larry4,-0.222624636,-2.59969991,MPP3
ACATTGACAGTAAGGTCC-1_larry4,3.083521629,-0.888708527,EryP
CCGCTATCCGAGTCCAAT-1_larry4,3.939009929,-1.038725729,EryP
CATCTCACGAAGGAACAG-1_larry4,3.782422567,-2.20423847,EryP
GTAAGGTCCTGCGTATCT-1_larry4,0.678263895,0.97706074,MPP4
CTCCGCATTGTACGTCTA-1_larry4,4.905296588,-3.345813448,EryP
TGCGTATCTGATATATCC-1_larry4,2.164053464,-2.294405634,MEP
AGTTACAAGTCATGCTCA-1_larry4,3.109272266,2.48704869,MPP3
ATGGACGTTCACACTGCC-1_larry4,-0.179685628,2.451769655,GMP
CACAACGCTTCATGCTCA-1_larry4,0.925440246,-0.87257796,MPP4
CGCCACCATAATGCACTT-1_larry4,2.563554669,3.00214607,MEP
ACTGTGTCACTTGGTCAT-1_larry4,1.07428565,-1.173201795,MPP4
TCCGATCTGGGAGACACA-1_larry4,-5.562823987,-0.98707598,pre/pro-B
GAGTGCATAGAGCCATCC-1_larry4,-1.202999687,-2.276385958,MPP3
CGACGTACGTGCAACTCT-1_larry4,3.709241653,-0.79686975,MEP
TATCCTCAGATGGTTCGA-1_larry4,-2.088309264,-2.869515116,HSC/MPP1
TTAGTCGGATCGTGACGT-1_larry4,5.555732513,-0.442917148,EryP
GCAATCACGAGAAGCTGC-1_larry4,-1.247765279,3.438040083,GMP
GAGTCTTCGTCAGGACTG-1_larry4,1.006664211,-0.482524837,GMP
GAGACTCGATGTAGCAAG-1_larry4,-0.14684788,1.596524184,GMP
GTGTCACACCATACAACC-1_larry4,-4.435947156,0.145746564,MPP3
CCTGCGTTAACTAAGTTC-1_larry4,4.119478488,-2.528515036,EryP
TTCCAATTCACGCACACT-1_larry4,-0.252525723,3.928575819,GMP
GGAAGGTATTGGAGTGGA-1_larry4,-5.561799264,-1.605793292,pre/pro-B
TGTCAACCTCAAGCGCAT-1_larry4,-0.351191854,0.464027171,MPP4
AAGACTGGTTCCGATCTG-1_larry4,2.43693068,2.635671442,MPP4
GGTACGAGCTGTGAGTAT-1_larry4,-0.663092232,-0.211463968,GMP
GTCCGTAAGGTCTCCAGG-1_larry4,0.762197891,1.069590275,GMP
AACTCCATGCGAATGAGT-1_larry4,1.095091486,1.375997131,GMP
GCACGCATTGAGGACTTA-1_larry4,-5.114637112,-1.67201894,pre/pro-B
GCTGACAGACCACACAGA-1_larry4,4.992681766,-1.708182151,MEP
AGGAAGGTGTCATATCGC-1_larry4,-1.778405881,4.328892534,GMP
GGAGTTAGCGGTCGGTCT-1_larry4,-1.208900904,2.997436349,GMP
CGTGACCAGCTCGTCTTG-1_larry4,-3.935237622,1.521318739,GMP
GTACGAACGAATTGGATC-1_larry4,3.997297549,0.967930501,EryP
GTGGTACGGAAGCATTGC-1_larry4,3.137532497,-1.161824102,EryP
GCCATACAAGTGGTTACC-1_larry4,1.215216303,-4.240115578,MEP
CCAACAACAATCAGTCGA-1_larry4,2.443042779,-2.654342587,MEP
TCGAATAGAGAACTCGTA-1_larry4,1.044610673,-0.055978636,GMP
CCACGCCATTTCCGCCAG-1_larry4,-7.373646951,-2.654264624,pre/pro-B
CACTGTATCGGTTGCTAT-1_larry4,1.940325642,3.637736385,GMP
GATTCCTCTCCACCATGC-1_larry4,3.719276929,-1.877250369,EryP
ACACGTTGCTGCAGTTCA-1_larry4,-0.8591542,-0.880014772,MPP4
GGTGAGCGTACAATAGGT-1_larry4,2.583773041,-2.576661522,MEP
CTGACGGATATTCTCTGG-1_larry4,0.194326782,-3.028342898,MPP3
CCACGCCATCAACCTGGT-1_larry4,-5.980503297,-1.285268123,pre/pro-B
ATGGACGTTAAGCTTGCA-1_larry4,2.746688867,-3.978860075,EryP
TCATCAGAGTGCAGATGC-1_larry4,3.660427118,-2.338709052,EryP
GTACCACAAGTGACTCTC-1_larry4,0.600019378,-1.215887899,MPP4
GCCTGCATCGTATCCTGC-1_larry4,2.870718026,2.493228738,MPP3
ACAGTATTGTGATCGGAA-1_larry4,-0.312402165,-1.600401695,MPP4
GTTAGAGACTGCCACCGA-1_larry4,-3.276734328,-4.231480772,MkP 2
AACGCCTACTGCCAATGG-1_larry4,1.57041713,1.302360599,GMP
CCTGTTAGCGTCGCAGGT-1_larry4,4.01167872,-1.958969648,EryP
GATGTAAGGAGTCGCCGA-1_larry4,1.615863526,3.871151273,GMP
GGAGCTCAATGAGTGACT-1_larry4,3.832782293,-2.064783389,EryP
CCTTCCTCAAGTGGAATG-1_larry4,2.426028991,-2.053906853,MEP
CAGAGCACCTCATCAGAG-1_larry4,-3.337692475,-1.103326316,MPP4
TCGCATTCGGTGAGGACG-1_larry4,-1.2108675,1.78690726,GMP
ACGTATGTCTAGGATTAG-1_larry4,-5.229554868,-1.785667832,pre/pro-B
ACCGTCCTAACGCTAGTG-1_larry4,4.434029603,3.110250776,GMP
CGACGTACGGCATACTCC-1_larry4,-1.014030671,-0.509778823,MPP4
CGCGATGTACACGTAGAC-1_larry4,-0.678572512,3.212676828,GMP
CGATACTCTGGTAACTAC-1_larry4,3.259087587,2.360550706,MEP
GAGGACTTATACAACACC-1_larry4,3.945675159,-2.920825655,EryP
GTTGACCATCTCCAGCGT-1_larry4,-1.49616096,5.048567121,GMP
GTGAACCACGTTAATTCG-1_larry4,4.418322826,-1.930156286,EryP
GGTGGAGCTACGATGGAA-1_larry4,-5.5989959,-1.689278419,pre/pro-B
TCCAGCAGCACAAGAATG-1_larry4,-5.519719338,-1.591586049,pre/pro-B
ATAGCCTAATGCACGATG-1_larry4,-0.223529911,4.072034185,GMP
GCAGATCCGGCCAATGAA-1_larry4,-0.49138937,3.170976942,GMP
TAAGTACACTATGGTTGG-1_larry4,-0.615203833,5.434567278,GMP
AGGAGGTGAGAGGACTTA-1_larry4,-0.891504741,-1.355405743,MPP4
ATTCATGTGTAGTGATCC-1_larry4,5.397780204,2.097319191,MPP4
AACTTAGCTCCGATCAGC-1_larry4,-0.346400833,-1.54622143,MPP3
GGACAGATTGCTGATGTC-1_larry4,-1.475492453,3.115871017,GMP
AACACACTCAATATCGCT-1_larry4,3.217620158,-3.492645676,EryP
CGTTGATCCTCAAGGTCG-1_larry4,-0.769636011,3.437090223,GMP
ACCGGAGTATGATGGACA-1_larry4,1.878160501,-1.349322016,MPP3
ACTGGTCAGCATGGTTAC-1_larry4,-1.710742926,2.63072211,GMP
TAGTTGACGCTACGGTAT-1_larry4,-2.116544938,1.047191804,GMP
GTGACGTAATGTCGTGAG-1_larry4,0.795171762,0.806966846,GMP
ACGTATGTCGGACACTGG-1_larry4,-1.097986674,2.331434314,GMP
CCTTAACATCTAGTTCCA-1_larry4,1.489375973,0.578161662,MPP3
CCTCGGTCACCAATATAC-1_larry4,-0.203967488,1.928364818,GMP
GTTGACCATGATCCGCAC-1_larry4,1.387954915,2.033577745,GMP
ACCGCTGTGTCGTAATAG-1_larry4,-2.150916314,-2.637180026,MPP4
CTCATGCCAATACAACCG-1_larry4,-6.144468045,-2.397530014,pre/pro-B
TCGTTCTCCGAGATTCCT-1_larry4,-1.217875695,4.92301399,GMP
GTCTCCAGGCTCCACGTC-1_larry4,0.420242691,4.244087999,MPP4
CACGGAAGTGTAAGGTCC-1_larry4,-0.005115247,-2.15187567,MEP
GTGGTACGGGTTAATTCG-1_larry4,-5.728366113,-1.538785036,pre/pro-B
ATGTGACGACTTAAGTTG-1_larry4,1.64572891,0.10846812,MPP4
CATGGTTACTGCGCACTG-1_larry4,-0.804705119,0.932738845,GMP
CTCGTCTTGACTTGATCT-1_larry4,-3.055731511,2.576564376,GMP
CCATCTAGGCCAAGCGAG-1_larry4,5.711493755,2.732201164,GMP
AGGAGGTGACTGACGATG-1_larry4,3.014053846,-1.272254701,MEP
ATGTCCTCCGCGATGGTG-1_larry4,4.740035319,-4.247795994,EryP
GCCACATGGTAGATCTGT-1_larry4,3.643058801,-1.711185629,EryP
ACACACGTCATAGTCAGT-1_larry4,5.029936099,-1.635931666,EryP
GACATAACGATCCTGCCT-1_larry4,-0.49084363,2.348739927,GMP
GTTGACCATTACGTTGGA-1_larry4,-4.179281926,1.388486092,GMP
CGTATAGCGCTATAGCTC-1_larry4,1.071275377,-0.871971424,MPP4
GGATAGTCACATCAATAG-1_larry4,-5.165779805,-0.320298021,MPP4
AACTTGTCGACCGTCACG-1_larry4,2.593542481,2.921861713,MPP3
AGAAGAGTCTAATCACGC-1_larry4,3.380794549,-1.428425963,EryP
CTGTACGACGCTCCTAGC-1_larry4,-5.273493504,-1.327201421,pre/pro-B
TGGAGTGGAAGACCACGC-1_larry4,0.007087314,2.259274547,GMP
CTCGCTACGAGGAGCAAT-1_larry4,-0.053717589,2.960923498,GMP
CCATATCTTAACTTCTGC-1_larry4,-0.571812367,-0.509914334,MPP4
CCAAGTCGAGAACTCGTA-1_larry4,2.711957956,0.84530813,MEP
CACAGCGAACCTACTAGA-1_larry4,-1.547416663,1.976232355,GMP
CATCTCGATAGAGGTGAA-1_larry4,-1.864397263,1.006412451,GMP
TGGAGAGTGAGACCAGCT-1_larry4,-0.826674676,1.76688606,GMP
ACTCTGCTCCGCAGTGTC-1_larry4,3.413930202,-3.174911911,EryP
AGAGAGTGGTAAGCCATT-1_larry4,1.968646312,1.580725973,GMP
ACTCTGCTCTCAAGCGTA-1_larry4,-3.338623977,2.360767191,GMP
TTCAGTGCCAATCCTCGT-1_larry4,0.330625677,0.678099518,MPP4
AGCTCTCCGTACCAGCCA-1_larry4,-5.779937959,-1.5956549,pre/pro-B
CAGCGTAAGCGTGTGTGG-1_larry4,4.616759324,-4.46754616,EryP
CAAGTCGAAACCATTCAC-1_larry4,-2.000153041,2.099367206,GMP
ACGGTGTACTGTGTAGAG-1_larry4,4.395372415,-1.163755174,EryP
TGGTGCCTGCGTTAATGG-1_larry4,-3.101799464,-4.097938473,MkP 2
CACTGCTTAGACAATGTT-1_larry4,-3.18046186,-4.214528019,MkP 2
CAAGAACCGGTCGTGTTA-1_larry4,-4.389385915,-1.283619101,pre/pro-B
GACTCAGTGAGCATATGG-1_larry4,0.232871676,0.824036663,GMP
AATGCACTTCTTAAGTTG-1_larry4,1.036416197,0.764487927,GMP
CAATCAAGTTATGAGACC-1_larry4,2.335307026,0.940238421,MPP3
CGCGAGTGTGCAGCTTGA-1_larry4,-2.572474933,-3.14776891,MkP 1
CCGGTTGAGCGTACATCT-1_larry4,-0.36452291,1.451324647,GMP
CCACACAGAACATCGTCC-1_larry4,-0.473030424,1.694909756,GMP
TCTACATCCAGCTTCGAT-1_larry4,0.142178381,-2.010523136,MPP3
ACAGAGATGCCGGTTCTA-1_larry4,0.404727274,2.337790315,GMP
CCTTATCCGATGCCTTCA-1_larry4,0.221766883,3.097432678,GMP
GGTTGAAGGATAGTCTCC-1_larry4,3.493715072,-3.185516293,EryP
CACTGGTCCTGCACGATG-1_larry4,4.578335548,-3.061318095,EryP
GACGTCAATCCATACGAT-1_larry4,4.542316938,-1.866694744,EryP
CATACGCAGCTGGTCGGT-1_larry4,-0.644326424,5.001537149,GMP
CTTATTGAGAGAATCAGA-1_larry4,-0.474557137,-0.52830636,MPP3
TGTGCCATGCTCATGCCA-1_larry4,1.824357772,3.863808458,GMP
CGTTGATCCAGCGTCGTC-1_larry4,-0.382277226,0.814988558,MPP4
TACTCGACCCTCGTCTTG-1_larry4,-1.318727231,0.566311245,GMP
ATGCTGTCGGATTGAGTA-1_larry4,4.288715863,-4.064229186,MEP
ACATGGATTTGTGTAGAG-1_larry4,3.609369779,-2.430477555,EryP
CGAGCTTACACAACGAGC-1_larry4,4.074787879,-2.671652491,EryP
TGTGTCTACCTCGAACTG-1_larry4,-3.872208333,1.483574693,GMP
TCGTCCGATAGCGGAACA-1_larry4,-0.079600906,2.328745191,GMP
TTCCTTGACAGTGAGAGA-1_larry4,2.449260616,0.669388537,MPP3
TTCCTTGACCAGCTGGAG-1_larry4,0.087615395,1.2514903,MPP4
CCAAGCGAGGTAGACTCT-1_larry4,4.663682246,-4.478951151,EryP
TTAAGTGGTACATCGTCC-1_larry4,2.566034818,3.247049158,MEP
TGCGTAATCGAGGTCACG-1_larry4,4.279049897,-3.516611273,MEP
TAACGGATAATCCGTCTC-1_larry4,0.128607893,1.876576488,MPP4
TGCCGACTATGTGAGTAT-1_larry4,-5.582205033,-1.792278106,pre/pro-B
AGTATGACGAGAAGAGTC-1_larry4,0.979426885,-1.756947334,MPP3
GATTGAGTAGACGGTGCT-1_larry4,-0.011777913,1.522298877,GMP
AGCAGACAACATGTGAAC-1_larry4,-1.540457225,3.47420985,GMP
CCGCAATGGTGAGTTAAG-1_larry4,-0.850999808,-3.081917937,HSC/MPP1
TACGTTGGAACGACATCT-1_larry4,-5.074923253,-1.276129718,pre/pro-B
ACACTGTGAGGTAGACAT-1_larry4,5.101878429,1.242999022,MPP3
GATTGGAAGACTCCTGAG-1_larry4,3.31950357,-1.318855698,EryP
TCAATGGACTCGTGCCAC-1_larry4,-0.16216973,-0.619991,MEP
ATCATGTTCACAGGTATC-1_larry4,-2.553162312,0.024148618,MPP4
ACCAGCGTTCCTGTCGAC-1_larry4,1.694234038,3.651364153,GMP
CGCGTGAGATCTGAGATA-1_larry4,5.340299869,-0.343054431,EryP
TATCTAGGTTCAGACAAG-1_larry4,-2.229550576,-2.522077734,MEP
CATATGTCGTAAGGTCCG-1_larry4,-0.213324046,4.7916382,GMP
TTCTGAATGTGCTCCTCC-1_larry4,0.025563204,1.384643023,GMP
TTGTCAACCGGATACAAT-1_larry4,4.82087543,3.164688175,GMP
AGTATGACGGCTACCGAG-1_larry4,1.323294962,2.958329742,GMP
ACTAAGTTCGCAACCAAC-1_larry4,0.000443602,3.824280088,GMP
GTCGACATTTTGTATCAC-1_larry4,5.665552402,-2.410488303,EryP
ACAAGTACAATCAGTCGA-1_larry4,-6.599124646,-1.856739337,pre/pro-B
AAGCACAACGCAGATCCG-1_larry4,0.108661199,-1.436413581,MPP3
TCAGAGTCATTCACTGGA-1_larry4,-0.832366085,2.637929981,GMP
ATGCAGTTCGCGCTTCTC-1_larry4,3.862131143,-1.895955141,EryP
GCAACACCTCTCGTTCAC-1_larry4,0.77158633,2.870754545,MEP
CCGCAATGGGTTAGAGAC-1_larry4,-1.131478643,2.205878799,GMP
CGTACATCTTCTAGCTGG-1_larry4,1.070448631,3.250217979,GMP
ATGCGTGGAATCCAATGA-1_larry4,-3.368196225,-1.143667931,MEP
TGTATGTAGTGAGTGACT-1_larry4,0.277428681,2.507754867,GMP
GAGGTCCTTCTGGTCGGT-1_larry4,-3.344966626,2.344060962,GMP
ATGGACGTTTAACCGTGA-1_larry4,4.979716087,-1.650093253,EryP
TATGTACCTTATGAGACC-1_larry4,3.375331664,-2.358733113,EryP
GTCGAGTACCCACAAGGT-1_larry4,-5.213653779,-1.235310252,pre/pro-B
CATACAACCTGCGATACT-1_larry4,-0.049359953,1.946269338,GMP
AAGGTCTGAAATGTGCGT-1_larry4,3.682001138,-2.044904525,EryP
AACGCCTACTAGTGCACT-1_larry4,-0.524108147,2.055036848,GMP
AGAGCGCGAAGCCGTTCT-1_larry4,0.779254855,1.367458408,MPP3
GATACACTATACTTACCA-1_larry4,4.708588863,-0.810774441,EryP
CCTCATAACTGGAGAGTG-1_larry4,-2.17479012,0.811047857,GMP
TCAGACAAGTGACCTATG-1_larry4,2.077317977,0.772338336,MPP3
GTAGCTACAGCGTCGTCT-1_larry4,3.476654077,0.035210376,EryP
AGTCCAGTGACAACCGGA-1_larry4,0.463093499,1.076267307,GMP
CATTGCAGACGCAGTGTC-1_larry4,-5.804447388,-1.666587408,pre/pro-B
TCTCGTATCGAGTTAACT-1_larry4,-2.386688924,-2.848815854,GMP
CTCATTAGTGTGAATGCC-1_larry4,2.55658021,-1.748832996,MEP
ACCATGTCTGTAAGGTCC-1_larry4,5.6815274,0.527613168,MEP
TCCTTAGGTCTATAGCTC-1_larry4,-2.128914094,-1.888368542,MPP4
ACTTCGCAGGGACTCCTT-1_larry4,-0.3800771,-0.247560031,MPP4
GAGGTGAGCAGCGGTAAG-1_larry4,1.744225645,-2.53721636,MEP
AGCATATGGACTTCAGTA-1_larry4,-5.57384274,1.366673296,MPP4
AGCGGTCTACAAGAACCG-1_larry4,1.92867496,3.124722784,GMP
CGTGGTACCTGATGACAG-1_larry4,3.129330421,-1.171007748,EryP
TATTCAACGTGGTCCTAG-1_larry4,5.322741294,2.031652515,MPP4
GTGTATCTGCAACGTCTT-1_larry4,-0.570852136,-1.73951369,MPP3
CTACTGTCATATCGGAAC-1_larry4,-0.112012899,-0.049995894,MPP4
GAGACGATCATAAGACAG-1_larry4,2.623902345,2.822628324,MPP4
ACATTCCACTAAGCACTA-1_larry4,0.203582937,2.788811987,GMP
GCAGGAGAACGAAGAGGT-1_larry4,3.597064042,-2.527554448,EryP
AAGCTGGTCGTTGCTCAG-1_larry4,3.594869638,-0.29208326,EryP
CATTCAGTTCCTTGTTGC-1_larry4,-0.370865559,1.232545559,GMP
AGCACCAGCTGCTTACGG-1_larry4,-0.213134742,3.752065008,MEP
CATCCAGGATACGGTCGT-1_larry4,-7.469619965,-2.907108958,pre/pro-B
ATGGTTCGACACGTCATA-1_larry4,-1.173750615,2.299126213,GMP
GATCGTTGATTCCTGCTA-1_larry4,-2.583346104,-3.231732066,MkP 1
AGATCGAGTACGGACCAT-1_larry4,-4.490471101,0.546445792,MPP4
AGACGCTATGCCGCCTAA-1_larry4,0.862707997,1.00063843,GMP
CACATTCTGAGCTCGTCT-1_larry4,2.367372656,-1.357434447,MEP
CAACTAATCGCGAGCAAG-1_larry4,2.557428265,3.140060966,GMP
TGACTGAGACGTATAGCG-1_larry4,4.582965398,-3.012781556,EryP
GTCAACTGATCTTAAGTG-1_larry4,5.080623889,-0.235710638,EryP
CCATGATGTCGCGAGTGT-1_larry4,2.552053356,-4.018409188,EryP
ATCGATCCTAATACTCCG-1_larry4,-5.607061124,-1.424547965,pre/pro-B
TAAGGTCCGATTAGCACA-1_larry4,-0.276903367,-0.167314852,MEP
CCTGCGTTAGAGCAGGAA-1_larry4,-0.8546103,2.828018015,GMP
CAGAGCACCTTGATGCTG-1_larry4,-2.020057893,2.051965778,GMP
GCAGCAGTGACTCGTCTA-1_larry4,3.848063255,-2.256931598,EryP
CCTACTAGACTCAGCTGG-1_larry4,0.060352171,2.143905704,GMP
TCGGACAGTTTACGCTCG-1_larry4,0.34891125,2.528124397,GMP
CTCGCAAGAATGCGGATT-1_larry4,-3.210702157,-4.228688891,MkP 2
GCCGAGTCTGGTTAGATG-1_larry4,2.493160153,-2.205921109,EryP
CCTCTTGTAGGTTGCTAT-1_larry4,5.96699121,0.618037527,MEP
AGTCAGTTGAGTACGAAT-1_larry4,-6.138901925,-1.39961725,pre/pro-B
AGTCCAGTGGTCAACTGA-1_larry4,1.47439363,-1.413158352,MEP
CTCAGGTACGACGTAGCA-1_larry4,-4.430870271,0.119389598,MPP3
GTCCTAGTTGACCTTGTG-1_larry4,4.980527187,-1.567928011,MEP
TCTACAGTTGACGTAGCA-1_larry4,-0.11276654,-0.468175481,MPP4
GGAGTTAGCGCGGTAAGT-1_larry4,-1.188205695,-2.925164158,HSC/MPP1
ATCTCTGCTTCTACGCAA-1_larry4,-1.412537551,2.44322521,GMP
ATCTACATCAGCTCGTCT-1_larry4,-3.394051766,-1.093771572,MPP4
TACTACTGTCGGAGACTT-1_larry4,3.929761672,-2.878046448,EryP
TCCTGAGACACGCACACT-1_larry4,-1.682966447,-1.887448604,MPP3
GCGTCGTCTAATACTCCG-1_larry4,3.768134141,-3.348773892,EryP
AAGGATACGCGGTAGCTT-1_larry4,-2.439245677,-3.23539036,HSC/MPP1
GCTAGTGGACTATACTAG-1_larry4,0.296954149,2.039244955,GMP
AACAGCAGTAGGAGGTGA-1_larry4,0.05949601,-0.294430606,MEP
ACTGTGTCACCAGCCAAT-1_larry4,-4.369402146,0.041676556,MPP3
GACCGTAGTTGGAACTAA-1_larry4,-0.758259392,1.450402682,GMP
ATGCGTGGAGAGACGATC-1_larry4,2.919861341,-2.044546778,EryP
TGATTGTGCACCATCTAA-1_larry4,3.565063262,-3.328086073,EryP
TGCTCAGCGGGTGGAGCT-1_larry4,-2.027497029,-2.159497316,MPP3
GACCTTGTGCAACACTCC-1_larry4,0.14594754,1.728957479,GMP
ATTGGTTCCGCGCTAGAA-1_larry4,-0.588518715,1.052222674,GMP
CAGCGTAAGCAAGTACGA-1_larry4,-0.455118275,6.634465044,MPP4
GCTTACTAGCGGAACGAG-1_larry4,-5.865024781,-2.375334198,pre/pro-B
GCTGGTTCGACGTGCTCG-1_larry4,-2.61343596,-3.354319508,MkP 2
GTCCGCTCAGCATGTGGT-1_larry4,4.074354673,-1.648662741,MEP
CGTTAATGGGACTAGCAT-1_larry4,0.398137146,4.288663213,MPP4
AAGGATCGTGTGTCGAGC-1_larry4,-1.671491837,-0.38305259,GMP
AGACATCCACATAATTGG-1_larry4,0.254225516,0.884411876,GMP
GAGTGTGCCTCTCGTATC-1_larry4,1.905265832,-4.360110934,EryP
GCGGACGAACACACTGCC-1_larry4,1.068788701,-1.639194543,MPP4
CTTGGTCATTCGTGCCAC-1_larry4,0.729264261,-0.244264732,GMP
ACTAAGTTCCAAGGTGTG-1_larry4,0.071979726,1.341585581,MPP4
AGCCTCGCATGGACGAGA-1_larry4,-4.413364625,0.223953431,MPP4
CCTTATCCGACGTCGCTC-1_larry4,3.972852254,-1.172994788,MEP
TTCTCCACATCCGTATAC-1_larry4,-0.35546062,2.841530626,GMP
CGCACTCTTGATACACTA-1_larry4,-6.181246018,-1.8783552,pre/pro-B
CACGCGTAACACGATAGA-1_larry4,3.255408788,-1.528551395,EryP
CTTGCGACCCGGATTCTC-1_larry4,3.774355197,-3.174522335,EryP
TATCTAGGTCACTCACTA-1_larry4,2.35270598,0.810651009,MEP
AGCGTAGAACTACGGTAT-1_larry4,3.456002498,-2.497542317,EryP
TAGAGCCAGATCCGTCTC-1_larry4,0.967857653,0.765327995,MPP4
CAGTCTAACAAGGATCGT-1_larry4,-0.390109396,2.286137407,GMP
GTCGTTAGAGAGATGTAT-1_larry4,-1.779102778,3.139673774,GMP
GGATACCTAAGGATCATG-1_larry4,-0.687198019,2.071670358,GMP
TAGTACGTATGTATCGTG-1_larry4,-2.206850028,1.572557037,GMP
ATAACGACATGAGGTCTC-1_larry4,-0.662130093,0.204208558,GMP
CAGTGCTGCCTAACTAAG-1_larry4,-2.094644761,1.88328368,GMP
CTAGACATGAGGATGCGT-1_larry4,2.067529941,0.986531322,MPP4
TACTACTGTCCTATTCAA-1_larry4,4.842634463,-0.97479176,EryP
CGTCAGCACACACATCTG-1_larry4,-0.658495879,4.841366594,GMP
CAGTATGATATTAGCCAC-1_larry4,3.238163257,-1.506951864,EryP
TAGGAGGATAACAATGCA-1_larry4,-0.624543881,4.499625509,GMP
AGGAGGTGAGACGTTCAG-1_larry4,-6.376563763,-2.660665686,pre/pro-B
CGACCTAGCGTAAGTGAG-1_larry4,0.39502337,-2.698107655,MEP
AGATCTGACCGCGATGTA-1_larry4,-0.403341508,1.073096578,GMP
CTGGACACTCGCACTGAA-1_larry4,3.003707194,-2.343349392,EryP
AACAGATCGAAGTACAGA-1_larry4,4.314910913,-3.374325449,MEP
TAGAGCGTCTGTAGCAAG-1_larry4,-1.429745889,-0.869854088,MPP3
AATCTGACCCCTTAATTC-1_larry4,1.427300358,-1.54230922,MPP3
CTCGTCTTGTTACGGACC-1_larry4,-0.288382029,-0.290910442,GMP
CATCCGACACATGGTCGA-1_larry4,-1.954320884,-2.355036433,MPP3
GCCTTAGAGTTACTTACG-1_larry4,4.504833007,-1.44848078,EryP
GCCATCGCTTGCAGATGC-1_larry4,2.415116573,0.68784756,MPP3
TTCAACTACTATTACTCG-1_larry4,-0.652507281,0.375866537,GMP
GAATAAGAGTGCGTCTTA-1_larry4,-0.684601402,-2.490632231,MPP3
CGTGTGTGGACACACCGT-1_larry4,-1.501173234,2.14995796,GMP
GACGTTCAGGTCAATACA-1_larry4,-1.562775826,2.730525081,GMP
CACAACCAGTGCAGCCTT-1_larry4,4.264968181,-1.931501563,EryP
CCAGTTACGACTTCGCAG-1_larry4,1.872679496,1.078599279,MPP4
ACTGGTGCTTGAACGTCA-1_larry4,-0.367777443,1.88334543,GMP
CAGCAGTACTCGTACCTT-1_larry4,-4.251316285,1.27382273,GMP
CGTTCCATTGTAACGCGA-1_larry4,4.319145465,-2.363170798,EryP
TAGTGCACTAGACTAGTA-1_larry4,4.875001693,1.218771761,HSC/MPP1
AGCACACCTGTTCACTCC-1_larry4,5.009000087,-3.05007499,EryP
TGGTAACCAATGAGTGTG-1_larry4,4.981655383,-3.072232182,EryP
ATCTCTGCTACTAACCGA-1_larry4,6.099950576,-2.708321268,EryP
CCATTCTGCCCGTAGTTG-1_larry4,4.373572135,-3.118862803,EryP
CGGTAGCTTGCACGTAGA-1_larry4,-1.497262692,-0.16331772,GMP
TATGGTTGGTCTAATACC-1_larry4,-2.409701085,1.409338539,GMP
GATCTAGAGCCAACAACA-1_larry4,2.759727979,-2.612317498,EryP
TTCATCCAACGCCACCAT-1_larry4,1.552478099,1.319352691,GMP
CTGTGGTGGCGATTGAAC-1_larry4,4.123919749,-2.873378212,EryP
TGGATTAGCCCTTGCTTG-1_larry4,3.943280006,-2.044543559,EryP
GCTTGTCCTCTTACATGC-1_larry4,-0.010226822,1.187968676,GMP
AGGTACCAAGATCGTTGA-1_larry4,3.667956853,-2.47615927,EryP
GATATATCCTGATTGTGC-1_larry4,1.81489768,3.816347902,GMP
CACCTTCCTTGGAACTAA-1_larry4,-0.459627366,4.612766569,GMP
TGAGCTAGAGCACTGGAT-1_larry4,0.698215173,-0.178658928,GMP
GTGAGGACGTAGTAGTCT-1_larry4,-0.631524777,-0.613409365,MPP4
ATTGACACGAGTGAGAGA-1_larry4,0.288030797,1.786874597,GMP
AACGGAGATGGACAGATT-1_larry4,3.841702724,-2.944324191,EryP
TATGCCTTCCCATAAGTA-1_larry4,1.882745409,0.989808862,MPP4
ACGCACACTATTCACCTC-1_larry4,-2.103076672,0.917358344,GMP
CTGAGGTTAATTCACCTC-1_larry4,-1.436666226,1.7129615,GMP
TCTTAGCGATAATGTAGC-1_larry4,4.119252229,-2.783106739,MEP
AGCAGACAATGCATCGGA-1_larry4,0.282399947,4.214269941,GMP
CTGCGTCACCCTATTGGT-1_larry4,1.67921474,-2.379964049,MEP
CTGGACACTTGATGTGTG-1_larry4,1.695567513,1.565017288,GMP
CTAACCGGTATTCGCTTA-1_larry4,-0.217306351,5.931405847,MPP3
TAACATTGGTGAACGTCA-1_larry4,-0.593596673,4.835406606,GMP
ATGTGAGACCGGTGTTAC-1_larry4,-0.508493399,0.618049686,GMP
CTGGTAATCCAGCGTAAG-1_larry4,2.130062246,0.910711472,MPP4
CGGAACGAGACGATGACC-1_larry4,-0.449262714,3.303669756,GMP
CACTGTATCACGCACACT-1_larry4,2.216136718,1.584760492,GMP
CAGTTACTGCGACAGACC-1_larry4,-4.524503922,0.502811079,MPP3
CGTATAGCGAGCGTCGTC-1_larry4,5.017265582,-3.515273507,EryP
GTCAGCGTCTGGAACTAA-1_larry4,-7.487109399,-3.051270659,pre/pro-B
TCGCCAAGCAGCAAGTCC-1_larry4,-1.679678655,4.894439523,GMP
TGACGATGATAGTGCACT-1_larry4,5.143800521,-2.545657809,EryP
TAATCACGCGCTGGTAAC-1_larry4,0.24088096,1.2236777,GMP
GTTATCGATCCGAATATG-1_larry4,2.529650116,3.357085292,GMP
ATAAGACAGAGATCTTCA-1_larry4,4.522662664,-2.707298453,EryP
CATAGTATGAGCCTCGCA-1_larry4,1.157597983,3.312014167,GMP
CAAGTACGAGAGTTATAG-1_larry4,2.641726756,2.324311559,MPP4
TCTATGACACGTCAGCAC-1_larry4,2.070076132,-2.240934546,MEP
GTGTACCGTAGCTGCACT-1_larry4,3.657003904,-3.115442927,EryP
TGCGTCTTAACACACCGT-1_larry4,-4.125644421,1.348733728,GMP
TTATCCAAGGGACGAGCA-1_larry4,2.513849521,0.648549383,MEP
TAGCACACGTTAACGTTC-1_larry4,0.796064982,2.136927669,GMP
GTAGTGGAGCCTAAGAAG-1_larry4,-3.122863507,-4.238798077,GMP
CTTATTGAGGCGAAGCTC-1_larry4,5.073390269,-1.694865878,EryP
AATTGGATCTATCTAGGT-1_larry4,0.516952777,4.188427274,MPP3
CTTGTAACGGGTACGAGC-1_larry4,-1.598628974,3.130747621,GMP
GACCAGAGACGACAGGAA-1_larry4,3.495435262,-1.12446105,EryP
TATAGTGCGCACATGTGC-1_larry4,2.173595095,0.71904177,MEP
AGGTCCGTCACGAGAGCA-1_larry4,-2.164852595,0.836445873,GMP
CTGCATGTTCAACTAATC-1_larry4,3.901369357,-2.546792443,EryP
AAGTTCTCTTACCTCCTC-1_larry4,2.025015021,3.767862146,GMP
GCAGATCCGTTCCGCCAG-1_larry4,-0.814339137,-2.721040423,MPP3
GTCGTTAGACGTTCCATT-1_larry4,2.43796494,-3.14640754,MEP
GTTATCGATTCCACGTGC-1_larry4,-5.338532662,-1.621179397,pre/pro-B
CTGAGTAGCTACTCGACC-1_larry4,1.647645319,3.377935951,GMP
TGGAATCGTCTACGGTAT-1_larry4,1.132453406,-0.692441935,GMP
GACGTGGTCTTGGTAACT-1_larry4,1.061606521,-0.382572966,GMP
AGTGATGCGATCCGTCTC-1_larry4,-0.855253315,5.542430227,GMP
ACTCGTCTATCCACGTGC-1_larry4,2.667585635,-2.583780463,MEP
CGTGTATTCGTAACCATA-1_larry4,-5.089502549,-1.486931856,pre/pro-B
CACGCGTAAACGTTCAAT-1_larry4,0.885792756,-1.47480243,MPP4
GAGACGATCATGAGTGTG-1_larry4,2.870947623,2.556351965,MPP3
TTCGCATCCCCGGATTGC-1_larry4,6.333454395,-2.770574028,MEP
TGTTACTGATCGTGACGT-1_larry4,2.071275377,0.775753205,MPP3
GAGTGTGCCAAGTCATGA-1_larry4,2.896624112,-2.04499882,MEP
ACACCACATGCACCATCG-1_larry4,4.494875217,-1.334983761,EryP
GTGGATAAGCCTGCAGAT-1_larry4,-1.164381242,0.675685947,MPP4
TCACACTGCTCCAGCTAT-1_larry4,-2.051565385,-2.820034201,MEP
AATAACTCCGACTTGATT-1_larry4,-0.355314112,-0.360625411,MPP4
GCAGCTTGAAGACGGAGG-1_larry4,0.388902122,2.474357908,GMP
GAACATGACCCGATGTTC-1_larry4,2.676480556,-3.975013907,EryP
CTTACCTAGGTATGTATC-1_larry4,0.366171116,2.327998464,GMP
AGTCTAAGCGATCGCGAA-1_larry4,-0.455257273,0.347535794,MPP4
CGAGCCGTTGCAACCAAC-1_larry4,-0.186419761,2.323856895,GMP
CTATGGATGCATTCCGAG-1_larry4,-2.502429223,0.65841264,GMP
CGTGTATTCGGACAGATT-1_larry4,4.188944602,-2.567760165,EryP
ACGTTCAATATCATAGAC-1_larry4,-0.274159407,2.971217458,GMP
GTTAGATTGTCGTAATAG-1_larry4,-0.240134513,3.024439876,GMP
CGCATCTACGACTCTCAC-1_larry4,1.678415799,-1.326810653,MEP
GGTGAGTTCCTGACAGCA-1_larry4,4.247606063,-1.583462412,EryP
TCTGATGAAGTGAGGACG-1_larry4,5.132849479,-0.724372173,EryP
TCACGACAATCAACACTC-1_larry4,-1.226155376,-2.210673149,MPP4
GCGGTAAGTTACCGATTG-1_larry4,-0.485453462,2.136390512,GMP
TAGCACACGCCTATTCAA-1_larry4,3.700617814,-2.461836989,EryP
CATGTCCTGCTCGTGTCC-1_larry4,3.890537286,-1.603717382,EryP
TTCCTGCTACCTACTAGA-1_larry4,0.118538284,2.160314148,GMP
CACTACAGGTACCTCACT-1_larry4,-5.429882741,-0.573271806,pre/pro-B
CTTGATCTATAGCTAAGA-1_larry4,-0.8350384,3.15333349,GMP
TCCTTCAACCGACCACTT-1_larry4,-1.204195595,-2.848139698,MPP3
CCGCTATCCAGCTCGTCT-1_larry4,-2.266360974,0.993654196,GMP
CGGTTGCGACCTGTTAGC-1_larry4,4.023758197,-2.491309102,EryP
CTTAGGACTATTAGCCAC-1_larry4,1.800869489,1.977123087,GMP
CGATTCGAGAGTCGATCA-1_larry4,-4.590710854,0.468598728,MPP4
GGAATTCACCTCGCAAGA-1_larry4,5.367885375,1.76552469,MPP4
GAGTTATAGTGGTCGCTA-1_larry4,0.426388616,2.190747564,GMP
TAACCGTGACTGCAAGCC-1_larry4,-1.52371571,2.191425388,GMP
TGGTGCCTGACGCGACAG-1_larry4,2.821044469,-0.644405867,MEP
CCTACTAGAGTTGCTCAG-1_larry4,2.912007356,2.457970445,MPP3
GTTAGATTGCTGCAGAGC-1_larry4,-1.835252261,3.711311166,GMP
CTAGTTCCAATTGACACG-1_larry4,-1.545350528,3.274051015,GMP
CTCTCGATATTCGTGATG-1_larry4,3.756420636,-1.981341774,EryP
GCGAGCAAGGGTCTTGCA-1_larry4,2.578944707,2.825737064,MPP4
TCTGATGAAAACCATGGT-1_larry4,1.255622709,2.107805793,GMP
TGCGATACTAAGCAGCAT-1_larry4,1.315741623,2.099697654,GMP
GAGTTAACTTCTAGGATG-1_larry4,-1.04360733,1.831372564,GMP
CGAGCCGTTGCGGTAGTC-1_larry4,1.682375932,3.115038698,GMP
TATTGACTGGGTACGAGC-1_larry4,-0.412395453,-2.098303015,MPP3
GTCTGAGCCTAGTCGCAT-1_larry4,0.840614745,2.321784322,GMP
GTCTCCAGGGTCAATACA-1_larry4,0.947491342,1.02015764,GMP
CGGTAGCTTCTATTCCGT-1_larry4,2.092785978,0.842999404,MPP3
AGCCACTTCCCTTCCTCA-1_larry4,4.766191268,3.286264722,GMP
ATAAGTTCGAGACGCCTG-1_larry4,-0.990566945,-0.49248525,MPP4
CGCACTCTTGGAGTTAGC-1_larry4,-0.913665867,1.093109672,MPP4
GATGCGACGCGACGTACG-1_larry4,-1.116723513,-0.610611851,GMP
ATATTCGCAACTGTGTCA-1_larry4,3.589977527,-1.546232636,EryP
TTGCAGTCATGGACTGCC-1_larry4,-3.677599644,0.522771781,GMP
CCAGCCAATGCGGTAGTC-1_larry4,1.165171349,1.213723247,EryP
AACAGCAGTCCTAAGAAG-1_larry4,-2.482397294,-3.142735894,MPP2
TCCAAGTAAGCGATGGTG-1_larry4,-0.706893897,3.273875063,GMP
CTGGAGCGATTCCTTGAC-1_larry4,-0.733895039,3.480741565,GMP
TATACCACTGACGTTCAG-1_larry4,1.637660289,1.247402613,GMP
ATAGCTTGCGTGTTGGAA-1_larry4,1.516859555,3.611945217,GMP
CCGCATCCTACCGCTGTG-1_larry4,-0.756125665,2.386243646,GMP
GTATCGTCGTGAGTGACT-1_larry4,-2.162476277,1.020808404,GMP
CGGTGAGTCATATAGCGT-1_larry4,1.768514657,3.697689836,GMP
ACTCTAGGACGTCAGCAC-1_larry4,-2.262882685,-2.581714089,MkP 1
CTTCTCATCATTAGCGGT-1_larry4,0.261574888,0.515997295,MPP4
TAGCACTATCTAGACATG-1_larry4,0.196293557,4.181923215,GMP
TTGTTAGAGTGCAGCCTT-1_larry4,3.501388812,-2.622673209,EryP
TTCCAATTCCGCGTACTA-1_larry4,-3.06826756,-4.146100933,MkP 2
TACCTATCCAGATACGTT-1_larry4,0.375597859,0.909758513,GMP
TGATACCGTATATAGCGT-1_larry4,0.241650099,2.328558748,GMP
GTGCTCTTGATGCCTGTC-1_larry4,-1.13309524,1.348222797,GMP
GCCTTATCTTAGTACGTA-1_larry4,2.647894764,3.151912277,MPP3
TCTACGCAAACTGGTGCT-1_larry4,3.810831094,-3.035037453,EryP
CTCATGCCACGATTCGAG-1_larry4,-5.755445218,-1.428133185,pre/pro-B
ATAGAGCAGCCGAATATG-1_larry4,-0.255203879,2.384856765,GMP
GAGGACTTACTCCTGACG-1_larry4,-1.210150456,1.407883113,GMP
CTTCCTGATGACGTAGCA-1_larry4,3.742766881,-1.908990319,EryP
ACCGGTTACGCACAACTC-1_larry4,-1.142197466,-2.632751639,HSC/MPP1
AAGACGAAGATACAACCG-1_larry4,-0.460073089,2.530577962,GMP
ATAGTCAGTGCTTACTAG-1_larry4,-1.022702074,-1.062301869,MEP
GCGGTAGTCAAGTTGCCA-1_larry4,2.973978782,2.821389024,MEP
CGTGGTACCCAGAGCACC-1_larry4,-5.907645917,-1.673174436,pre/pro-B
GCGGTAAGTACTCGTAGG-1_larry4,5.94724443,-2.571259196,EryP
CAGCTGGAGCAAGAGAGT-1_larry4,-0.890882826,-2.750085766,MPP3
CGAAGAGGTGCAGGAGAA-1_larry4,2.333322072,2.669408624,MPP4
AACGGAGATCACATTCTG-1_larry4,4.520158076,-1.318425949,EryP
CTACCTGCGGCGTGAGCT-1_larry4,-0.883179164,-2.244445617,MPP3
CGACCTGTAGGTAACTAC-1_larry4,-0.337570047,6.480916326,MPP4
GTCTTCATACCGATCTCT-1_larry4,3.037781978,-0.896410699,EryP
GTCGAGTACAGTGAACGG-1_larry4,-4.512054181,0.396499043,MPP3
CTTGCACAAGTAACAGTC-1_larry4,0.254060203,2.092925375,GMP
GTGGTACGGCACGCGTAA-1_larry4,1.032253707,-1.935732777,MPP3
GCGAGTCTATATACCACT-1_larry4,0.692095825,-1.802678878,MPP3
TAGTACGTATAGTAGTCT-1_larry4,0.034977698,2.892376249,GMP
CCGATCAGCTCGATTCAG-1_larry4,1.377552593,1.583536332,GMP
CGTGACCAGTCCAATCAT-1_larry4,-0.630570626,3.170073335,GMP
CATGGACTCCTCAGGTAC-1_larry4,-1.443134284,1.182694023,MPP4
CCTAGTCTCAGTCATACT-1_larry4,2.506652975,-2.920021708,EryP
GTAAGGTCCTCTGTGAAG-1_larry4,-0.854515171,1.851804321,GMP
GCTGTTCGGATCAAGCAT-1_larry4,-1.914536214,-1.015315289,MEP
AAGGAAGTCCAACGTCTT-1_larry4,2.275311852,-2.713914568,EryP
CAAGAGAGTTGCCAGACG-1_larry4,3.330560947,-3.1916694,EryP
ACAGTATTGGTCTTCATA-1_larry4,0.484472537,2.200442855,GMP
ATGCCTTCAGGTAGACAT-1_larry4,-1.481006598,3.484038656,GMP
ACGCGTGACCACTGCTTA-1_larry4,1.657567406,3.21735913,GMP
TCACTCGCTATTGATCAC-1_larry4,3.993540073,-2.088701661,EryP
TGAGAGGACTGCTTACGG-1_larry4,-5.671253896,-2.027419622,pre/pro-B
GGAAGAAGCCTCGTTCAC-1_larry4,0.154663408,-2.251085455,MEP
ACAGCGGTCCGTTAATGG-1_larry4,1.753477717,1.217099731,GMP
GCGTATAGGAGTGAACGG-1_larry4,2.063495302,3.838129823,GMP
AGACGCCTGTGAGAATCC-1_larry4,2.798268342,-2.554418023,EryP
TGTAGGTTATGTCAACCT-1_larry4,-0.951220846,1.705000465,GMP
TGTACACGAGAAGGATCA-1_larry4,1.976595307,0.790129607,MPP3
CAACTCCAGCTAGGTACT-1_larry4,-2.167772746,0.309546237,GMP
TATGACCGAGGTGAGCGT-1_larry4,3.98969152,-2.158465202,EryP
TAGGATGCCATTCCTACG-1_larry4,-3.448790288,0.636819308,GMP
GGAAGTATGCAGTGCTGC-1_larry4,4.569809222,-1.935906703,EryP
CGACCACTTATTAAGACC-1_larry4,-6.598216271,-1.867698128,pre/pro-B
TAGCCTTGTCAGATCATT-1_larry4,3.523769403,-1.905457075,EryP
TACTCGCTGTCCTCGTCG-1_larry4,0.545814084,2.409129446,GMP
TCCACGTGCGGTAGTGTT-1_larry4,-1.702582812,3.714344328,GMP
ATAGTCAGTCTCGTTCAC-1_larry4,-0.022079801,2.771943157,GMP
GATCGCGAAGTATGTATC-1_larry4,4.54768374,-4.633236105,EryP
TATACGTGGTGCCATCTC-1_larry4,-4.762830949,2.117572372,GMP
TCAGTGTTCAGGAGCAAT-1_larry4,-5.184243417,-1.391303475,pre/pro-B
TGTAACAGTAGCCTCTAG-1_larry4,-2.679029441,0.533065443,MPP4
CCACATTAGCAGTGCCAT-1_larry4,4.917491222,-0.964987929,EryP
GTGTTGGAACAGCCGCAA-1_larry4,0.376732999,2.907074993,GMP
TCCGATCTGTGCCAGACG-1_larry4,3.551773811,-2.844726975,EryP
AGACCAGCTACTCTGCTC-1_larry4,0.123446548,2.830819194,GMP
GCCACGAGTAGATATGGA-1_larry4,0.331079626,0.948399608,GMP
CCTGCTCCACGTCATGGA-1_larry4,-5.466180062,-0.716321553,pre/pro-B
CCGGTTCTAATCTCGAAC-1_larry4,1.707276726,0.094982659,MPP3
CTGTCTAGTTGCTCACAC-1_larry4,4.990117335,-2.898478682,EryP
AGTTACAAGCAATCAAGT-1_larry4,-2.283496833,2.23330838,GMP
TAGCTGTTGATAAGTTCG-1_larry4,-0.511939144,0.369293337,GMP
ATTAGCGGTCCACGCCAT-1_larry4,3.112903381,-0.039815063,MEP
ACTCGAGTCTCCGATAAC-1_larry4,2.163531804,3.354921882,GMP
TGGTAACCACGGTCGACA-1_larry4,3.656090999,-2.461246188,EryP
TCAGAGCGTATGGAGAGT-1_larry4,1.576561415,-1.59856611,MEP
CATTATGTCTGGAGAACC-1_larry4,-0.956028318,2.663086956,GMP
GGTCCTGGTGACACGCAA-1_larry4,1.803888583,3.645640199,GMP
ACAGCATCACGTCTGTCC-1_larry4,-3.103515124,-4.226993496,MkP 2
GAGTCACCACTCGCTACG-1_larry4,-0.158925569,-0.458880822,MPP3
CAAGAACCGGGTTGAAGG-1_larry4,1.958445335,0.794633691,MPP3
TGTGCCATGAACTGCGAC-1_larry4,-0.854088998,2.434237783,GMP
GATCGCGAAGGTGTGACC-1_larry4,-0.489278769,3.875424211,GMP
ACCGAGTAGGCTGTTCGG-1_larry4,4.140540624,0.727784102,EryP
CAGTGCCATTGATACCGT-1_larry4,-0.33572284,0.690399115,MPP4
CTAACACTGACATCGTCC-1_larry4,-0.568270659,2.599640672,GMP
ATCAAGCATAGTATGACG-1_larry4,-5.151837563,-1.259202118,pre/pro-B
CCGACTTGGTGAGATCAT-1_larry4,-0.905287599,3.337553566,GMP
CATCGAAGCTCGCTGATT-1_larry4,-0.697842693,-0.408785979,MPP3
TGTCAACCTACGAGCTTC-1_larry4,2.561030412,-0.791728492,MEP
CCGGATTGCATAAGTTCG-1_larry4,0.663982741,2.494753187,GMP
ACGCGTGACAGTCCAGTG-1_larry4,4.06923964,-3.061765606,MEP
AGTGTGCACGGTTGAAGG-1_larry4,0.148717189,1.728368108,GMP
CCTATTCAAAGACTTCGT-1_larry4,3.45229342,-2.211930687,EryP
GAGGTCCTTCATCAATAG-1_larry4,-0.079590535,4.020067041,GMP
CGTGCAAGGAGCTCGTCT-1_larry4,0.03018024,-0.945910628,MEP
CAACTAATCGGTTAACAG-1_larry4,3.609916234,-0.140543247,EryP
GCCTGCATCAATACTCCG-1_larry4,-0.787061429,2.166233366,GMP
TCGCGTCATACTCGTCTA-1_larry4,2.607076311,3.130171125,GMP
CCGTACGGACTAGTCGTC-1_larry4,-2.089083171,-2.786256487,MkP 1
TTAGCGTCTAATTGGTGA-1_larry4,0.980221117,-0.375735904,GMP
AAGTCATGAGCCGTTGTT-1_larry4,1.020595247,-0.87026083,GMP
GAACTGCAAGCGAGCAAG-1_larry4,-0.465162372,-1.445055659,MPP3
TTCCAATTCGCAGATCCG-1_larry4,2.620768094,-0.603836651,MEP
GCGCTACCTTCGCATTCG-1_larry4,0.940847093,2.057105129,GMP
GAGACATTGAGTTACAAG-1_larry4,1.131197655,-0.506282101,GMP
GTAGCTACACAGTACATC-1_larry4,-5.585767484,-1.205000276,MPP4
CACTGCTTAGAGTTATAG-1_larry4,-2.314278817,-2.72840565,MkP 1
CTTCCGTGGGCTCTGTGT-1_larry4,-7.530550217,-2.910077031,pre/pro-B
TGCTGCGTCAGTAATCAG-1_larry4,1.395106638,1.988527124,GMP
TCAAGGTCGCCTGCGTTA-1_larry4,4.261808181,0.340073054,EryP
GGTTCAGACCTATGGATG-1_larry4,-1.306544041,3.227757995,GMP
GTGATGTGCTATTGCTAC-1_larry4,2.885276818,-1.625353272,MEP
AAGCATTGCTCCACCGGT-1_larry4,-0.419350719,3.139400308,GMP
GAGTCGTACGCGACCTGT-1_larry4,4.750135684,-1.738453443,EryP
GAAGTGTGACTGGAGCGA-1_larry4,-1.14762423,-0.411933782,MPP4
ATCTCGTGAAAGACTGGT-1_larry4,-1.362689233,0.53725559,GMP
CGTTCCATTGTGGACTGG-1_larry4,4.356044793,-1.566322977,EryP
AGTCGCCGACCTGTATCT-1_larry4,6.036534572,-2.651655371,EryP
TATTACAGCAGCGTAGAA-1_larry4,-0.773134684,1.182439392,GMP
TCGGTATCAGGTTCAGAC-1_larry4,-0.842762446,-0.07589076,GMP
TCTCGTATCTCGCTGTAA-1_larry4,-0.130034721,3.027758901,GMP
CTTATCTCACCGCAACAC-1_larry4,2.715188289,-2.594128306,MEP
GACGTGGTCGAACGCTGT-1_larry4,1.423234189,1.801649396,GMP
GGTGTTCATTGCCGCTAC-1_larry4,-1.020045495,2.691582267,GMP
AACTTAGCTCTATACTAG-1_larry4,3.018937373,-1.831713612,EryP
GCGCTTCTCGCGGACGAA-1_larry4,3.204336667,-0.052029694,MEP
GTGGTACGGCCTCTTGTA-1_larry4,3.188274169,-1.454766447,EryP
AGGAAGGTGGGAGATGAG-1_larry4,0.489828596,4.171472852,MPP4
TTAGCGTCTCGTCTGTCC-1_larry4,-5.741701817,-1.337454255,pre/pro-B
ACCGTACGCGGACTCCTT-1_larry4,4.093590284,0.865782683,EryP
AACCATGGTATGTGAGAC-1_larry4,2.246426845,-2.100023563,MEP
GAGCAGGAAACGACATCT-1_larry4,2.859305167,-2.622499163,EryP
GAGTGTGCCTCGCGTCAT-1_larry4,-5.858288026,-1.493842299,pre/pro-B
AGAGGTGAATACGAACTC-1_larry4,-2.967833495,-1.328734691,MPP3
ACGTCGCTCACGTCTATG-1_larry4,-2.530282712,-3.108925278,MkP 1
AGAGGTGAAATGAGATCC-1_larry4,-5.670879578,-2.028147514,pre/pro-B
GTCAAGATCACCGGAGTA-1_larry4,-4.570469594,0.458630865,MPP4
GCGAGCAAGGTACGCGAT-1_larry4,-3.954634881,1.376130407,GMP
ATGGACGTTAATGCGTGC-1_larry4,5.600572848,2.157885377,MEP
GGATCAATGTCGATTCAG-1_larry4,0.481160858,-3.826396162,MEP
GCTAGTGGAACACACCGT-1_larry4,2.892223621,2.1278773,MEP
TCACGCGACCAAGAGAGT-1_larry4,5.831700111,-0.464575584,EryP
GTATCCTGCTAAGTACAC-1_larry4,3.664661193,-0.301515024,EryP
TACAAGAGGCGGTAGCTT-1_larry4,3.995695138,0.966264074,EryP
CAGCGTAAGCAGTGAGGA-1_larry4,3.584655547,-1.779606636,EryP
ATCTACATCTAGACACGT-1_larry4,0.056062663,1.586677139,GMP
GAACTATGGACGGACCAT-1_larry4,-0.125694787,6.135988538,MPP4
TCTTAGCGACATAGAGAT-1_larry4,2.08385756,1.385999744,MPP4
CTGTCACTTTGAGGTCTC-1_larry4,4.02237227,-2.972810919,EryP
CGACCATCAACGTCTATG-1_larry4,-2.538063264,-3.334438975,MkP 2
ATTCATGTGTAAGCCATT-1_larry4,-5.707529282,-1.329956586,pre/pro-B
GCGATATGAAGGTCACGT-1_larry4,-1.132685399,4.798682993,GMP
CATACAACCTGGTCTACG-1_larry4,6.09517839,-3.258930857,EryP
TCTACATCCCAATCATAC-1_larry4,-1.784055686,0.540758019,GMP
TGTCCATAGCATTCGAAT-1_larry4,3.829892659,1.124984686,MEP
TACGAACTCGGAACTGCT-1_larry4,2.5034832,2.697856014,MPP4
GTCAACTGAACTCCAACT-1_larry4,-1.354143834,3.728716199,GMP
GCGAAGACAATATGTCCA-1_larry4,2.646887207,-1.723907764,MEP
ACACAGAACTACCTATCC-1_larry4,-1.349300599,-0.005674238,GMP
TGCGACGTTTGGACTGCC-1_larry4,5.796120429,-0.477058018,EryP
TGTAACAGTTAGATCTGT-1_larry4,4.197584176,-0.882374818,EryP
GCCTTGTGAACTCGAGTC-1_larry4,-0.780667281,-2.199768717,MPP3
AGTAATCAGTGGTGGTAA-1_larry4,-6.597472405,-1.740736659,pre/pro-B
CTGACAGCATCTAATACC-1_larry4,4.213113094,-1.822875554,EryP
AAGACTACCATGTGAGAC-1_larry4,1.420314574,-1.386082585,MPP4
GTACTCTACACGTACTGC-1_larry4,2.11972394,3.665891712,GMP
CAGAGCACCAGACATCCA-1_larry4,1.900328183,-1.456249173,MEP
CGTGGTACCTCAACACTC-1_larry4,-0.591576433,2.110015218,GMP
TAATCACGCCTGACGGAT-1_larry4,0.721392879,-1.675637181,MPP3
CAGGTTGTCCAGCTCTTC-1_larry4,-0.371285295,0.968891804,GMP
TTGCAGTCAGCATACATG-1_larry4,-0.768568969,6.294549768,GMP
GGTCGGTCTGAGAATCAG-1_larry4,-0.389271831,-1.660557444,MPP4
ACGTCGCTCTAGTACGTA-1_larry4,-5.731885648,-1.25946557,pre/pro-B
GCCGTTGTTAATCTCCTA-1_larry4,2.276589775,3.699034517,GMP
ACATTGACAGGAGCATCT-1_larry4,-4.288949704,1.160526102,GMP
CTTCTCATCTCCTCGTCG-1_larry4,-1.779328799,2.207341497,GMP
GAGGACTTACTTATCTCA-1_larry4,1.615220869,0.432491069,MPP4
TGATGGACAGTTATCGAT-1_larry4,1.400574172,1.355208342,GMP
CCACTACCAACATGGATT-1_larry4,5.258488441,2.285480325,MPP4
GACCAGAGACTGTAGAAG-1_larry4,0.778702983,-1.177024717,MPP4
TGAAGACCACATCCACCG-1_larry4,-1.344002461,5.202505891,GMP
GTAACGCGAAATTGGATC-1_larry4,2.17125442,-0.942568119,MEP
TGTAGATCGGAGTCGTAC-1_larry4,0.329440588,2.215654914,GMP
CACTTCCTTGCATTGATC-1_larry4,0.647977956,3.997463529,MPP3
GAGTTATAGTTCAACTAC-1_larry4,-3.358177399,2.259014432,GMP
ACTCATTCACGTGCAAGG-1_larry4,-0.107405758,-1.774952824,MPP3
ACAGGTATCCATCCACCG-1_larry4,0.753890211,0.620506589,MPP4
TCCGGAGCTGCGCTTCTC-1_larry4,-2.30868361,-2.439906056,MkP 1
GGATTCGTCTCAGTGCAA-1_larry4,-0.399316287,2.838702028,GMP
GACTGCCTGCTTAGAAGG-1_larry4,3.450605893,1.781864231,MEP
CAACGATCGCATATGCGA-1_larry4,-1.705455041,1.458001678,GMP
AGCGGTCTAGATCCGCAC-1_larry4,2.242020154,-2.278559859,MEP
GTCTCTTCAGCAACACCT-1_larry4,-0.684902167,0.918840115,GMP
GCAGCTTGATGGAATCGT-1_larry4,1.369381631,2.160018032,GMP
TATGATGTGTGCCGACTA-1_larry4,1.713386679,2.291059558,GMP
ACAGCATCACCGTTAGAC-1_larry4,0.519494647,-2.413354571,MPP3
GACTAGCATCCACTACCA-1_larry4,-0.090781724,2.685823505,GMP
CAGCAGTACCACAATAAC-1_larry4,1.735151673,2.113367622,GMP
CAAGAGAGTTAGTAACGG-1_larry4,-1.648874974,0.331960266,GMP
CCACGCCATTCCACCTCA-1_larry4,-3.232526517,2.501627271,GMP
TCGTGCCACGTCGTGTTA-1_larry4,-1.270313239,-3.083962853,HSC/MPP1
ATCGCCTCTGTCAGTTGT-1_larry4,-0.083971715,4.092862432,GMP
CAATGCATTAAGAGAACT-1_larry4,-0.100453055,6.078270738,MPP3
CCACATTAGACTAACCGA-1_larry4,-0.879276252,4.915917699,GMP
GGAGTACAGACCGAGTAG-1_larry4,-0.807620859,3.089638536,GMP
AGCGGAACATGCTCCTCC-1_larry4,-1.030412531,-0.433043713,MPP4
TAATCTGGACTACTGTCA-1_larry4,0.631208738,1.032810395,MPP3
TGAACGGTTACTCCGGTT-1_larry4,2.280844832,1.49105603,GMP
TTGATGCTGCGACGTGAT-1_larry4,3.003391767,0.499503975,MEP
GATATGGACGACGTCAAT-1_larry4,2.682390475,0.841298168,MEP
TACAGGACTCTACCTGCG-1_larry4,3.107163692,2.447231834,MPP3
TAGCTGTTGGTCGCAGGT-1_larry4,5.011866832,-1.917938526,EryP
TGCTCACACTAATCTGGA-1_larry4,-1.669772124,1.181952303,GMP
AAGCCACACGATACACTA-1_larry4,-2.109028554,1.302265351,GMP
CTTCTCATCGTCCTAGTT-1_larry4,2.368013406,0.353065138,MEP
GCCGTGAACGTTGACCAT-1_larry4,0.114139819,1.898894613,MPP4
TGTAACAGTCTATTAAGG-1_larry4,3.691202903,-2.855117018,EryP
GATATGGACCTATGGATG-1_larry4,2.858593488,-2.593254263,EryP
CCAGTCTCAGACTAGCAT-1_larry4,3.465812946,0.073354815,EryP
GAGTATCGCCCTGTTAGC-1_larry4,-0.866709685,4.805458372,GMP
ATCCACAGTAGAGAGTGG-1_larry4,-2.192072129,2.29927284,GMP
GACTAGCATTGTGGTCCT-1_larry4,-0.428144431,0.381797617,MPP4
GATTCTCGGACTTCAGTA-1_larry4,4.4565871,-4.266645844,EryP
AGTGAGAGATGACCTATG-1_larry4,2.224882031,0.806102221,MPP3
TACGGTCGTTATGCCTTC-1_larry4,2.379675174,3.584917133,GMP
CAGCGTAAGCACCTACGC-1_larry4,-0.322716033,1.395561402,GMP
CAAGCCTCGAACAATGCA-1_larry4,-1.222020483,1.488170927,GMP
AGTGTGCACAAGACTACC-1_larry4,1.025141829,0.791375463,GMP
GCTTCTGAACTTCGTGCA-1_larry4,0.548771271,2.283637827,GMP
ATCTGGTAGATTGATCAC-1_larry4,1.538100386,-1.869530375,MEP
CTTAGGACTTGCCACCGA-1_larry4,-1.402773118,1.564037626,GMP
GCACATGTTTTGACCTGA-1_larry4,5.511976504,-0.649459029,EryP
CCTATTCAACGTGTCCGA-1_larry4,2.773992324,3.115140979,MEP
GTCCGCTCAGTGCGAGTA-1_larry4,-0.184642052,1.819120948,GMP
GCCTTAGAGGTTCAGAAG-1_larry4,-3.070046401,-1.315759833,MEP
AATACTCCGAACGCTCAA-1_larry4,2.772827172,0.711802428,MEP
GTTGACGTGTACGTTACC-1_larry4,2.525118852,1.083428447,MPP4
CCATCTAGGAGTCCGTGT-1_larry4,2.709934735,3.094489162,MPP4
ACTTCGCAGCTAACACTG-1_larry4,-1.74087069,-2.039322789,MPP3
GATGTCTAGGATCTGAAT-1_larry4,-5.450279927,1.476990049,MPP4
CGTGCCTATGTTGCTCAG-1_larry4,0.752109507,-1.141283626,GMP
ACGTCGCTCTCATGCTCA-1_larry4,4.565583968,3.377721136,GMP
TATTACAGCTCCAGCAGC-1_larry4,1.95346787,2.131594246,GMP
AGTAATGGTTCCTGTCCG-1_larry4,0.72901942,-1.658568795,MPP3
GTCATTCTAGGATCAATG-1_larry4,3.140473151,2.527284448,MEP
ATTCACCTCTCGTAATAG-1_larry4,4.728902602,-0.832057233,MEP
GTAGTTGGTATTCTCTGG-1_larry4,1.401399577,2.521736209,GMP
ATCTTACAGCACTTCCTT-1_larry4,-2.005433059,2.700160806,GMP
CATCCACCGTCTCAGGAT-1_larry4,-5.74691937,-1.693249996,pre/pro-B
GTTCAGAAGCGTGAGACT-1_larry4,1.432777608,3.339668577,GMP
GTAGCTACACTTCTGAGT-1_larry4,1.189442718,2.094838922,GMP
GCACAGTAATAGGAGCTA-1_larry4,-1.743497348,-0.388874705,MPP4
TGTACACGAAAGCCACAC-1_larry4,0.004732514,2.330492561,GMP
CCGATCTCTATCACTTCC-1_larry4,-0.326299643,2.326600378,GMP
CCACGGATCCCTCCAATC-1_larry4,3.149253392,-3.20724767,EryP
GTCACTATGTGTTACTGA-1_larry4,-0.079315162,2.704082792,GMP
TCCAAGTAATCCTGTCCG-1_larry4,1.883761668,3.338054245,GMP
CTTGGTCATGCTACCGAG-1_larry4,-0.880093908,-3.13009351,HSC/MPP1
AGGAATTGGATTGCCGAC-1_larry4,-0.491321421,0.182355111,GMP
CATCCACCGCAGCTGGAG-1_larry4,-5.631788945,1.358277505,MPP3
TAGGTTAGTCGACGTGAT-1_larry4,4.14866736,-0.832304771,EryP
GTCAATACAGTGCCATGA-1_larry4,-2.340791678,2.477270906,GMP
CATCAATAGTTAACGTTC-1_larry4,3.538389707,-1.781370456,MEP
GATCTGAATCCTGTCGAC-1_larry4,-0.575842833,-0.199713337,GMP
AACTGCGACGATACACTA-1_larry4,-0.418920493,-0.934069927,MEP
CGTCATGGACTCAGCTGG-1_larry4,0.115927839,2.87651736,GMP
AGTATGACGGGTCTTGCA-1_larry4,3.441504979,2.022126978,MEP
AATTGGATCGAATCACAT-1_larry4,-0.636437392,-2.798542912,MPP3
CGTCAGCACGACTCAGTG-1_larry4,-4.534451222,-1.483706648,pre/pro-B
CATACAACCGCGAGCAAG-1_larry4,-0.582290864,-1.681865866,MPP3
TACATGCACCCGCTCATG-1_larry4,0.029953683,0.047920441,MPP4
GTTAATTCGGGATGCTCG-1_larry4,2.067755127,-2.198768194,MEP
ACCGTCCTAAGTACTACA-1_larry4,-3.210393643,-0.988435919,MPP4
CTTCCGTGGTTGAGACGG-1_larry4,-2.661339497,2.627716367,GMP
AGACGCTATCCGTCAGGT-1_larry4,3.734492803,-1.858445938,EryP
CGCGCACATCAGTAATGT-1_larry4,-0.756635642,2.899924104,GMP
ATGCGGATTGGTGAGCGT-1_larry4,1.377291227,1.860053127,GMP
CGCATAACTTCTACGCAA-1_larry4,2.835395599,-0.729199434,EryP
CGTTACACCTGCCTGGTT-1_larry4,2.712416434,-0.75306421,EryP
GATCTACTTCACATGTGC-1_larry4,2.43555727,-0.614648129,MEP
CCGGTTCTACACCTCAAC-1_larry4,-1.58061502,-0.262562572,MPP4
GGTACGAGCTTGGACTTC-1_larry4,5.131783748,-0.030060644,MEP
TATAATCGCTGTCACATA-1_larry4,-5.982431149,-2.183412845,pre/pro-B
AACTTGTCGTGATGTGTG-1_larry4,-4.59667561,0.376054053,MPP4
TTCCGCCAGCCGATCAGC-1_larry4,-0.876722789,-1.975453551,MPP3
ATCTGCGTATCGTAGGAA-1_larry4,-1.191499328,5.073092287,GMP
AAGAGAGAGGCAGCGATA-1_larry4,-6.640527463,-1.756574209,pre/pro-B
CATGGACTCAACAACCTA-1_larry4,-0.270642733,-1.934102828,MEP
AATCCGCTGTAACACGAG-1_larry4,-2.557323432,-3.280786927,MkP 2
TAGACCGCACCGAAGCGT-1_larry4,1.813099885,-0.138212974,MPP3
CAGTGCCATAGAGCGCGA-1_larry4,-2.00797627,-2.643306906,HSC/MPP1
GGTTCTATCCATATGCGA-1_larry4,-1.863829827,3.837738817,GMP
TGCCATCTCACTTAGCTT-1_larry4,1.358858669,-0.320463101,MPP4
ATAACGACATAGTCGCAT-1_larry4,-3.274850583,2.365243023,GMP
CCTCGGTCACTATTCCGT-1_larry4,5.591325069,0.345275407,MEP
CGGTGTTACCGCTTGTAG-1_larry4,2.778536821,-1.922577555,EryP
AGTCCGTGTCGTCTGCTG-1_larry4,-0.36386702,1.529676859,GMP
GGATTACGCCGCTTGTAG-1_larry4,4.274113918,0.35286129,EryP
GCGAACTCGAAGTTCTCT-1_larry4,1.869391227,3.059203212,GMP
GTAGACTCTTGTAACAGT-1_larry4,0.494777376,0.814000671,GMP
CAGTCGGTAATACGAGGT-1_larry4,-2.018967366,-0.953448172,MPP4
GAGCGACTCGGACTATTC-1_larry4,4.134089971,-2.222308094,EryP
GAGCACATTCACTGTATC-1_larry4,1.719701553,3.086227005,GMP
CATGGACTCTGAGCTAGA-1_larry4,3.775514865,-2.906309779,EryP
AATCGCCATAGTAAGCCA-1_larry4,1.76830771,3.658700531,GMP
AGCACCAGCGTGACGTAA-1_larry4,4.52506187,-2.732073481,EryP
CACTACAGGGGAAGTATG-1_larry4,-0.131003177,4.628275697,MPP3
CCACCATGCTGTCGTGAG-1_larry4,6.085359836,-2.574633295,EryP
AAGGAACAGACGTGTAGT-1_larry4,2.865796352,-2.114169056,EryP
CTAGAGGTACTCTGTCAA-1_larry4,-1.134723162,5.783621614,GMP
GTAGTGGAGACGTCGCTC-1_larry4,-4.958944535,-1.405545051,pre/pro-B
GTCGTGTTACCTGTCATT-1_larry4,4.488374257,3.221549099,GMP
TATCGAGCCAAGCCAAGT-1_larry4,-1.04942677,-0.524714897,MPP4
AGTCAGTTGTGCGTGCCA-1_larry4,-5.454452252,-1.820973809,pre/pro-B
CGACAGACCTGGATTAGC-1_larry4,-5.399102425,-0.65563568,pre/pro-B
CACGATAGAAGCTTCGAT-1_larry4,-1.028522229,1.876248901,GMP
AGGATTGAGACTCTAGGA-1_larry4,-0.517657018,-0.805979605,MPP3
TAATCTGGATTCCAGATT-1_larry4,-5.974239087,-1.572333748,pre/pro-B
CCATCTAGGGCCGCCTAA-1_larry4,2.807580972,-2.451668436,MEP
GCGGACGAAAGTTCGATA-1_larry4,2.986758733,-3.975654299,EryP
CGCATCTACAAGTAGGAC-1_larry4,-0.71904788,0.411350494,GMP
AATCAGGAGTTGATGAGT-1_larry4,-0.208935356,0.692738597,MPP4
AAGACGAAGATGCGCCGT-1_larry4,3.663224244,-2.869910891,EryP
GCTTACTAGTATCGGAAC-1_larry4,-3.212041831,-4.218903,MkP 2
TAAGTACACGGAAGAAGC-1_larry4,-3.135180211,2.417314594,GMP
GCAACACCTACACTGTGA-1_larry4,5.388097072,2.081545894,MPP4
CCGCTATCCTGGAACTAA-1_larry4,-0.635910487,3.118705576,GMP
TGGTTATACGGAAGAAGC-1_larry4,0.947524572,-1.1326248,MPP4
TTGCCAGATCATGTCCTG-1_larry4,3.246324563,-1.745577867,MEP
TGATTGTGCAAGGATCGT-1_larry4,0.831661025,-0.003124322,GMP
ATGCTGTCGCCATGCGTC-1_larry4,1.887391114,-1.459127481,MEP
TGGACGAGAATGCAGTTC-1_larry4,-1.466710543,1.720973318,GMP
AATTGGTGATCTGTGAAG-1_larry4,3.266400838,-2.948302681,EryP
TGAGCAGATTATCATGCT-1_larry4,0.685950506,-1.227420325,MPP4
GAACTGCAAGCACCATCG-1_larry4,5.117827201,3.287490432,GMP
CATGGTTACATTGACACG-1_larry4,-1.246585822,5.361427133,GMP
CAGTGCCATACGTCGCTC-1_larry4,-0.472987151,2.615573709,GMP
TGGTGGTAACAGTTACTG-1_larry4,2.259088421,-2.105526264,MEP
TACAGTTAGGTCTCCAGG-1_larry4,-2.867449498,-1.332089598,MPP3
TAGCACTATGGTGAGTTC-1_larry4,1.607128763,-4.289570982,EryP
TGCGTATCTTAGGATTAG-1_larry4,-2.423241591,0.813175981,GMP
TGCGATACTGAACGCTGT-1_larry4,-5.394530511,-1.854896719,pre/pro-B
TGGATAGGTGCTTACGTT-1_larry4,3.674336934,-0.389274548,EryP
GCCAACAATTACCGCGTT-1_larry4,-0.675865388,0.183083748,MPP4
GCCATTAAGCGAGCCGTT-1_larry4,4.402557397,-2.545395548,EryP
TGCGTAATCATAGTGGTT-1_larry4,-1.435531354,-2.323678906,MPP3
AACGTCGAGGCGATGGTG-1_larry4,-5.98853848,-1.810409601,pre/pro-B
AAGCAGCATATAGCCTAA-1_larry4,0.416326666,2.410299604,GMP
GCTTACTAGTGCCAGACG-1_larry4,2.818550372,-2.068252141,EryP
ATTCGAAGACTCGTTCAC-1_larry4,-0.052192604,2.415569608,GMP
CCACGTTCTCCACCATGC-1_larry4,-0.70404849,2.813237255,GMP
GTGCTGACTGGTTCTATC-1_larry4,-1.57231543,3.623633926,GMP
CTCCTGACGCTCCAGCGT-1_larry4,0.112884903,-1.63319164,MEP
GCGCTAGAAACGCACACT-1_larry4,-2.018280244,-2.396549876,MPP3
GTAGCTACAGGTTGCTAT-1_larry4,3.684665704,-2.009782965,EryP
TAATCACGCATCAAGCAT-1_larry4,1.64923867,1.825153177,GMP
ACTGTAATCCACGTCATA-1_larry4,3.594985509,-3.432509596,EryP
GCCACGAGTTCAGGTGCA-1_larry4,-0.222296214,-2.46076792,MPP3
ACGGTGCCTATTGACACG-1_larry4,2.55082717,-2.719303782,EryP
GTGTCACACCGCACTGAA-1_larry4,-2.245889163,0.767309134,GMP
CTATCCATCACCATCTAA-1_larry4,1.110518778,0.59865809,MPP4
GCTCTGTGTCGTTAATGG-1_larry4,-4.187607026,1.328730528,GMP
ATACCGAAGCTGACGATG-1_larry4,4.341863656,0.235504692,EryP
GATCTTCGCTGGTGGATC-1_larry4,-0.717057681,-2.037084873,MPP3
GCTCTGTGTACACTGTGA-1_larry4,-0.680747962,1.155031388,GMP
CTTAAGTTGATCCGTCTC-1_larry4,-1.259735918,1.183762734,GMP
ACCATTCACGTGCACGAG-1_larry4,-2.869060492,-1.388900812,MEP
ACTCGTCTACATGGTTAC-1_larry4,-0.703572011,-2.03672188,MPP3
ATCTAGGTTCCTCCTTGT-1_larry4,-5.741769528,-1.54279011,pre/pro-B
CCTCAGGTGATCCACAGT-1_larry4,0.841811025,-1.379778202,MPP4
AGATGTTGGGAACCTTCA-1_larry4,1.934958959,3.089407985,GMP
CTGCAGAGCCCTAGTTAG-1_larry4,-0.101739383,-1.487597639,MPP3
AATACGTCTATGCTTCAG-1_larry4,-5.145325398,-0.255023542,pre/pro-B
GCTCAATGAGAATCGAGA-1_larry4,-4.522041058,-1.483677084,pre/pro-B
AGCACCAGCACCATCTAA-1_larry4,1.296670103,2.029833143,GMP
AAGCCAAGTTCATGCTCA-1_larry4,-4.499513364,0.202680533,MPP4
CGGAGACTTGACCACTCG-1_larry4,2.815491462,0.794733231,MEP
AGGTGTACACTTCCTGAT-1_larry4,-0.54677186,5.033733194,GMP
GTCGTTGCGATTCATGTG-1_larry4,3.562449241,-2.340128357,MEP
GTCGCAGGTACGCAAGAT-1_larry4,-0.413944816,3.31946141,GMP
TCACGCGACGATGCGGTT-1_larry4,0.342614108,1.385682528,GMP
TACATGCACCTTGATCTA-1_larry4,4.54512384,-1.58762532,EryP
TATGCCTTCAGCTGCACT-1_larry4,0.319792116,-3.871956522,MEP
AGAGCGCGACCGCTATCC-1_larry4,-0.714720106,0.413107936,GMP
ATAAGACAGAATTCGGAA-1_larry4,3.651809716,-1.352593834,EryP
TTGTATCACACACGTTGC-1_larry4,3.176138187,2.363587444,MPP3
GATCCGCACTCAGAGCGT-1_larry4,-0.132795966,2.856385772,GMP
ACACCGCCAGCTACCTTA-1_larry4,3.090909982,-1.832153137,MEP
AGCCAGGACGCAACACCT-1_larry4,-1.149720168,3.12884671,GMP
ACGGTGCCTAATATCGCT-1_larry4,-0.608059978,5.574642007,GMP
TCAAGCGTACTGTCTAGT-1_larry4,-0.242274558,-1.575574691,MPP3
ATCGGTGGTGTCACTATG-1_larry4,0.456880787,-1.189800496,MPP4
AACGCATTGGATACCGGA-1_larry4,-6.050397134,-1.971082504,pre/pro-B
TGAACGGTTCGATACTCT-1_larry4,4.307804847,-2.11922961,EryP
TGGTGCCTGAACGAGGTG-1_larry4,5.468597198,-0.339786636,EryP
TCTCGTATCAATTGGTGA-1_larry4,-4.066961503,1.395984476,GMP
TAGTAACGGCTAACTAAG-1_larry4,-2.008786893,0.347869997,GMP
CAGCGACGTGCACGCATT-1_larry4,3.647173667,-2.66472214,EryP
AACTTAGCTACCATCTAA-1_larry4,-1.641663527,0.302525883,GMP
CCTCTTGTAAATGCTATC-1_larry4,2.711736703,-0.769548888,EryP
TCCTCGTCGATCTACATC-1_larry4,1.003745282,-0.826081271,MPP4
GCCAATGAATTAACGGAG-1_larry4,2.08300879,-5.552531416,MEP
CAATGCATTCTCTCAGTC-1_larry4,-2.871627545,2.080728357,GMP
CGGACAAGTAGACATATC-1_larry4,3.071596408,-2.067162568,EryP
ACCATCTAATCGCTGTAA-1_larry4,0.498888189,-1.651687796,MPP4
AGGTCACGTCCTAGCAAT-1_larry4,-0.209790683,-1.799770648,MPP3
TGACCAAGTTACCTATCC-1_larry4,-1.868050551,1.933888261,GMP
ATTCTCTGGTAACACATC-1_larry4,-0.155003762,1.876882856,GMP
GGAGCTCAAACACACCGT-1_larry4,6.271884704,-2.902866061,EryP
GATTCCTCTATGAGCAGG-1_larry4,-0.634842729,0.119879519,GMP
AGTCGCGACAAGACGAAG-1_larry4,-0.242538667,1.304964964,GMP
CGACCATCAATAGCACGG-1_larry4,-2.353670811,1.907103603,GMP
TATTGCTACCTAATACGC-1_larry4,3.136839891,-2.20829397,MEP
GTGACGTAATATCGGAAC-1_larry4,0.123582506,4.118282144,GMP
CCGATACCGAGTCTAAGC-1_larry4,-4.601027703,-2.327879364,GMP
GTAGTTGGTGAACTGCAA-1_larry4,4.339097047,-1.494720633,EryP
GCCGTCTTCCCTGCAGAT-1_larry4,-5.72126553,-1.513115103,pre/pro-B
ATGCCTTCACATGGTTAC-1_larry4,2.455276394,1.20989043,MPP4
TTACGGACCCACGGAAGT-1_larry4,1.966983462,-2.672245915,MEP
CCGTCAGGTTATGACCGA-1_larry4,-3.30124042,-4.312444384,MkP 2
TTCCATACCGGAATTGGA-1_larry4,0.857710192,1.112992709,GMP
TGTCAACCTCAACACCTA-1_larry4,-1.162917828,1.930922096,GMP
CTGAGGTTAAATGTGCGT-1_larry4,1.286066318,2.016441171,GMP
CCAGTTACGCTGGTACAT-1_larry4,-0.352233744,2.709584301,GMP
TAACTCCGACAAGCGCAT-1_larry4,-0.671681857,1.217252081,GMP
AGCGTAGAAACGCGACAG-1_larry4,-0.687992191,1.083793347,GMP
GTTAGATTGAGTTCGATA-1_larry4,-1.931688762,3.328402107,GMP
AATATCAGCTGTATCGTG-1_larry4,0.849143186,0.832840865,GMP
GTATGTATCTCGTAATAG-1_larry4,1.238815689,2.008756464,GMP
CACAACCAGCCTATTCAA-1_larry4,-1.271139002,0.111762201,MPP4
GGTCCTAAGGAACGCTGT-1_larry4,4.216726566,-2.10797518,EryP
ACTGGTCAGTGCGTAATC-1_larry4,1.395594204,0.126139556,MEP
CTAGACATGCTATAGCTC-1_larry4,-1.178677773,3.085812395,GMP
GCCGCTATCTCCAGCTAT-1_larry4,1.97812357,0.953044956,MPP4
GGTTGAAGGACGCAAGAT-1_larry4,-2.399926162,-2.925808604,MkP 1
CTTGTAACGGCGATATGA-1_larry4,-0.350327945,3.414581125,GMP
ATTAAGACCTGCGTATCT-1_larry4,4.287992263,0.354694789,MEP
GTCCGCTCAGAACTCGTA-1_larry4,0.145293975,2.594649856,GMP
GGAACCTAGAGCGTAGAA-1_larry4,3.545677447,1.662176435,MEP
TGAGGTCTCTAGCTAAGA-1_larry4,3.672093415,-3.100674088,EryP
GAACATGACGACGTAGCA-1_larry4,-1.471194482,2.559681242,GMP
ACCTGCAGAAGCCGGATC-1_larry4,-0.383635974,3.094311779,GMP
AGTAATCAGGTCGTCGAC-1_larry4,2.655361676,2.515481536,MEP
CAACTAATCCCTGTCGAC-1_larry4,4.321065927,-0.117624054,EryP
TCACATACTTACGAACTC-1_larry4,0.99322834,-0.492948363,GMP
GTAGTTGGTAGCTGCACT-1_larry4,-0.577803945,-1.894499237,MPP3
GGAGCATCTGCAATCACG-1_larry4,4.637820268,-4.531560118,MEP
GTATGATCTCATCTCACG-1_larry4,0.265223587,1.303484862,MPP4
TACCTCCTCCACCAGAAG-1_larry4,4.888758445,-3.761697228,EryP
AGTTACAAGAGGTGTACA-1_larry4,0.037984812,5.930328672,MPP3
TCCGATAACACTATTGTC-1_larry4,2.812497163,2.340939348,MEP
GTGTCTGGAACAGGAACT-1_larry4,3.406562352,-3.258959229,EryP
CTCCACGTCACGCACACT-1_larry4,-0.080923176,-0.983976777,MPP4
AGCCTCTAGCCGTACGGA-1_larry4,-1.000480628,4.990223234,GMP
ACCGTCACGTAGGTTAGT-1_larry4,-4.931214547,-1.516775544,pre/pro-B
CCTCTTGTAAGCAAGTCC-1_larry4,-1.093215442,2.040560072,GMP
ATTAGCCACTTGAGCTCT-1_larry4,2.56087091,-1.577530916,MEP
GATAGTTCTCAGTACATC-1_larry4,-0.856419062,2.55506069,GMP
GTAGAGAGCAGAGGTGAA-1_larry4,5.0259197,-3.670174057,EryP
CTCGACGATGGAGAATGA-1_larry4,2.063046837,3.481731479,GMP
CTGACAGCAATGCGCCGT-1_larry4,2.152143979,3.369517629,GMP
CCTCTTGTATCAACACTC-1_larry4,-0.669083571,0.107893442,GMP
CGGAGACTTGTCGTCGAC-1_larry4,-0.359725571,1.43286926,GMP
GCCAATGAATCCTGTCCG-1_larry4,4.348621869,-2.026932771,EryP
GTCTCTTCATACGAACTC-1_larry4,0.311905706,2.409817045,GMP
CAACTAATCGCTTACGTT-1_larry4,1.063958758,1.438435381,GMP
TGCGTAATCCAGCAGTAC-1_larry4,-1.107672906,-2.726707394,MPP2
CTTGCGACCCTGGTAATC-1_larry4,0.760676065,0.225047891,MPP3
GATTCTCGGTAACGGATA-1_larry4,-2.133908248,-0.603035147,MEP
GGAACCTAGTCGGACAGT-1_larry4,0.306707019,0.90387625,GMP
CACCTTCCTCAGCTCTTC-1_larry4,4.203912521,0.735575383,EryP
CGCGATGTATGTAGATCG-1_larry4,4.45857122,-3.419612582,EryP
TCTGAGATAGGTTAACAG-1_larry4,5.182143951,3.141256158,GMP
CCATACGATAAGTCATGA-1_larry4,3.046797776,0.122681295,MEP
TCTAGTGACGTAGAAGTT-1_larry4,0.830400506,-1.337058003,MPP4
GTCACTATGCTGTGGTGG-1_larry4,1.032715613,-0.691489096,GMP
ACGCTCTTATATAATCGC-1_larry4,-0.420552707,6.38413841,MPP4
TGTGGTCCTGACATATGT-1_larry4,-0.232052958,-3.245180066,MPP3
TCTAGGATGGGAACTGCT-1_larry4,-1.097210979,-3.256659443,HSC/MPP1
CGTTGATCCGGATCAGGT-1_larry4,-2.140839553,3.443418567,GMP
TGGTCTACGCGACGTGAT-1_larry4,2.215222263,-3.626198466,MEP
TTACACCTTGATGCGACG-1_larry4,0.850624615,2.000077312,GMP
TGTCAACCTCGGAAGACG-1_larry4,-2.478013015,-3.073485787,MkP 1
ATTCTCTGGCAATGCATT-1_larry4,-1.932003712,1.286547844,GMP
GAGCAGGAAAAGCCACAC-1_larry4,6.332242751,-2.679325516,EryP
CGCACTGAATTCCGCCAG-1_larry4,4.573515916,-4.240466769,EryP
AATGCTGATTTACGGACC-1_larry4,6.28669622,-2.654712613,EryP
ATACGAGGTCACCTCGGA-1_larry4,-0.108308291,6.26182205,MPP3
TACGTTGGACGTATCGAA-1_larry4,-0.734628296,2.602892702,GMP
AATCAGGAGGAGACTCGA-1_larry4,2.971578145,-0.789166207,EryP
TGGAGTGGATTGACCTGA-1_larry4,3.732936168,-2.883053238,EryP
CCTACTAGAATAGTCTCC-1_larry4,-1.091287708,0.96090049,GMP
TGGTGCCTGTCTGAGATA-1_larry4,0.72259474,3.965801542,MPP3
TGTGCCATGACCGAGTAG-1_larry4,1.071172321,-0.760734106,GMP
GTAATATCGTACGACCAT-1_larry4,-2.009218907,1.223788087,GMP
GAGTCACCATCCACGTGC-1_larry4,4.831830764,1.252414053,MPP3
CCTTGTTGCTCAAGGAGT-1_larry4,-5.713024831,-1.429687674,pre/pro-B
CAACTCCAGACGTTCAAT-1_larry4,-3.190663075,-1.234533544,MPP3
AGATCGAGTGTGGTACGG-1_larry4,4.3089185,-2.586688693,MEP
TAGTCGCATAGATACGTT-1_larry4,-1.146282649,-1.010082776,MPP4
ATTCCGTACAGTAACGTA-1_larry4,0.084584618,-1.873436387,MEP
CTGAGGTTACAAGCCTCG-1_larry4,-3.339436269,2.340175455,GMP
CGATACTCTGAACCTTCA-1_larry4,2.806316638,0.025020843,MEP
CAAGAGAGTTCCTGAGAC-1_larry4,-1.474192118,3.367844408,GMP
GGTCTCATGAGTGACGAT-1_larry4,-2.175060725,0.661333983,GMP
TCAGTGCAAGGTAAGGAT-1_larry4,-6.105900979,-2.407100375,pre/pro-B
GAGTCGTACTCTCGATGC-1_larry4,3.668687129,-2.187408979,EryP
AGTCCAGTGCGGTGAGTC-1_larry4,-5.713826871,-1.571105773,pre/pro-B
CACTACAGGTGGAACTAA-1_larry4,-3.290247655,-1.150164123,MPP3
TCTAATACCTCAGCTCAG-1_larry4,5.875558162,-2.680448944,EryP
ACACCACATTGGTGGATC-1_larry4,-4.271251416,1.296273654,GMP
GGAACTGCTAGCAGACAA-1_larry4,-3.20769093,2.415085857,GMP
TTACTAGTCCTTAAGTTG-1_larry4,-1.112345314,5.85531122,GMP
TGGAAGATTTCGCTGATT-1_larry4,2.716064716,-1.677416499,MEP
ACCACGCTACACCTTCCT-1_larry4,5.189685607,3.59942991,GMP
AGCCACTTCATGCTTCAG-1_larry4,-1.264927125,4.847740476,GMP
TGACGATGATACAGTTAG-1_larry4,1.072496081,2.260111873,GMP
CGACAGACCTAGACCGCA-1_larry4,4.036094451,0.849834626,EryP
AATAACTCCGTGCTCTTG-1_larry4,3.474212432,1.937026565,MEP
GCAATCACGCGTCATGGA-1_larry4,2.979619765,-3.382212336,MEP
GAGATGTATCTCGTCTTG-1_larry4,2.047050262,3.634700363,GMP
ACAGGAACTGCTGTTCGG-1_larry4,2.610036159,-1.420461829,MEP
CTTGTAACGTGTATCGTG-1_larry4,3.679332519,-1.916915948,EryP
AATGCCTCAGAATTCAGT-1_larry4,-4.506385064,0.765577023,GMP
TGTCCATAGCCTCCTTGT-1_larry4,-1.181503987,2.662891691,GMP
ACGAGAGCACGCTTATGA-1_larry4,-3.131029582,-0.407168853,GMP
CCGTTCCAAAGATACGTT-1_larry4,0.772807123,-0.566096182,GMP
GCCTTCCATTTCATTCGC-1_larry4,0.129653895,2.576502388,GMP
TCGTAATAGTGGTGGATC-1_larry4,1.779845023,2.046718423,GMP
TTCCTTGACCGTATCGAA-1_larry4,2.804289842,-2.78761452,MEP
GCTTGGTTCGAAGTGTGA-1_larry4,0.096057379,-2.286341722,MPP3
CAGATCATTTGCCGAACT-1_larry4,0.369912231,2.216569011,GMP
GCGTGATACTGATTCACC-1_larry4,-0.637586689,5.840952222,MPP4
CCTAAGTCTGCCGTCTTC-1_larry4,5.026741767,-1.706815417,EryP
CTCTGCAAGTGATTGTGC-1_larry4,1.174917126,2.243362968,GMP
CAGTAATGTCGGATTCTC-1_larry4,-1.066765523,2.936753576,GMP
GCGTTCAGATGATCGGAA-1_larry4,4.399325156,-1.114191587,EryP
TCATGCAGGAGCGTCGTC-1_larry4,2.882774854,-1.937784131,EryP
GATGTCTAGGGAGACACA-1_larry4,0.41738736,2.320683782,GMP
TGCAGCCTTAGTTAGGTC-1_larry4,4.165979409,0.68269146,EryP
TCGGACAGTGTTAGAGAC-1_larry4,0.948648894,-1.790980394,MPP3
ACGAGAGCAGAGACTCGA-1_larry4,-1.725834107,-0.540463383,GMP
CACGTCATACACGATAGA-1_larry4,0.899875099,-1.693975503,MPP3
GTGAACCACACTCGCTGT-1_larry4,-0.373171663,5.421742265,GMP
TAAGTGTAGTAACACGAG-1_larry4,-0.616896486,-0.16053086,MPP4
GGTCTCATGGCTTAGAAC-1_larry4,-2.6743891,-0.33659838,MPP4
TGCTCAGCGCTTAATCGT-1_larry4,3.035852933,-0.761124576,EryP
GCCACATGGTAACGTGTC-1_larry4,0.711784461,-1.019725854,GMP
CTAGTCGTCCAACGTCTT-1_larry4,-1.917308068,1.04493851,GMP
TGATGTGTGACACTGTGA-1_larry4,-2.497900224,1.1071474,GMP
CCGATCTCTCTCCTATCT-1_larry4,4.974418426,-3.057111914,EryP
GGTCTTGCAATAAGACAG-1_larry4,-0.193768179,1.532925313,GMP
TGGATTAGCTCCAAGTAA-1_larry4,-0.810258007,-3.057462389,MPP2
TGATACCGTGCACCATCG-1_larry4,5.89062717,-0.478589411,EryP
ATCTCGAACCCGCAACAC-1_larry4,0.875612998,1.93873245,GMP
CAAGCTGCACTTGCACAA-1_larry4,-0.401595449,1.268207734,GMP
ATCAGTCGAACACACGTC-1_larry4,-3.545140958,-1.157775278,MPP4
CCGGATTGCAATACCTTG-1_larry4,4.957624698,-3.065049107,EryP
AACGCTCAACACGACTCA-1_larry4,6.009424949,-2.294256623,MEP
CGTATTCCTCTGCTGCTT-1_larry4,2.020459438,2.824575727,MPP4
GGTACTTCCGCAACACCT-1_larry4,0.313066596,0.754857724,MPP4
AGTAACGTAGAATTGTTG-1_larry4,2.233946228,1.463913148,GMP
CTTACCTAGAATACGTCT-1_larry4,0.439459914,2.139271085,GMP
GAGCAGGAAGGTCTTGCA-1_larry4,-5.311314797,-1.867070968,pre/pro-B
CTGCAGAGCTTATGAGGA-1_larry4,-3.60619185,0.347008114,GMP
GGAGTACAGGGAGCTCAA-1_larry4,4.255031371,-1.126230056,EryP
CTTGGTCATGGAAGTATG-1_larry4,0.962317908,0.008543288,GMP
GCGAGCAAGGTCGAGTAC-1_larry4,-1.480319714,6.182834928,GMP
CAATGCATTCATGGTTAC-1_larry4,0.519172692,-2.754581864,MPP3
GTGAGGACGTGATTCACC-1_larry4,-0.555229759,5.308767622,GMP
CAGCGACGTACCGTACGC-1_larry4,-1.753598189,-2.702089722,HSC/MPP1
TTGAGACGGACACGTTGC-1_larry4,-1.185340977,-2.880071814,HSC/MPP1
GACACCGATATGCGCTAC-1_larry4,-0.385800934,6.496922796,MPP4
GAGCGACTCGATATGGAC-1_larry4,1.802118921,-1.336667354,MEP
ATGGACGTTTGGATAGGT-1_larry4,2.108724618,-0.341936017,MEP
CAACGATCGTGGTCCTAG-1_larry4,-4.471506333,0.96110863,GMP
CCTGCGTTATGCATACAT-1_larry4,-5.70754025,-2.018860753,pre/pro-B
ACCTAGTTATCTAATACC-1_larry4,-0.693324423,-3.015351946,MPP2
CTGTACGACTCGTGACGT-1_larry4,-1.006120896,-1.352958138,MPP3
CATACGCAGCTGATGCAC-1_larry4,3.359546209,-3.47899049,EryP
TTGATGCTGATGTGACGA-1_larry4,-5.980499005,-2.029474075,pre/pro-B
TCTTAAGTGCCAGATCAC-1_larry4,-1.515746093,0.341095095,MPP4
AGTGTCTCTGGTGATAGG-1_larry4,0.014215672,2.756253784,GMP
ATAATGTGGTCAGGACTG-1_larry4,1.864095116,-1.616308029,MPP3
ACGATGACCGAGTCACCA-1_larry4,3.656911159,-1.43855768,EryP
CCATAGCCATAGCAGAGT-1_larry4,-1.38400743,2.898305481,GMP
GCTCCTAGCCAATCAAGT-1_larry4,2.590963745,-4.064404185,EryP
TCAAGGTCGCCGATCAGC-1_larry4,2.537342334,-2.71434396,EryP
GAGACTCGAGCCACGAGT-1_larry4,-2.048992371,3.091801946,GMP
CTAGTATAGTAACGTGTC-1_larry4,-0.465803361,-0.472140486,MPP4
GCGAGTCTATACCTATCC-1_larry4,2.565469527,-3.736518319,EryP
ATATCAGCCTCCGTATAC-1_larry4,-5.624935841,-1.716399486,pre/pro-B
ATTCGAAGAAAGCTGAGG-1_larry4,-0.865035629,1.969019239,GMP
CGTCATGGATCCTCTAGT-1_larry4,2.208906198,2.803782766,MPP4
TGAGATCATCCACGAAGG-1_larry4,4.161144042,0.755565827,EryP
AGAAGTCCTTCGCATTCG-1_larry4,-5.623801446,1.466682856,MPP4
CACGGATAGAATCAGGAG-1_larry4,2.632803464,-1.772174175,MEP
CATTCAGTTCTCGCTACG-1_larry4,-0.271557844,2.318637436,GMP
CAGCTAGTTCGGTTCTAT-1_larry4,-5.776469922,-2.616653378,pre/pro-B
GTTCAGAAGTAGACCTAC-1_larry4,-0.217884755,0.67504782,MPP4
TAGCGCAGCCCATACGAT-1_larry4,-0.557916856,1.972073143,GMP
CCGTAGTTGATCATGTTC-1_larry4,0.791373247,-0.033232416,GMP
TAACCGTGACTCTCAGTC-1_larry4,2.730665231,-2.936927731,MEP
ACGACATCTGGAGCATCT-1_larry4,2.922284866,0.0698022,MEP
ATAACGACATTCCAGGAG-1_larry4,2.114505673,1.154543107,MPP3
CAGCCGCAATAACATTGG-1_larry4,-0.706123447,2.116807048,GMP
TCTCGATGCGAGCACATT-1_larry4,3.458986783,-3.294786389,EryP
GAGATACACGAGTTAACT-1_larry4,2.493830705,-1.818963582,MEP
CATTGTTCAGATTATGCG-1_larry4,0.296468312,4.149095361,MPP4
CACGCGTAAACTCGCTGT-1_larry4,2.633056545,-2.689876254,EryP
CTCAGTGATCACGATAGA-1_larry4,0.09460088,2.399366682,GMP
CGTGCAAGGGTCAACTGA-1_larry4,2.005986118,-1.741825278,MEP
TCCTGTCCGTGTCAACCT-1_larry4,-0.483134007,3.180664127,GMP
TCCAGCAGCTGTCGTGAG-1_larry4,-0.471999621,-1.50129431,MPP3
TTACAGTGTGACAGGTTA-1_larry4,2.990552926,-3.838144715,EryP
ACAGGAACTGCCTTATCT-1_larry4,3.735621715,-2.848731453,EryP
CATCTCACGGACTCTCAC-1_larry4,-0.074470079,-1.285882945,GMP
TAAGTACACACCGAGACA-1_larry4,1.12261861,-1.809412892,MPP3
CCGCAGAATCTTGCGACC-1_larry4,0.222380006,2.333605115,GMP
GGAGACACAATGGACGTT-1_larry4,-5.756657338,-1.435379322,pre/pro-B
GCACAACTCGCGGTAAGT-1_larry4,3.0961869,-1.255512352,EryP
TCAAGGAGTAAGCCAAGT-1_larry4,-0.927155113,-3.053506787,HSC/MPP1
CTCTCAGTCATCCTCCGA-1_larry4,-0.554953074,1.800373619,GMP
GTCGTTGCGATGGACGTT-1_larry4,1.037050808,0.044908528,GMP
TTACACCTTGACAATGTT-1_larry4,-0.13412807,2.668603246,GMP
ACCACGCTAGTCTTCATA-1_larry4,-6.578702664,-1.708657081,pre/pro-B
CGAACAGAGACCATTCAC-1_larry4,-0.337234771,-1.471622283,MPP3
CTCTCGATAAGCGGTAAG-1_larry4,-0.433356261,-0.290081865,MPP4
GCGAAGACAAGCCGTTCT-1_larry4,4.505327964,-2.765172417,EryP
GAGGTGAGCATACCGAAG-1_larry4,-0.317285335,2.505700891,GMP
GTATGATCTGAGTCCAAT-1_larry4,2.612703228,3.171740596,MPP4
AATGCGTGCCGCATCTAC-1_larry4,-0.326781964,-0.349989268,GMP
GGAGAATGAGATCTGAAT-1_larry4,2.154823446,0.935504739,MPP4
CACTGTATCTCGATTCAG-1_larry4,-1.58157227,2.966284101,GMP
GACATAACGTAGACCATG-1_larry4,-0.81497786,6.161431615,GMP
CTGTAGAAGCCAGCCAAT-1_larry4,2.697352195,-2.472156937,EryP
ACACATCTGCGACCTGTA-1_larry4,0.242451275,3.956077402,GMP
CTGCTTAGGGATATATCC-1_larry4,-0.035386121,1.085138266,MPP4
TGCCTGGTTTTACCTCTC-1_larry4,-5.631732678,-1.413400466,pre/pro-B
TATTGACTGATTGACACG-1_larry4,-4.652423119,0.421635215,MPP4
AGCTTGGTGACAACGAGC-1_larry4,-0.505335665,2.780404155,GMP
CATCCTCTCACTAAGTTC-1_larry4,-3.896403527,1.576878254,GMP
GATCTGTTCTCTAATACC-1_larry4,2.404653216,-1.690533454,MEP
TGTATGTAGGAATTCAGT-1_larry4,3.074149156,-2.028007085,EryP
CCTCGCGTTCGGAATGCA-1_larry4,3.598396802,-2.998510773,EryP
TGCAGCCTTATCTCGAAC-1_larry4,-2.649816489,3.272136037,GMP
AGACATATCGTGTTCCAG-1_larry4,-0.470927572,-2.073586399,MPP3
AAGACGAAGTGAACTTGC-1_larry4,-3.502118802,-0.944040472,MPP4
TCACTACGTCCGGATTGC-1_larry4,-0.518002724,-0.152445326,GMP
ATGTGACGAACGACTGCG-1_larry4,-1.334778762,3.158947532,GMP
TTACCTCTCAGTCTGGAA-1_larry4,-2.025464749,1.452367251,GMP
TTCCAATTCCAAGAACCG-1_larry4,-4.638398385,-1.562058623,pre/pro-B
GCCTTATCTTCATATCGC-1_larry4,3.771648431,-2.75208133,EryP
TCGTTCTCCAGTATGACG-1_larry4,-1.06680367,3.045984571,GMP
GATGTCTAGCATACGCAG-1_larry4,-0.549750304,-2.010662372,MPP3
TCACCGAGGCCAGCCAAT-1_larry4,-1.099157548,-2.931449826,HSC/MPP1
GATAGTTCTTGCGTCTTA-1_larry4,1.836250568,2.157560175,GMP
CCTCGGTCAATAAGACAG-1_larry4,-0.993473625,3.129232948,GMP
AGCCAGGACCTCTGCGGT-1_larry4,-0.406097627,0.438092117,GMP
AACGGTAGCCATCCGACA-1_larry4,3.438760305,-2.283981974,EryP
AGGAGCAATCACGACTCA-1_larry4,4.453744197,-1.081439013,EryP
CCAACAACACTCCTATCT-1_larry4,0.170897955,-0.025863196,MPP3
AGAATCAGATGCCTGGTT-1_larry4,-0.983866906,2.970278328,GMP
ATCGAATCGAATTGGTGA-1_larry4,-3.314882016,-0.711402501,GMP
CCTAGAGTACACATTCTG-1_larry4,-0.537265634,0.511650686,MPP4
TATTACAGCAGTGATGCG-1_larry4,-0.406803703,-2.087594564,MPP3
TACAAGAGGACGTGAATC-1_larry4,-1.680175042,1.112297599,GMP
ACGTCGCTCTGATTGCTG-1_larry4,4.612058187,-4.467275317,EryP
AGTAACGTAATGTCCTCC-1_larry4,-0.658563709,0.997662251,GMP
ATGATAGCTTCTGGAGGA-1_larry4,2.866880679,2.440598552,MEP
CGTGCCTATGGAATTGGA-1_larry4,-0.285711324,0.580236738,MPP4
GCTGATGTCTTCCAATTC-1_larry4,-0.448690271,0.203728055,GMP
TCTACAGTTCCTCGCGTT-1_larry4,0.095264936,0.832012837,MPP4
CTACGGTATTGGTCTACG-1_larry4,3.952316547,-1.174323673,MEP
TGCAGATGCCCATCTAGG-1_larry4,-3.454066968,-1.109090502,GMP
CTTAGAAGGTCCTCTAGT-1_larry4,0.428686345,2.187699859,GMP
GGAGATGAGTTCCAGATT-1_larry4,2.563965583,3.124937599,GMP
CTGGACTAAGGTAACTAC-1_larry4,3.780963445,-3.02373069,EryP
TCACGACAAGGTCCTAAG-1_larry4,-1.490159488,2.676954811,GMP
CTTCCGTGGAGTCGCCGA-1_larry4,-5.891742444,-1.707851107,pre/pro-B
CGTGCCTATAAGACTGGT-1_larry4,3.656559491,0.841448014,MEP
CCAACGGAACCTTGTTGC-1_larry4,-5.94782803,-1.561036045,pre/pro-B
CCACGTTCTCGCGATGTA-1_larry4,4.634336496,-4.016146595,EryP
GTAATATCGTCGGTATCA-1_larry4,4.676355148,-4.357109721,EryP
AGGTATTCCCGACCATCA-1_larry4,3.86954453,-3.184311325,EryP
GTAGACTCTTCTCCGCGT-1_larry4,-0.673624253,3.253732746,GMP
TGGTCGCTATCCAACGTG-1_larry4,-0.273030019,0.675684159,MPP4
CAAGAGAGTATGACACAA-1_larry4,-1.144543743,2.524616306,GMP
GGTGCGTAGGAGTCAAGG-1_larry4,2.948711419,-2.408191855,EryP
GCCTTGTGAGCCACATGG-1_larry4,-0.754687643,-2.168089445,MPP3
AGCCAGGACAGCAACATT-1_larry4,-5.780026173,-1.399954612,pre/pro-B
GAGGACTTATCGTAATAG-1_larry4,-1.031672096,2.999929016,GMP
TCCGGAGCTCCTACTAGA-1_larry4,0.407951856,2.213275497,GMP
TGATACCGTTATCCTCAG-1_larry4,4.430092359,-3.34765857,EryP
TGAGAGGACTATACGGAT-1_larry4,4.091057086,0.392273848,EryP
CGACGTACGGGTCCTAAG-1_larry4,-0.253001666,0.897117322,GMP
CACCTCAACAGCCTCTAG-1_larry4,-0.235041892,-1.260883028,MPP3
TGCATCGGACATCCACCG-1_larry4,-3.406086659,-1.094772215,MEP
GTAACTCATGTCTTCTCG-1_larry4,2.783963466,0.351300662,MPP3
CTATTAAGGCGGTTCTAT-1_larry4,-5.786766743,-2.888118918,pre/pro-B
AGATCGAGTGTTGATGCA-1_larry4,-1.412256932,0.918244546,GMP
TGGAACTAAGTGCTGACT-1_larry4,-0.3617594,5.168974226,GMP
CCGATCTCTTACGTTACC-1_larry4,-0.573926782,0.355763738,GMP
AACAGATCGTGTACACGA-1_larry4,-0.313508308,2.617303436,GMP
GGATAATACAATCCGCTG-1_larry4,0.611647216,-0.543081621,GMP
TCATCTGTCGGAATTGGA-1_larry4,1.910344029,3.804646318,GMP
GGAGACACATCTAGTGAC-1_larry4,-1.041291332,-2.476407463,MPP3
GGTGAGCGTGTTCCAACA-1_larry4,-5.205205178,-0.875332947,MPP4
TTATCCAAGCAACCTGGT-1_larry4,-1.210253692,2.680754726,GMP
GGTACTTCCCGTGCCTAT-1_larry4,-1.311153149,2.420456951,GMP
GCGAGCAAGAGACCAGCT-1_larry4,-3.225515342,2.388202493,GMP
GTCTCCAGGTTCGTGATG-1_larry4,2.711526179,-1.697133715,MEP
TGAGATCATGTCGTTAGA-1_larry4,2.92293694,-3.876713927,EryP
ATGAGTGTGTACAACACC-1_larry4,3.997124219,-2.406251366,EryP
CGAATCCTGCTGCAAGCC-1_larry4,5.070779109,1.411074941,MPP3
AGCCGTTCTTTGGTAACT-1_larry4,4.999177718,-3.686384375,EryP
TGCCGCTACTCATCAGAG-1_larry4,3.802022004,-2.974977667,EryP
CATTCGAATGATTCTCGG-1_larry4,1.063040757,-3.883850987,MEP
TGCTATGAAGGAAGTATG-1_larry4,-0.189598894,3.054463928,GMP
CACATATCACGTCTGTCC-1_larry4,-0.570632791,2.893251007,GMP
TAGGATTAGCTTAGGACT-1_larry4,2.819294715,2.687827652,MEP
TGTCGTGAGCTCGTGTCC-1_larry4,-2.140454745,1.578747814,GMP
TCTATGACACCAGTCTCA-1_larry4,-0.759276962,-2.760180886,MPP2
CTGATCAAGTAGCTAAGA-1_larry4,-5.517350888,-1.752885635,pre/pro-B
ATAGCCTAACCTCTCTAG-1_larry4,1.677796745,3.596026247,GMP
TAGGTCAACTAATGTAGC-1_larry4,1.257083738,-0.680507268,MPP3
GATGCGGTTGAGTGTGCC-1_larry4,-0.903294778,1.417837803,GMP
CACGTAGACGATGCGGTT-1_larry4,2.391401315,-0.438486839,MEP
GGTTCGCAAAAGCTTGCA-1_larry4,-0.549744344,2.356318538,GMP
CTGACAGCACAGCTGGAG-1_larry4,-1.222010708,-3.152828867,HSC/MPP1
CTGGACACTAATCTCCTA-1_larry4,0.140516603,2.682547634,GMP
TTCCATACCTGCAGTCGG-1_larry4,3.231575751,-1.820806796,EryP
TCACGCGACCAACACTCC-1_larry4,-3.224239087,2.437195842,GMP
AAGTACAGAGCGGACGAA-1_larry4,-1.147345519,3.08250243,GMP
ATAATGTGGTTCCAATTC-1_larry4,-1.354039645,1.867455785,GMP
CTCTAAGAGGTGAACCAC-1_larry4,2.507062817,1.163253133,MPP4
TCGGACAGTGACCGTAGT-1_larry4,0.212729985,2.613717382,GMP
TTCCAGGAGAGCGGTCTA-1_larry4,2.846452499,-2.996857817,EryP
CATTGACAAGGATCAATG-1_larry4,-0.983024812,3.123265092,GMP
CTGCAAGCCTCTTAGCGA-1_larry4,3.491386914,-2.885429079,EryP
GTGAATGCCCAGTTACTG-1_larry4,2.788369441,-1.444274957,MEP
ACCGAGACATCATCTGTC-1_larry4,1.874341631,1.914994543,GMP
TTCCTGCTAGATCGTTGA-1_larry4,3.879333043,-2.566937382,EryP
GCGAGCAAGACGACATCT-1_larry4,3.103400493,2.328893964,MEP
GGTCGGATACCTCTTGTA-1_larry4,-3.078168368,-0.61030447,MPP4
GTTAGAGACGCCACGAGT-1_larry4,0.346278006,3.7953952,GMP
AATCTGACCAGTCGTCCG-1_larry4,-0.540593123,3.34852082,GMP
CCGGATTGCAGGAAGGTG-1_larry4,1.350684309,-1.138792152,MPP3
CGTCGTCAATGATTATCG-1_larry4,2.658015752,-2.529149945,EryP
AGATGAGATCTGCGATTC-1_larry4,-0.838076567,2.606362407,GMP
TGATTCACCAGTCAGTTG-1_larry4,4.205423379,-1.57970422,EryP
AATCCTCGTACTATTGTC-1_larry4,-2.180047488,2.043277328,GMP
GTCGCAGGTGGTAAGTGA-1_larry4,5.034131789,-3.118162806,EryP
AAGAGAGAGCCTCGGTCA-1_larry4,-1.375327325,0.192533259,MPP4
TCAGACAAGTCAGCTCAG-1_larry4,-1.344342685,5.934779947,GMP
GTAGCATACTATGAGACC-1_larry4,-0.746921277,-3.183975155,HSC/MPP1
GTAACCATAACCTGTACC-1_larry4,-0.946183419,5.437470739,GMP
GTATGATCTCTTCTGAGT-1_larry4,3.525030637,-1.764280374,EryP
CCGCATCCTGCGTAACAA-1_larry4,-2.65065763,-3.346436198,MkP 1
AGGAGCAATAGAGGTGAA-1_larry4,-0.536223745,6.039602583,MPP4
ATCAAGAGACAAGTCACT-1_larry4,-2.249867415,-0.244712016,MPP4
TCCACGTGCCTGCTTAGG-1_larry4,1.315104747,0.590725069,MEP
GGACTATTCTGTGAGTAT-1_larry4,-1.414711213,2.498996322,GMP
ACATCGTCCCTGGTACAT-1_larry4,1.271621728,-1.369423325,MPP4
GCTCTGTGTTCTAATACC-1_larry4,4.459060693,-4.539053614,MEP
CCATATCTTAGTGTCTCT-1_larry4,-0.863748646,3.148729866,GMP
CTGATCAAGCGACAGACC-1_larry4,3.050797725,0.198662912,MEP
TCCAATCATTGCCTGGTT-1_larry4,-1.839458442,-2.332084353,MPP3
AACGCTCAACTTATCTCA-1_larry4,0.743688563,0.017579918,GMP
TTACCTCTCAGCCTCGCA-1_larry4,1.092157358,2.405556743,GMP
CACCTCAACTAGACCTAC-1_larry4,-2.042536712,-0.920036788,MPP4
CTAACTAAGGTGTCCGTG-1_larry4,2.268641138,3.463722532,GMP
CGATTGAACCTCGACGAT-1_larry4,3.673918033,-0.301203697,EryP
GCTTGTCCTAGTGGAATG-1_larry4,-5.183850503,-1.671363528,pre/pro-B
TGAGAGGACCCGCTCATG-1_larry4,-0.540616608,0.242285853,GMP
TTCCTTGACCAGTGCCAT-1_larry4,2.208758736,-1.069901879,MEP
ACCTAGCACCGTATTCCT-1_larry4,1.632149065,1.195637648,GMP
GAATCACATTACAAGAGG-1_larry4,-5.638379788,-1.338830764,pre/pro-B
TGCCTGGTTTATCAGTGC-1_larry4,-1.086969828,2.849900549,GMP
TGATTGTGCATAGAGCAG-1_larry4,-4.407180047,0.991213148,GMP
CACGGATAGGCATACATG-1_larry4,-1.271965957,-2.5141558,MPP3
AGGATTGAGGCCAACAAT-1_larry4,4.401353145,-1.239449496,EryP
CCGATCTCTCGAGCTTAC-1_larry4,2.201232815,3.520662372,GMP
GCTGGTTCGATACCGCTT-1_larry4,2.410415197,-2.276649768,MEP
GAGCACATTACACTGTGA-1_larry4,-1.093029713,3.077928131,GMP
GGTCCTAAGCTGGTCGGT-1_larry4,4.937279487,-2.759123022,EryP
AACGTTCTTACATGACTA-1_larry4,3.592305207,-3.452332671,EryP
ATCTCGTGACTTGGTCAT-1_larry4,2.158736491,0.843980019,MPP4
ATCGATCCTCGTGCTTGA-1_larry4,-2.370106673,0.615093176,GMP
AACGCCTACAGTAATCAG-1_larry4,-0.483235693,2.648118084,GMP
CATGTGAACCGTATTCCT-1_larry4,-5.538623071,-0.799508746,pre/pro-B
TGTTACTGACAGCGTAAG-1_larry4,-0.401133871,1.17713124,GMP
CCACTACCAACCTGCAGA-1_larry4,1.036852354,-1.156385178,MPP3
TCGGATGTTCATCCTCTC-1_larry4,-0.724216437,-3.064978774,MPP2
GTTGCATGGATATTCGCA-1_larry4,-5.798891282,-1.281442459,pre/pro-B
TGATTGTGCCAGCTTCGA-1_larry4,-0.276306188,0.629009788,GMP
TATTGACTGTACCGCGTT-1_larry4,1.902117515,1.215553825,MEP
CAGCTTCGACCTGTCGAC-1_larry4,-1.985628104,-0.740528996,GMP
AGCGGTAAGAGCTTGGTG-1_larry4,-1.663932299,5.599693601,GMP
GTCTGAGCCCCGCACTCA-1_larry4,-0.240214443,2.406707113,GMP
TGTATGTAGTAGATAGCC-1_larry4,3.894625926,-2.584187443,EryP
TAAGCCATTCGACCACTT-1_larry4,0.843192274,2.858501737,GMP
TACTCGACCGCGATATGA-1_larry4,-3.345264172,-1.033887322,MPP4
ATGCTTCAGTGAGTGACT-1_larry4,-7.412963128,-2.891856844,pre/pro-B
TCGCGTCATATGCCTTCA-1_larry4,0.353066737,1.856962507,GMP
GCTACAATGCTGGAGCGA-1_larry4,6.444287563,-2.674420292,EryP
GCCATCGCTTCATATCGC-1_larry4,4.473354125,-1.67023998,EryP
TAGACCGCAAATCTCCTA-1_larry4,0.938505912,2.265430038,GMP
ATCGTAGTGCGCGATGTA-1_larry4,-1.523421502,2.831408565,GMP
ACCTGCAGAGCCTGCATC-1_larry4,-1.002427912,3.455940311,GMP
CACTTCCTTCGAGTAGCA-1_larry4,1.85398128,3.518999641,GMP
GCGCTTCTCTTACTTACG-1_larry4,2.574347043,3.305348461,GMP
GATGTTACACTCTGCAAG-1_larry4,-3.973414635,1.51766104,GMP
ACATCGTCCTCCACGTGC-1_larry4,2.589318776,-0.575442786,GMP
ACACTGTGATACGTTACC-1_larry4,0.840391034,2.990588968,GMP
TATGTATGCAGTGTGCAC-1_larry4,3.68967464,-1.927522356,EryP
CCAGATCACAGGAATTGG-1_larry4,-0.178339875,2.337805097,GMP
ATGGATATCTATGAAGAC-1_larry4,0.478783751,1.668053334,GMP
TTCTGCCGAAAGGATACG-1_larry4,4.70148828,3.429680889,GMP
TGCCGACTACAGGTTGTC-1_larry4,1.966416621,1.65237016,GMP
CTATACTAGAGTGTGCAC-1_larry4,4.983331943,-3.574128086,EryP
CCGGTTGAGATTGCGCTA-1_larry4,-0.906452274,-1.292026932,MPP3
AATCCTCGTCAGTGCTGC-1_larry4,3.635093475,-2.231777484,MEP
AGATCGAGTGAGACATTG-1_larry4,-5.88131926,-2.15655082,pre/pro-B
TTCCAATTCCACCAGAAG-1_larry4,-0.416757321,3.740888898,GMP
GTATGATCTTGCTGCGTC-1_larry4,4.579080606,-2.89025181,EryP
TGGAGAGTGTACGACCAT-1_larry4,1.899175191,-2.386109526,MEP
CCGGTGGTTTTATTCGAC-1_larry4,-6.025390839,-1.809090669,pre/pro-B
CTGGAGCGATGTGAGTAT-1_larry4,2.023915434,-0.64121067,MEP
AGTACGAATCAAGCCTCG-1_larry4,0.630947359,2.274136608,GMP
TCAGGACTGAACTCCATG-1_larry4,-1.113686538,2.633493726,GMP
CGCGCACATCTCTGTCAA-1_larry4,-1.642369246,-1.987330611,MPP3
AAGCTGAGGACTTCAGTA-1_larry4,3.217259193,0.155042296,MEP
GTTCCAACATCCAGCTAT-1_larry4,1.580209816,1.195550149,GMP
GGTACGAGCGTGATGTGC-1_larry4,-0.223987198,1.591167395,GMP
AGGAAGGTGGTAGTTGGT-1_larry4,2.597228313,-2.128330285,MEP
CCATATCTTCCTCGGTCA-1_larry4,0.164737189,2.168336694,GMP
ATGAACTAGTCGCTGATT-1_larry4,4.643501544,2.804779356,GMP
CTTGATCTAAGACCAGCT-1_larry4,-1.016844725,2.292135542,GMP
CAGCTGGAGAATGCGTGC-1_larry4,4.129753137,-2.450092728,EryP
AATAGACGCGACTCTGGT-1_larry4,0.005630577,2.631400411,GMP
GAGTGTGCCGACGTAGCA-1_larry4,-1.862052417,0.65384311,GMP
TGCGTAATCTGCTCCTCC-1_larry4,4.048323894,0.537211602,EryP
CATCCGACACATAATTGG-1_larry4,-5.933988786,-1.142850394,pre/pro-B
CGTGTATTCGTATGATCT-1_larry4,4.453601384,-3.18351763,EryP
TGTAGATCGTATAGTGCG-1_larry4,4.8297117,-1.832902248,EryP
TTATTCGACTTGGACTTC-1_larry4,2.123039746,1.595966642,GMP
GTACGCGATTGTGAGTAT-1_larry4,0.599946277,-1.798591072,MPP2
GAGCCGTTAAGGTCCGTC-1_larry4,2.639115358,0.325282459,MEP
GAGCCGTTATGGAAGATT-1_larry4,-0.234162783,1.8088041,GMP
TAGACCGCAAGCGTAGAA-1_larry4,1.722346926,-0.813101168,MPP4
CAACTCCAGCTCGTCTTG-1_larry4,2.296869183,1.479028409,MPP4
TTGAGACGGTAACTCCGA-1_larry4,4.534559989,-2.967608864,EryP
TCGTCATTCACGACTGCG-1_larry4,-0.19807539,-0.593248541,MPP3
CTGACAGCAAGTACTACA-1_larry4,1.19970932,1.77633292,GMP
GCTTACGTTCAGTGCTGC-1_larry4,-0.628698802,3.123815363,GMP
TGTAGGTTAAGTTAGGTC-1_larry4,1.726557756,1.743838375,GMP
TGCTATGAAGTATCCTGC-1_larry4,-0.640163994,6.479759042,MPP4
GCCGCCTAACAACTAATC-1_larry4,-1.403463101,2.308223789,GMP
AACGCTCAACGGAACGAG-1_larry4,1.736271882,-2.774126942,MEP
GCACAACTCCGCAACCTC-1_larry4,1.249998534,3.089172666,GMP
TCGGAACGAGCATGTAAG-1_larry4,3.58382895,-1.883405263,MEP
GATCCGCACCATCCTCTC-1_larry4,4.005715871,-2.714664156,EryP
GGTTGAAGGTTCATCCAA-1_larry4,5.576319957,-0.302010968,EryP
GGTTGAAGGTTCCAGGAG-1_larry4,0.116163159,-0.651677157,MEP
CTACGTTGGGGTCGGTCT-1_larry4,3.583701873,-0.172880712,EryP
AACAGCAGTAGTAGAGGA-1_larry4,3.455324197,-0.191839139,EryP
TCGGAACGACTTCTATGA-1_larry4,5.489375377,-2.183548982,EryP
GCGACCTGTACCATTCAC-1_larry4,1.653925324,1.05094928,MPP4
CCGACGTCAATCTCTGCT-1_larry4,2.498994374,0.623000209,MPP3
GTGACTCTCTTGTATCAC-1_larry4,-1.226297355,3.100112264,GMP
ATCAAGCATTGGACTGCC-1_larry4,2.755587602,0.320263212,MEP
AGTGGAATGGAGCATACA-1_larry4,-1.409690356,3.257450883,GMP
CCGTTAGACTGTATCGTG-1_larry4,3.933976436,1.004626458,EryP
AGAGGTGAAACTGGTGCT-1_larry4,2.66396811,0.887175505,MEP
AGTAAGCCATGGACGAGA-1_larry4,0.132586086,2.412944143,GMP
TGCGATACTAGTTGAGCG-1_larry4,-0.681668973,4.075784986,GMP
AGAGCGGAGCCTAGAGTA-1_larry4,-1.546760773,0.387061124,MPP4
CTATTCCGTGCGCTAGAA-1_larry4,-3.546390748,-1.01966625,MPP4
TTAGATCGGCTGAGATAG-1_larry4,1.140583897,-2.220211441,MEP
CACTACAGGTGTGGACAA-1_larry4,3.497357631,-0.71205246,EryP
TCTAATACCGCTAGCTCC-1_larry4,1.297441507,1.729488676,GMP
CACTGCTTATAGCCAGTG-1_larry4,5.914901042,-2.775988991,EryP
GACCAACAGTCATCATCT-1_larry4,0.745316187,3.927938287,MPP3
TTGATGAGTTGCAGCCTT-1_larry4,0.029782796,0.092387413,MPP3
CGTCTGCTGAATGCAGCG-1_larry4,-1.570979333,0.446934943,MPP4
AGCGGAACACGTATTCCT-1_larry4,-1.63994286,3.073664014,GMP
ACGAGAGCAGTACCTAAC-1_larry4,1.99126699,-5.499291594,MEP
AAGCTTGCAAGTCAGTTG-1_larry4,-0.076644933,5.86462671,MPP4
CGAACAGAGCTTGGTCAT-1_larry4,0.452331269,0.782215183,MPP3
TCATCAGAGATCATGTTC-1_larry4,1.505463565,3.106564109,GMP
CCTTAATTCTTGGACTTC-1_larry4,4.996344829,-3.492849524,EryP
TATCACCTGGGTCTTGCA-1_larry4,0.189543986,3.184587305,GMP
ACTCTAGGATTATCCAAG-1_larry4,0.367074484,1.249041622,GMP
CGGACAAGTTCCTGAGAC-1_larry4,1.651380027,1.752537553,GMP
ACGAGAGCAACTCTGCTC-1_larry4,2.184024596,-2.330079491,MEP
CAGTGAGGACATATGCGA-1_larry4,-0.769844031,0.711939399,GMP
ACCGGTTACAACTTGTCG-1_larry4,0.001847589,-1.60668617,MPP3
GAGTCTTCGCGCTTGTAG-1_larry4,4.741387153,-1.370023067,EryP
ACGAGAGCAGGAAGAAGC-1_larry4,-3.188266969,-4.179652388,MkP 2
TGCAGCCTTGGATCAGGT-1_larry4,0.963575983,-1.062985594,GMP
AGGTCCGTCAGAGCGCGA-1_larry4,-3.560817456,-0.105586956,MPP3
CTCGAACTGAGTGACGAT-1_larry4,-0.198492801,3.110719507,GMP
AGCAAGTCCGATGCAGAA-1_larry4,-1.39634583,4.989083593,GMP
GTAGAGAGCTCAACACTC-1_larry4,-7.580702996,-2.900674756,pre/pro-B
ACGCTCTTAATCTTACAG-1_larry4,0.839134672,-0.845745618,GMP
TTGTTAGAGACTCGTCTA-1_larry4,2.437947297,-1.502052958,MEP
TGCAGCCTTTGCCAATGG-1_larry4,-1.488978362,3.09654886,GMP
AAGTTCTCTCCGTCCACT-1_larry4,5.068392062,-1.819785054,EryP
CGTACACACATATGTCCA-1_larry4,3.446509147,-1.847384984,MEP
TAGCACACGCTCCACGTC-1_larry4,2.027686978,-0.182690273,MEP
ATCTACATCCGCGCACAT-1_larry4,2.119855189,-2.579909975,MEP
AGTGTCTCTACTTCAGTA-1_larry4,0.76162252,-0.13954557,GMP
AAGTACAGAGTCCGTAAG-1_larry4,0.021413052,2.167414968,GMP
TTCATCCAACGACCACTT-1_larry4,2.70020082,0.93917865,MEP
TGCCACCGAGCAACACCT-1_larry4,-0.449197745,1.0349353,GMP
TCGAACGCTTCGCGTCAT-1_larry4,-0.255066788,1.896736925,GMP
TCGGATGTTCCACACAGA-1_larry4,-4.293117738,1.395150964,GMP
TCTACAGTTCTCCTATCT-1_larry4,3.618502879,-2.971527512,EryP
CCGCATCCTCTAATACGC-1_larry4,-1.514832473,3.720917528,GMP
ACTTCTTGGATATCAGCC-1_larry4,1.242006028,-1.402498538,MEP
GCAGGAGAAGATAGTTCT-1_larry4,-1.263325906,3.060067003,GMP
CGTTCGTACTTACCTCTC-1_larry4,-0.771759605,0.527392571,GMP
TCGCTGATTAATGCGTGC-1_larry4,-2.189366317,2.213181322,GMP
AATGCACTTTACGAACTC-1_larry4,-0.912367797,-0.576615686,MPP4
TACTCGACCAACGCATTG-1_larry4,-1.453522897,2.468954389,GMP
GTCTGACGTTAATCACGC-1_larry4,-5.680481171,-1.603214557,pre/pro-B
ATATGCAGCTGCCTTCAG-1_larry4,4.437633777,3.01010186,GMP
AGACCAGCTGACATAACG-1_larry4,0.699324285,-1.571887429,MPP3
TTAGTCGGAACTCTAGGA-1_larry4,4.940944457,-3.089273627,EryP
GAACATGACTTCGCTGAG-1_larry4,1.110608334,2.155087774,GMP
AGTAAGCCACGTCATGGA-1_larry4,-3.104637599,-4.104535992,MkP 2
ATCATGTTCGCGAAGCTC-1_larry4,-5.798042512,-1.304533656,pre/pro-B
TCAAGCGTACCATCTAGG-1_larry4,3.799976134,-1.804237182,EryP
ATTGATTGGTAACGGATA-1_larry4,-0.947539902,1.515175884,GMP
ACGAGCTTCCCTAAGAAG-1_larry4,-4.183640218,1.326928442,GMP
CTCATGCCAACACACGTC-1_larry4,1.0226345,0.823012059,MPP4
CCGATCTCTGTCGCAGGT-1_larry4,-7.542052483,-2.765732701,pre/pro-B
TGTCGTACAGTTGCTCAG-1_larry4,4.281516814,0.058661943,EryP
AGACTAGTAGACGTGGTC-1_larry4,5.32413795,3.614042823,GMP
CTAGGTACTGTGGATAAG-1_larry4,0.255191976,2.276148384,GMP
CTCAGCTGGAGCGGTAAG-1_larry4,2.531308198,1.19177026,MPP3
GTGCGTTCCGACACGCAA-1_larry4,3.607701087,-0.065971593,EryP
TATTGACTGTACAGTTAG-1_larry4,-0.571650839,0.125083183,GMP
CCTAGCAATCATACGCAG-1_larry4,-2.288061833,2.139269178,MPP3
GCCTTGTGAGCGACCTGT-1_larry4,0.828328276,3.411475008,GMP
CAAGAGGAGGGACAGATT-1_larry4,4.249906326,-1.688709791,EryP
ATGAGATCCCCAAGTCGA-1_larry4,-3.100193,-4.166110451,MkP 2
AATGCTATCTGTGGACAA-1_larry4,-0.220212257,2.933956688,GMP
AGTCTAAGCCGCACTGAA-1_larry4,-1.871909833,2.538415258,GMP
GTCTGACGTGCTACAATG-1_larry4,1.038283253,0.111728256,GMP
AGCACACCTAGAGGTGAA-1_larry4,-1.029487586,3.35379154,GMP
TCCTTAGGTATCATAGAC-1_larry4,-0.056683814,2.828446453,GMP
CGAGCTTACGACCGGTAG-1_larry4,4.664385581,-4.263498242,EryP
GATTGAGTAGAGTGCATA-1_larry4,-0.277358985,2.156157081,GMP
TGTAACAGTTGCCTGGTT-1_larry4,2.770249868,-1.241627927,MEP
GCAGCGATACGTGCAAGG-1_larry4,1.33663472,3.911024873,GMP
TAGTCGCATGCGTAACAA-1_larry4,-6.330382085,-4.003662999,pre/pro-B
GCGACCTGTTATTACTCG-1_larry4,-1.960613942,1.514764731,GMP
CAACCGGTCATATAGCGT-1_larry4,3.586434388,-3.395088131,EryP
TGGTCTACGTCCTGAGAC-1_larry4,0.813473338,-1.332556899,MPP3
GCACAGTAAGTAACCATA-1_larry4,0.158173406,2.351559942,GMP
CTATCCATCACGCTCTTA-1_larry4,-0.302656984,3.163826768,GMP
TAAGGTGATCCGCTATCC-1_larry4,0.122278714,0.617070322,MPP4
CGTCTGCTGCTGCGATTC-1_larry4,4.28683188,-1.88691252,EryP
TTCGTGATGTAAGGTGAT-1_larry4,-0.581202602,-0.457143227,MPP4
GTCCACAACAAGCTGAGG-1_larry4,5.596962238,-0.512040029,EryP
CTATCTTGAAACAACTGG-1_larry4,-4.904388165,-1.734222109,pre/pro-B
AAGTCATGAACCAGCGTT-1_larry4,1.929470444,-0.156238,MPP3
ACAGCATCAGATTGGAAG-1_larry4,4.006770873,0.988875573,EryP
AACTAACTGTCCAGAACG-1_larry4,-3.139454102,-1.226760681,MPP3
ATCTGGTAGGTCATTCTA-1_larry4,1.955960894,-2.385998423,MEP
GTAACGCGATATTGACTG-1_larry4,0.226319009,0.732578938,GMP
ATAGCACGGTGTCCATAG-1_larry4,-4.497803426,0.773408597,GMP
TACAAGAGGGGAATTCAC-1_larry4,2.161686802,-2.374499733,MEP
GCGATATGATCCGGAGCT-1_larry4,-5.160304761,1.844820802,MPP4
GAGTCACCACTATTAAGG-1_larry4,2.179286742,0.784954612,MPP3
GACTATTGAGTCCACAAC-1_larry4,-0.121437526,3.234109228,GMP
CAACCGGTCCCGACGTCA-1_larry4,1.668815637,3.17655236,GMP
CGAACAGAGCTGCGATTC-1_larry4,-4.41101954,0.667353635,MPP4
GGAACCTAGACCGGAGTA-1_larry4,-2.631374574,-3.445433075,MkP 2
GAAGAGCACTTGCAGTCA-1_larry4,0.104776645,3.020336216,GMP
TGACCTATGATATCAGCC-1_larry4,-3.883982396,1.39101166,GMP
GACGGTGCTAATACTCCG-1_larry4,2.648351932,-3.874804671,MEP
GCCGCCTAATGTAGATCG-1_larry4,-0.375535464,-1.842900093,MPP3
AGGATCTCAGACTATTGA-1_larry4,-1.535952067,0.88725919,GMP
CCAATATACTTAGCGTCT-1_larry4,2.260942841,3.801207845,GMP
CTCTGTCAACAACCGGTC-1_larry4,0.264252776,2.29815418,GMP
CTTGCGACCAAGGATCGT-1_larry4,3.397827649,-2.466684277,MEP
CGTCATGGAGGTGATAGG-1_larry4,4.21590116,-1.919519837,EryP
CATGGTTACACATGACTA-1_larry4,1.459990525,1.921428983,GMP
GCGACAACCTTGAGACGG-1_larry4,-0.231069302,-0.412949945,MEP
CTTCTCATCATCGAATCG-1_larry4,-0.698767876,3.163823192,GMP
GTATCCTGCTACTTCCAG-1_larry4,-0.155780172,1.948240821,GMP
CCAGATCACCACCTCAAC-1_larry4,1.803561711,2.152910774,GMP
TCTGATGAAGTGTATCTG-1_larry4,2.752752805,-2.471008236,EryP
ACTCATTCAACACCGCCA-1_larry4,-0.723859167,3.061606233,GMP
AAGGATCGTAACGGTAGC-1_larry4,-0.930701113,-3.187477763,HSC/MPP1
AGCTCGTCTGGATCAGGT-1_larry4,-3.277369237,2.451639478,GMP
ACATTCCACTATCATGCT-1_larry4,-3.063966012,-4.202455218,MkP 2
AAGGAACAGATCATGTTC-1_larry4,2.483578706,-4.02451771,EryP
TGAGACAGCAGTACGAAT-1_larry4,-0.57270298,0.368583565,GMP
GTGATGTGCGTGATGTGC-1_larry4,4.661446357,-2.228993471,EryP
CTAGTATAGGTGGACTGG-1_larry4,-4.373354649,1.39378578,GMP
ACAATTCGGGAGACATTG-1_larry4,-1.599333262,-0.071369986,MPP4
GTACAATGCGCGGAGATT-1_larry4,6.315673137,-2.674680407,MEP
TCGAACGCTGCCATCGCT-1_larry4,1.842804694,2.096118991,GMP
CTGCGATTCAATCTCCTA-1_larry4,2.702014709,-2.792267497,MEP
TCGGAACGATGAAGACCA-1_larry4,-0.478570914,-1.008369918,MPP3
GAGGTGAGCTTACAGTGT-1_larry4,-3.28203485,-5.438891585,GMP
TATGGTTGGAAGGTCTGA-1_larry4,-0.01983068,2.79063422,GMP
TGGAATCGTTGACGGTTG-1_larry4,4.227519298,-3.344514067,MEP
AGTCTGGAAAGCAACATT-1_larry4,-0.063526785,2.450341528,GMP
CTCGTTCACGTAAGGTCC-1_larry4,-1.329545474,5.161356275,GMP
AGGTGTACATCACAGGTA-1_larry4,4.936506057,-3.73826545,EryP
TACCTCACTACGCAAGAT-1_larry4,-0.468161201,-2.982109721,MPP2
AGTTGCCTTCAGATCATT-1_larry4,2.007043505,3.152436321,GMP
GGTTCGCAACACGTAGAC-1_larry4,0.202676737,4.239573305,GMP
ACACGTTGCATTAGCGGT-1_larry4,5.234743858,2.928046053,GMP
ACCGATCGAAGATCTGAC-1_larry4,-1.493782973,0.46027792,GMP
TCTAGCTGGCCGCTATCC-1_larry4,4.919887805,-3.374154742,EryP
GCGACACAGGATCTGAAT-1_larry4,3.054601693,2.462153499,MPP3
GATCCGCACGTGTCACAC-1_larry4,0.520489836,0.577121918,MPP4
CGCATAACTGATATGGAC-1_larry4,0.340605521,0.722757404,GMP
GCCTAACGGGGTGCGTAG-1_larry4,3.744200015,-2.19424134,EryP
CATATGCGAGTCTTATGC-1_larry4,5.043506885,-1.73434418,EryP
CAGCAGTACCGTCGTCAA-1_larry4,-0.956352568,-3.194842274,HSC/MPP1
TTCCTTGACTGATTGCTG-1_larry4,-1.252960181,2.818746154,GMP
GACGTGGTCGTCGAGTAC-1_larry4,0.16436466,0.956502621,GMP
TGAGTGACTACATGACTA-1_larry4,5.472752834,-1.737927492,MEP
AGTCTGGAACCGTTCCAA-1_larry4,0.87472924,1.140090649,GMP
TACAGTTAGTGCCTTCAG-1_larry4,0.452705333,2.172157352,GMP
GTGCGAGTAAGCATTCCA-1_larry4,-2.865095591,-3.837368424,HSC/MPP1
ATGCAGTTCTGATTGTGC-1_larry4,-0.127285218,5.692483251,MPP3
TATGAAGACATTGCGCTA-1_larry4,-2.404151892,-2.925944741,MkP 1
TGAGTTAAGTACAACACC-1_larry4,-3.61975882,0.409291153,GMP
TGCCATCTCCCTCCAATC-1_larry4,0.465785572,0.358749514,MPP3
GTAGCATACAACAATGCA-1_larry4,1.768024349,3.375328367,GMP
AGCCACTTCTCTACAGTT-1_larry4,3.862168336,-0.850798006,EryP
GAGTCACCACCACTACCA-1_larry4,-0.933532452,2.894882267,GMP
CATGTCCTGCACCTCGGA-1_larry4,4.348225618,-3.323931153,EryP
ACGCGTGACGTCTTATGC-1_larry4,2.21964314,-3.055736,MEP
TTGCAGTCAGTGTTCCAG-1_larry4,4.526195312,-4.577295954,MEP
CCGACTGTTATCCAGCTG-1_larry4,-3.073462462,-4.074699337,MkP 2
TCACAGGTAGGTGAGCGT-1_larry4,-0.312627768,6.429217641,MPP4
GAGATTCCTATTAGCACA-1_larry4,-1.638300395,3.69402415,GMP
ATGCTCACCAGAAGAGTC-1_larry4,-6.070289826,-1.980022962,pre/pro-B
ATGAGATCCAATGTGCGT-1_larry4,-3.009577966,-4.054236348,MkP 2
GCACTGGATAAGTAGGAC-1_larry4,-0.493154859,2.173081701,GMP
TGCGATACTGACGTCAAT-1_larry4,0.118403518,1.698848789,GMP
TGAGCTAGAGTAACCATA-1_larry4,3.010024095,-0.858284349,EryP
AGATCTTCACACAATAAC-1_larry4,0.160992289,3.082843845,GMP
TTCCAGGAGTTCGCATCC-1_larry4,-0.353590464,3.423679655,GMP
TGACCTCCTGGAATTCAC-1_larry4,-2.332161641,2.464111869,GMP
ACAGCGGTCCTTAAGTTG-1_larry4,2.083490753,-4.268647368,EryP
TAGCTGTTGCACGGATAG-1_larry4,0.556153366,-0.394906784,GMP
ATTCCGTACGAGCCATCC-1_larry4,4.380597377,-3.54298013,MEP
ACCATCTAAATCAAGAGA-1_larry4,-1.342682457,2.82400686,GMP
CTCGACGATATTCATGTG-1_larry4,0.814748997,0.994809573,GMP
ACGACAGTCCTTATCTCA-1_larry4,1.211822772,1.208878701,GMP
CAGCTAGTTTCCTTCGTA-1_larry4,0.482847104,2.871375387,GMP
GATCGATACCCGTTCCAA-1_larry4,0.479073802,3.32787091,GMP
TGTAGCAAGGTACCTAAC-1_larry4,2.11984911,0.891217058,MEP
AGCGGTAAGATCTCTGCT-1_larry4,-0.95228908,2.242752855,GMP
AATCCTCGTACGCAAGAT-1_larry4,2.165946865,3.137431209,GMP
CTGTGGTGGGCTACAATG-1_larry4,-1.402499413,0.256937985,MPP4
CTTATTGAGGAGTGTGCC-1_larry4,3.371243501,-0.461549635,EryP
CCTATTGGTGACTCTGGT-1_larry4,0.272811139,1.85772044,GMP
CGTGCCTATGTGGTTACC-1_larry4,-0.225802219,-1.121599371,MPP3
AAGCAGCATCACACTGCC-1_larry4,2.381414914,0.790225093,MPP3
TCTACGCAAGGATACAAT-1_larry4,1.84168067,-1.051358755,EryP
TGTGGACAAGTGTCGAGC-1_larry4,2.967067266,-0.977863724,MEP
CCATGCGTCGGACGAGCA-1_larry4,1.976375723,-0.953865821,MPP4
CATACGCAGCATGTGAAC-1_larry4,-2.683046794,-3.515365059,MkP 2
AGAAGTAACATACGAGGT-1_larry4,-0.51793251,3.569434707,GMP
AACTTCTGCATGATAGCT-1_larry4,-1.626159167,-2.788751538,HSC/MPP1
CCAGGAGTTCAGTTACTG-1_larry4,2.140724921,3.84224159,GMP
GTTAATTCGTCAGACAAG-1_larry4,4.464636827,-2.312778647,EryP
CAGTCGGTAGAGTGCATA-1_larry4,5.459317947,2.983403509,GMP
GTGCGAGTAAGACGCTAT-1_larry4,2.05561676,-0.154615517,MPP3
GTACCACAACGGTGTTAC-1_larry4,-2.026983714,2.383893077,GMP
TTCCGAGCGACGATGGAA-1_larry4,-0.446668601,4.682329004,GMP
TTGCTCTGCGCGTAACAA-1_larry4,0.236946517,2.967841213,GMP
GGATGCGAACAGTCTAAC-1_larry4,2.67617681,-2.507505352,MEP
ACCGAGTAGCGCACTCTT-1_larry4,3.495350385,-2.896032031,EryP
TAAGTGTAGCACAACCAG-1_larry4,2.038154507,-5.511194403,MEP
GGACTCCTTCCTATTCAA-1_larry4,0.389486665,3.246994321,GMP
GGTTCGCAAACTCGAGTC-1_larry4,4.689637447,-4.17962044,EryP
CGTGACCAGCGCGAGTGT-1_larry4,3.865399146,-1.691618974,EryP
CCAGTACTCCCATTCTGC-1_larry4,0.053160811,3.068254774,GMP
ACGACATCTGCGGTAAGT-1_larry4,-0.690684533,4.941213434,GMP
TAACGTGTCTCGTCATTC-1_larry4,0.557790639,-1.282160933,MPP4
CTGATGCACAGCCTCTAG-1_larry4,4.402431035,-1.673941429,EryP
CGGTAGCTTGAGCGACTC-1_larry4,1.715166593,0.951812213,MPP4
GCACAACTCTGGTGCCTG-1_larry4,-4.713503575,-1.898780878,MPP4
CAACTAATCACGTGAATC-1_larry4,4.134950185,0.15748701,EryP
CAAGTCACTCATCGAAGC-1_larry4,5.000982547,-3.559920485,EryP
TGGACGAGAACTGACTAC-1_larry4,0.999526793,-0.096389423,GMP
GTAACTCATGCGACACAG-1_larry4,-5.804477429,-1.404777582,pre/pro-B
CTTCTCATCCACGTCATA-1_larry4,-2.95912478,-4.280600483,MkP 2
GCACAACTCCACACTGCC-1_larry4,0.447785103,2.219142263,GMP
GCAATGAGACTGACGGAT-1_larry4,4.535078311,-1.82964998,EryP
ATAGCACGGAATTCGGAA-1_larry4,-4.268467164,1.190801804,GMP
TACGACTTGGTAACGCGA-1_larry4,-5.77053616,-1.910026367,pre/pro-B
CAGCTAGTTGGACTATTC-1_larry4,2.908404613,0.632204359,MEP
TCTCAGGATTATGAAGAC-1_larry4,0.34733879,2.07018358,GMP
CTCGACGATAGATCGAGT-1_larry4,-2.038792825,-0.511197309,MPP4
GTGACGTAAATAGCCTAA-1_larry4,-0.671874022,4.532070463,GMP
TGATCTCGGCAACGATCG-1_larry4,-0.458820438,3.238578861,GMP
CTCCTATCTTATTACTCG-1_larry4,-2.052138543,1.193582003,GMP
TGCCGCTACACTGACTAC-1_larry4,-1.492060876,2.16879422,GMP
GTGTTCCAGGACGTCAAT-1_larry4,-1.068488097,0.246539419,MPP4
CACAGCGAAGCAGGAGAA-1_larry4,4.125664973,-2.824287589,EryP
TTGAGCTCTATACCGCTT-1_larry4,-5.60948298,-1.609317477,pre/pro-B
GCAATCACGACAACGAGC-1_larry4,2.160681868,3.403677051,GMP
CCTTGCTTGAGTTCGATA-1_larry4,4.961416507,-0.692276056,EryP
AGGTGTACAGTATTACTG-1_larry4,2.423315787,-1.329296644,MEP
GTAAGTGAGTAGTGATCC-1_larry4,4.406389737,-3.161447461,EryP
ATCCATTAGAGCAACATT-1_larry4,5.81521585,-0.186786744,EryP
TTGAGCTCTATGCGCTAC-1_larry4,1.7874228,0.141006802,MPP3
GGAATTCACGAGCAGGAA-1_larry4,-6.500780797,-1.855103309,pre/pro-B
AGACATATCGTAACCATA-1_larry4,1.762282753,-4.32142132,EryP
TACTCGCTGCATAATTGG-1_larry4,-6.055565572,-2.163840587,pre/pro-B
TCGTGCCACAATGCTGAT-1_larry4,-3.368753648,-0.982481832,MPP4
GCCGTGAACAATCAGGAG-1_larry4,-1.11905787,2.046517913,GMP
CACATTCTGGTAACAGTC-1_larry4,1.455182338,1.8892296,GMP
TGGATTAGCCGTTCCATT-1_larry4,3.108388925,-2.335016425,EryP
GACTTGATTGCAGGAGAA-1_larry4,0.180753166,0.553421621,GMP
GAGCTCTCAGATCGTTGA-1_larry4,3.560599113,-2.06624275,EryP
ATGCTGTCGATCAGAAGC-1_larry4,1.076524699,-1.253448481,MPP4
GCTGACAGACTCCGCATT-1_larry4,3.831364894,-0.653519149,EryP
TTCGTGATGGCCGCCTAA-1_larry4,3.163957143,-0.945003326,EryP
TCAGTAAGCTTACTTACG-1_larry4,-2.092866158,2.128774231,GMP
GAGCCATCCTCCATCATT-1_larry4,3.800680185,-0.613796796,EryP
GTCGTTAGAAATGCCTCA-1_larry4,2.752878452,0.810363476,MEP
CTGCTGCTTGGTTCTATC-1_larry4,-1.213232374,1.464711373,GMP
GCGAAGACAACTGGTGCT-1_larry4,0.460394094,-2.137938912,MPP3
TACGAACTCGACCGTAGT-1_larry4,2.848510528,0.569216554,MEP
AAGCTGGTCGCAACTCGC-1_larry4,1.725625658,3.260541265,GMP
GCGACACAGGTTGCTCAG-1_larry4,-0.109515941,6.162327592,MPP3
CGATACTCTGTGACTCTC-1_larry4,-7.572296357,-2.876491482,pre/pro-B
GCCGAGTCTAACGTCGAG-1_larry4,-4.5419204,-1.397992189,pre/pro-B
CAGGAGCCTCACTGCTTA-1_larry4,-0.435619807,0.473739212,GMP
CGTGTGTGGACACTGTGA-1_larry4,4.566174531,-4.537812884,MEP
GGATGCGAAGCGCTTCTC-1_larry4,4.899965072,-3.631337101,MEP
GGACACTGGGATCGATAC-1_larry4,4.298635745,-2.114888365,EryP
TAAGCCATTTCAATCTAG-1_larry4,3.258088613,-1.606498773,EryP
ACCGTCCTATGCTCACAC-1_larry4,2.245739603,0.758059566,MPP3
GTATCGTCGCTCTGCAAG-1_larry4,3.655638004,1.444349592,MEP
CCTGACCTCAATGCACTT-1_larry4,2.788373017,2.568683689,MPP3
CGTTGATCCCAAGTCACT-1_larry4,-1.034948563,-3.248411114,HSC/MPP1
TTAAGTGGTTGAGAGGAC-1_larry4,-1.259946084,2.973893468,GMP
TATACGTGGATGAGCAGG-1_larry4,3.35211184,-3.666480954,EryP
GCAGCTTGACGTATAGCG-1_larry4,0.255383903,2.50952584,GMP
GCGCTACCTGAGCTCTCA-1_larry4,-1.03992424,2.214266841,GMP
CCACTGAAGCAACGTCTT-1_larry4,-1.193942642,0.583520477,GMP
ACACGTTGCTTCATTCGC-1_larry4,2.979685807,0.273440723,MEP
GAACAACCAATCGCCTCT-1_larry4,4.61478641,-4.518440421,EryP
GTGGTACGGGTCGAGTAC-1_larry4,4.170633817,-1.179701681,MEP
TAGACCATGTGGATAGGT-1_larry4,-1.946715808,-0.086767564,MPP4
GCGACACAGCGTCTGTCC-1_larry4,3.293465638,-1.341813381,EryP
TAGGTTAGTGCTCAGCCA-1_larry4,3.637719417,-2.598296101,EryP
GGATACAATTCTCCGCGT-1_larry4,-7.381611085,-2.791764672,pre/pro-B
AATTGGTGACTGGACACT-1_larry4,-1.243622398,2.017883604,GMP
CCTGTATCTGTACAATGC-1_larry4,-1.585634208,1.033700292,GMP
TAGTAGTCTGCTATGTAA-1_larry4,-5.034315801,-1.529276783,pre/pro-B
TATCGGAACCATTCGAAT-1_larry4,1.043869996,-0.688771511,GMP
TGCGTAATCTGTACACGA-1_larry4,2.008834148,0.896779482,MPP4
CTCATGCCAAGTAGAGGA-1_larry4,4.353296542,-1.70068639,EryP
AACTCCATGCACTGTATC-1_larry4,-3.510749078,-0.204411614,GMP
ACACCACATCGAGTAGCA-1_larry4,-2.079288935,-0.643834228,GMP
GTTACTACTTTCCGCCAG-1_larry4,4.532421851,-4.523822958,MEP
TGCGTAATCAACGCATTG-1_larry4,0.227829212,4.135062044,MEP
GATGTCTAGCGTTACACC-1_larry4,0.53605462,1.197204297,GMP
GGTGAGTTCGATCGCGAA-1_larry4,2.49339273,-0.973700697,GMP
GGTAAGGATACTATTGTC-1_larry4,-1.548929906,2.402953451,GMP
CTGTGCTCACGCCATTAC-1_larry4,-0.805751657,1.151866858,GMP
GGTCGGATATCACAGGTA-1_larry4,3.775733733,-2.373189385,EryP
CCTGCTCCATGTAGGTTA-1_larry4,1.302055085,1.938170497,GMP
CGTCTGCTGTTCATCCAA-1_larry4,-0.8066015,-1.391716654,MPP3
CAGTCTAACTGAGTGACT-1_larry4,1.664534116,-2.780706103,MEP
TGGACTGCCGCCTGGAAT-1_larry4,2.951350236,-5.254873927,EryP
CGACCACTTGGTCCTGGT-1_larry4,2.96862247,-3.972751553,EryP
GTATTACTGCTGCAGAGC-1_larry4,3.239498639,-1.640217121,EryP
GATATGGACACCGTACGC-1_larry4,-0.392547107,5.756824796,MPP4
AATGAGTCGACCATTCAC-1_larry4,-3.000093913,-1.544340427,GMP
ACGAGAGCAAGGATTGAG-1_larry4,-0.619323468,0.447275286,GMP
CGTGCAAGGAGGTGCGAG-1_larry4,-0.025018012,2.284542625,GMP
CTTCTCATCAGAGCCGCA-1_larry4,-1.591437316,0.288576369,MPP4
ATCCGTCTCTAAGCCATT-1_larry4,-4.491929746,0.341049259,MPP4
TTCCAGATTTGTTGTCGA-1_larry4,-1.115052795,-2.919582064,MPP2
GGTCGGATAAGTACTACA-1_larry4,5.35733726,-0.770347412,EryP
CAGCTCTTCCGTCATGGA-1_larry4,3.061022067,0.11409465,MEP
ATGCTGTCGCTTAGAAGG-1_larry4,-5.572832799,-1.787338908,pre/pro-B
AGAAGCTGCACTCCAACT-1_larry4,0.84787328,-1.795158918,MEP
TTCCAATTCAGAGCCGCA-1_larry4,0.173747713,2.332909172,GMP
TACTACTGTGGAACTGCT-1_larry4,-1.897771811,-0.230454678,GMP
AGCGGTAAGCATCCACCG-1_larry4,0.244328433,2.842078273,GMP
CTTCTGAGTACTCCAACT-1_larry4,-4.550046658,0.28277791,MPP4
GTAGGACGCTGTAACAGT-1_larry4,-1.616554952,1.829501216,GMP
CAGCAGTACTTGGACTTC-1_larry4,4.666261459,-4.204007323,EryP
CGCACTCTTGATGTCTAG-1_larry4,2.348435188,-2.386002953,MEP
GTCCGTAAGCGAAGAGGT-1_larry4,2.829057241,2.380728071,MPP3
GAACTGCAACTCTGCGGT-1_larry4,4.925555968,-3.003027136,EryP
CGCATCTACCAACGCACA-1_larry4,5.876471782,0.518557971,MEP
AGGAGGTGATGCATCGGA-1_larry4,0.857356513,-1.240383203,MPP4
ATTAGCACATCACGACAA-1_larry4,-0.899099207,-0.649937357,MPP3
ATAAGTTCGGATTCCTCT-1_larry4,2.355020309,1.370396679,MPP3
AGGAGCAATTTGTTAGAG-1_larry4,-1.088980889,3.154597108,GMP
AACTTCTGCGAGATTCCT-1_larry4,1.80822506,-0.955198402,MEP
GACGTTCAGTAAGCACTA-1_larry4,-1.250589585,3.117979114,GMP
CAATTGTCTGGTTCTATC-1_larry4,0.968973959,0.971871679,GMP
AGAGGTGAACCTAAGTCT-1_larry4,-0.678099966,1.968059366,GMP
AATGCACTTCACACTGCC-1_larry4,0.96817025,-1.6941418,MPP3
GTGCCATGATACTGATGA-1_larry4,1.811654234,3.189467495,GMP
AAGCTGAGGGATCGCACT-1_larry4,3.814600969,-3.121900971,EryP
GCGCTCTATAACAACTGG-1_larry4,-0.676965809,0.954925006,MPP4
AGGTGTACACCACCATGC-1_larry4,2.111773038,3.717011278,GMP
TATCACCTGCCTATTGGT-1_larry4,1.63225838,-2.133599574,MEP
GAGTTAACTATGCCTGTC-1_larry4,2.844772601,-2.378982956,EryP
CTTACCTAGGAGCCATCC-1_larry4,-6.061716771,-1.361070568,pre/pro-B
CAGTACATCAGATCTGAC-1_larry4,-4.335327363,0.683780258,MPP4
GCAACACCTAGATGTTGG-1_larry4,-0.923210835,-3.229265149,HSC/MPP1
ACGTACTGCTCTATGACA-1_larry4,3.600570941,-1.416471894,MEP
CTAACACTGCTTCGTGCA-1_larry4,-0.937283134,-0.769997979,MPP4
TTCACCTTGTAGCAGAGT-1_larry4,-1.348898625,0.909801667,GMP
AGCATATGGGCCACATGG-1_larry4,-1.872464394,-2.370253022,MPP3
CCATTACAGAGTACTACA-1_larry4,0.842351192,2.466486995,GMP
CCGCAGAATTTCGGAGTC-1_larry4,-3.315163112,-1.155371363,MPP4
TATTACAGCGCTGGTTCG-1_larry4,2.919954801,-0.629629607,EryP
GGTTACGCATGCTCACAC-1_larry4,1.657276178,2.033820455,GMP
GCTTGGTTCCGCTTATGA-1_larry4,-0.241482353,3.172587936,GMP
TTATCCAAGACGTACTGC-1_larry4,-5.600661969,-1.715728576,pre/pro-B
TGTGTCTACGGAAGGTAT-1_larry4,2.485179687,-2.465733464,EryP
GCGGAGATTGCCATCGCT-1_larry4,5.13614347,3.166944807,GMP
AGTTACAAGTCGTCATTC-1_larry4,-5.761393285,-2.091443951,pre/pro-B
CACGCGTAAGCCTAACGG-1_larry4,2.285893941,-1.803652699,MEP
CTCGTTCACGAATAAGAG-1_larry4,-1.039359665,-0.361270505,MPP4
GAGGTCCTTCTCTACGCA-1_larry4,0.352790708,4.263965433,MPP3
ACGCGACAGATAGTGGTT-1_larry4,-0.984362697,2.735629861,GMP
GGTTCTATCGTGATGTGC-1_larry4,-7.514181351,-2.971129353,pre/pro-B
TCGTAATAGGCCTTAGAG-1_larry4,1.436969602,1.733633106,GMP
GGTAGACATGGTAATCTA-1_larry4,1.051033312,-0.271291031,GMP
ACAGTATTGAACGTTCTT-1_larry4,-2.009704089,2.348399227,GMP
GCACAGTAACAGTACATC-1_larry4,3.991691613,-1.456443245,EryP
CCGTACGGAACTCCTGAG-1_larry4,-2.570912337,-3.342046673,MkP 1
GCTTCTGAAAGAAGAGTC-1_larry4,-0.476175999,2.833583896,GMP
AGATCTTCACTTCACTGT-1_larry4,-4.253615594,1.365369027,GMP
CCTTGTTGCCGATTCGAG-1_larry4,3.7442868,-0.496131266,EryP
TAGAGCGTCTAGCCTTGT-1_larry4,1.853815341,-0.100367258,MPP3
TGTGGACAAAGCATTGTT-1_larry4,-5.250574326,-1.825380619,pre/pro-B
CAGCTTACCATCGAATCG-1_larry4,4.106826091,-1.994980748,EryP
ACAGCATCATAGATAGCC-1_larry4,6.387305045,-2.901588375,EryP
TATTGACTGAGGATGCGT-1_larry4,-0.268475807,0.798031037,GMP
TGGTGGATCCCGAATATG-1_larry4,-0.138888573,1.38223738,GMP
TCCTGTGGAATGTCGCCT-1_larry4,-0.521774268,-0.37989981,MPP4
CGCTTATGAACGAATCGC-1_larry4,1.347724998,1.99361903,GMP
GACAATGTTGCCGTTGTT-1_larry4,-3.277089333,-0.784116889,GMP
CACTGTATCCTGCTTAGG-1_larry4,3.453926826,-1.62559181,EryP
GACTTGATTGGTAACTAC-1_larry4,4.102536702,-2.615502531,EryP
CCTCATAACCTGAGATAG-1_larry4,-0.300395882,1.573229377,GMP
GAGCTCTCAAGTGAACGG-1_larry4,0.908925289,-1.276443894,MPP4
TGCAACTCTGCGAAGCTC-1_larry4,-0.846930122,3.041976755,GMP
CCTTCCTCACTAATACGC-1_larry4,-3.939595437,1.60329098,GMP
CACGACTCATGGAGAACC-1_larry4,1.934493089,2.620537345,MPP4
CTCTGCAAGCTATAGCTC-1_larry4,4.131694102,0.609004383,EryP
CTCAGCTGGGTGAGGACG-1_larry4,0.159194493,1.650767033,GMP
TCACCGAGGGCGAAGACA-1_larry4,-0.281167245,3.22740895,GMP
AACAGCAGTATCCATTAG-1_larry4,0.088458204,1.46246702,GMP
GCGTATAGGTAGAGCCAG-1_larry4,3.77679565,-2.638234789,EryP
GTCTTCATAAAGGATACG-1_larry4,-6.58094666,-0.681904669,pre/pro-B
ACGTAGTATCATAGTATG-1_larry4,-0.812511062,3.328906124,GMP
CATCGAAGCACCATGTCT-1_larry4,-0.628767943,2.769293373,GMP
TTCCTTGACCGAATGAGT-1_larry4,0.496936524,-1.759836371,MPP3
AATATCAGCAGTCGATCA-1_larry4,2.071650767,3.88708288,GMP
ATACTTGCTAGAAGAGTC-1_larry4,1.03717565,0.757445877,GMP
TCACACTGCACGTGTAGT-1_larry4,0.25374859,0.53611583,MPP3
AGCGACACCGCGAAGCTC-1_larry4,3.550107026,1.665398185,MEP
CTACCTGCGAACGCATTG-1_larry4,-1.211232161,2.219817226,GMP
GTGCACGAGTATACCACT-1_larry4,4.185147548,-2.520750458,EryP
CTCATTAGTCCACTGAAG-1_larry4,-2.208199239,0.535421078,GMP
CAGTGCTGCCGATAGGTG-1_larry4,-0.531428432,-1.46738034,MPP4
TATAATCGCATACTTGCT-1_larry4,-0.966489649,2.938746755,GMP
ACGATGGAAAACTTCTGC-1_larry4,-1.077070808,2.131766861,GMP
GTGACGTAAACATTCCAC-1_larry4,5.893879676,-0.345734025,EryP
TGGACGAGAGAGCATACA-1_larry4,2.313417339,-1.852720315,MEP
CATCCAGGATCTGAGATA-1_larry4,-3.509442067,0.289882128,GMP
TCCGGAGCTACCTTGAAG-1_larry4,0.892303744,-1.038879926,MPP4
AGCATTCCACTAGACATG-1_larry4,1.252934063,-0.46350951,GMP
AGGATTACTCAAGGTGTG-1_larry4,1.203913772,1.970245903,GMP
ATAGCACGGCGACAGGAA-1_larry4,-1.17798481,0.570545797,MPP4
ATACCGAAGCAAGCTGCA-1_larry4,0.227239722,1.832630937,GMP
ATAATGTGGTCAAGCGTA-1_larry4,-1.225507593,5.792461698,GMP
GCGATGGTGCGTAATGAC-1_larry4,2.599236036,0.727733438,MEP
GCGGAGATTCTGGTAATC-1_larry4,1.815115357,2.002407138,GMP
GACACCGATATCCTGCCT-1_larry4,3.085404658,-2.386231358,MEP
GTCACTATGCCATTACAG-1_larry4,-0.202351785,2.182100837,GMP
CCTCTGCATATAATGTGG-1_larry4,4.297591949,-0.036358679,EryP
ATGGATATCAGTTCGATA-1_larry4,0.115690911,3.789067094,GMP
CCAATATACTAGTCAGAC-1_larry4,1.861417556,-2.545940335,MEP
GCAGCGATAGGTGAGCGT-1_larry4,-1.814945435,1.099112814,GMP
ATGCTGTCGCAGTCGGTA-1_larry4,-5.50764296,-0.725943471,pre/pro-B
GACTGCGCAGAGTGTGCC-1_larry4,-0.939998364,2.941681926,GMP
CGATTCGAGCGACCATCA-1_larry4,-0.395066118,-0.03034615,GMP
TGTCGTGAGACGCTAGTG-1_larry4,-0.136803305,1.685909455,GMP
CTATCCATCATAGAGCAG-1_larry4,-5.150121903,-1.177012856,MPP4
TCCAAGTAACAGCTCTTC-1_larry4,-6.985614037,-2.567001517,pre/pro-B
AGGTGCGAGTGTGCTAAC-1_larry4,-5.460464692,-2.134655888,pre/pro-B
ACTCGCTGTAAGGAAGTC-1_larry4,-4.081752515,1.357082193,GMP
TCCTCTAGTACTGGTCAG-1_larry4,-0.687989926,-3.005076821,MPP3
AAGCACAACGTACAATGC-1_larry4,-2.099528289,-2.410989935,MPP3
GCTTACTAGCTACCTGCG-1_larry4,6.454885268,-2.1431269,MEP
ATCGAATCGTTGAGACGG-1_larry4,0.339327657,2.646663969,GMP
GTCAGACCGCCTTGTTGC-1_larry4,-0.121098673,3.285696571,GMP
AGGTCAGCAGATTCCTCT-1_larry4,-0.810264683,0.107651864,MPP4
CTTAAGTTGGTCAGCGTC-1_larry4,1.611403251,3.043389146,GMP
ACATGGATTCCGTCAGGT-1_larry4,3.560774827,-0.40890802,EryP
ATCCGGTCCGTGCATCAA-1_larry4,3.368623758,-0.460717226,EryP
TTGCCGTAGTTCCTGCTA-1_larry4,1.185835326,-0.405688743,GMP
AACGCCTACCAGCCGCAA-1_larry4,3.378974462,-2.961787875,EryP
ATGAGTGTGCGTTAATGG-1_larry4,3.460353875,0.017833655,EryP
GATACTGTGCGTACACAC-1_larry4,-0.785542941,4.814166849,GMP
TGTCGTACATAGCCTTGT-1_larry4,3.249622607,-2.492236788,MEP
GATATATCCGCGAGTCTA-1_larry4,0.90243929,-0.113314445,GMP
CGACGTGATGATGCGGTT-1_larry4,3.695469642,1.479994719,MEP
CATGACGTTGTATGTATC-1_larry4,-6.455760217,-2.751673396,pre/pro-B
TGGAAGATTATCAAGCAT-1_larry4,-0.741786933,-0.182507942,MPP4
TAGACACGTAGATCGAGT-1_larry4,5.611800933,-0.357653412,EryP
GACCAACAGGCGCTTCTC-1_larry4,2.98599627,0.107329135,MEP
TCTAATACCTACAGGACT-1_larry4,1.46046623,0.440201764,MEP
TGACGGTTGCTCGTTCAC-1_larry4,-0.984479046,-3.05540436,HSC/MPP1
GCCTTAGAGGAACAACCA-1_larry4,2.96505549,-1.590463574,MEP
TCATGCAGGAACAATGCA-1_larry4,-5.703389382,-1.568031247,pre/pro-B
CTGACAGCAGTAACTCAT-1_larry4,0.844919646,-1.566623862,MPP4
GTTAATTCGCCACGCCAT-1_larry4,6.362954879,-3.115469153,EryP
ACCGTCCTATGTAACAGT-1_larry4,-3.371047234,-1.076302524,MPP4
GGTAGACATACAACCGGA-1_larry4,-0.40871582,0.340251212,GMP
TTGATGCTGAAGACGAAG-1_larry4,-0.418237662,2.339417284,GMP
AGCCGTTCTAGCTGCACT-1_larry4,3.820584083,-2.784886773,EryP
AAGGAAGTCACCACTAGG-1_larry4,0.527969682,1.848609274,GMP
TCCAATCATACCGGTTAC-1_larry4,4.196781421,-1.230640764,EryP
TTCGCATCCCATGGTCGA-1_larry4,4.603980804,-4.53714865,EryP
CCTCTCTAGTAGCTAAGA-1_larry4,3.776831651,-2.962752516,EryP
GCGAACTCGAATATCGCT-1_larry4,4.306078458,-1.889688547,EryP
CCTAGTCTCTTGATGAGT-1_larry4,5.052560115,-1.990896399,EryP
GCAATGAGAGCCTAACGG-1_larry4,0.631262172,0.922844832,MPP4
CTGATCCGAGCTTGTCCT-1_larry4,-5.483070111,-1.403254325,pre/pro-B
CTGTAGAAGTCTGCGCTG-1_larry4,2.45110848,-1.845490034,MEP
TTCATTCGCGACTGCCTG-1_larry4,-1.460141396,3.150218313,GMP
GATTCTCGGCTCGTCTTG-1_larry4,2.21754458,3.760833089,GMP
ACAATAGGTATCCATTAG-1_larry4,-2.063571191,0.538372819,GMP
CGGACAAGTTCTAGCTGG-1_larry4,-0.591954326,-1.733246381,MPP3
CAGATCATTCAATACCAC-1_larry4,-1.335493898,1.749371355,GMP
GCGGACGAAATGAGCAGG-1_larry4,4.687874103,-4.271239216,EryP
CGGATTCTCTGACTGAGA-1_larry4,0.766517082,0.96262676,GMP
CGACCTAGCTCCAATCAT-1_larry4,2.519110465,-0.949083562,MEP
TGGAATCGTTAGTCGCAT-1_larry4,1.075769001,-1.524652893,MPP3
CAGATCATTCTAGTCGTC-1_larry4,0.558193253,1.498693173,GMP
AAGCTGAGGAGAAGTAAC-1_larry4,-0.044649756,2.074044054,GMP
GACTGCCTGGATAAGCTG-1_larry4,-2.708796954,-0.330037999,MPP4
ACCTAGTTATGGAGAACC-1_larry4,-5.813051915,-1.328283007,pre/pro-B
TCTGCAACAATGCGGATT-1_larry4,4.287206435,-1.902808602,EryP
ACGCTCTTACGTATCGAA-1_larry4,-1.068697667,-2.850801403,MPP3
TCTCGATGCGACCAACAG-1_larry4,-1.75344727,1.464448993,GMP
GATAAGCTGCAGTACATC-1_larry4,-3.001647687,-4.14312094,MkP 2
GTTGCATGGATTAAGACC-1_larry4,-4.997708058,-0.271904043,MPP4
TTAACGGAGAAGGTGCTG-1_larry4,2.513330245,-3.889111216,EryP
CTGTCTAGTGCGATGGTG-1_larry4,-0.942755914,5.001655881,GMP
TATTACTCGGTCACAGAG-1_larry4,4.596706891,-4.335639651,EryP
AAGCCACACCCGTACGGA-1_larry4,2.045300865,-1.189878578,MEP
AGTGATGCGTACCTCCTC-1_larry4,1.830764795,-0.039010341,MPP3
CATGGACTCATTGATCAC-1_larry4,-2.440508103,-3.039929802,MkP 1
TTCCTGCTACTGGTCGGT-1_larry4,-1.706388211,2.167887752,GMP
CTTAGGACTAAGAGAGAG-1_larry4,4.209031367,-3.411837513,EryP
ATTGATTGGTCAGGTGCA-1_larry4,-1.363139129,1.954430645,GMP
AGGAGCAATCTCTACGCA-1_larry4,-2.18721149,1.26624531,GMP
GATGTTACAACCATGTCT-1_larry4,-0.463048792,4.602644746,GMP
TTCGTGATGCGCGTGAGA-1_larry4,2.762535358,2.786670034,MEP
GCCTGCATCCTCTAGTAA-1_larry4,-0.9110255,-1.146597738,MPP3
TTATCGCACTGTGTAGAG-1_larry4,2.042539025,1.918458526,GMP
GAGACATTGTGACGGTTG-1_larry4,-0.262281334,-2.277170832,MPP3
CCGCAGAATCCGACTTGG-1_larry4,5.215476298,1.330988352,MPP3
AGGATCATGGTAATCAGC-1_larry4,-2.97230885,-0.354616928,MPP4
GACCAGAGATGTATCGTG-1_larry4,2.359594846,-2.163788373,MEP
CCGATACCGAGGATCATG-1_larry4,4.62328651,2.835224931,GMP
CTTCGTGCACTTCGACTG-1_larry4,-1.59678123,-1.080032642,MPP3
TAGGTCAACAAGCTTGCA-1_larry4,3.106305862,0.101246898,MEP
GGAGCTCAATTCCGCCAG-1_larry4,5.151962066,1.536649768,MPP3
GACATATGTTTCATCCAA-1_larry4,-0.630762434,-1.184801395,MPP4
ATCTCTGCTGCCGTTGTT-1_larry4,-1.735382294,-2.76600116,HSC/MPP1
TCAATGGACGCCTGGAAT-1_larry4,-1.441511369,0.512901311,GMP
TTCCAGGAGCGACAGGAA-1_larry4,-3.324707246,-1.099376197,MPP4
ACTCGCTGTGCGTTCAGA-1_larry4,-2.42991302,-3.020314391,MkP 1
TCCACGTGCTAGCCTTGT-1_larry4,0.246066773,2.749565427,GMP
CGTCATGGAGAAGGATCA-1_larry4,4.212983871,-2.715369875,EryP
CATATGCGATAGAGCCAG-1_larry4,2.132249499,-2.68251961,MEP
ACCGTACGCATTGATCAC-1_larry4,-4.199148869,1.241863792,GMP
AGATGAAGAAGCTATATG-1_larry4,-0.464605188,-0.208788554,GMP
AAGCACAACACTTCAGTA-1_larry4,-1.039235329,-0.316088407,MPP4
GAATCAACCGATATATCC-1_larry4,-1.133771872,3.236279314,GMP
GAGATGTATGGTAATCTA-1_larry4,2.401720786,-2.190915401,MEP
CCTTCGAGCGAGGTGAGC-1_larry4,-6.717690682,-2.752254422,pre/pro-B
TGGTTATACTCCTTCGTA-1_larry4,-5.919527268,-1.547327096,pre/pro-B
CGCATAACTTGAGAATCC-1_larry4,2.443600083,-2.497508461,MEP
CCAGGAGTTAGTAATGGT-1_larry4,-0.803881979,-3.009425099,HSC/MPP1
TGAACGGTTACTATCCTG-1_larry4,-1.097789264,2.263446634,GMP
GCGATGGTGTGACGATGA-1_larry4,-0.788398003,2.135690992,GMP
TCAGCGACCGAGCGACTC-1_larry4,-1.327403164,2.32137615,GMP
CAAGCGCATACTATTGTC-1_larry4,1.658726597,-2.732201989,MEP
GACGGACTAGAATAAGAG-1_larry4,0.885901714,0.887169306,GMP
GCGATATGAACGTGCTCG-1_larry4,2.005440736,3.775338476,GMP
TGATTCACCCGCTTCACG-1_larry4,0.398900324,4.089950388,GMP
CAGTCTAACAAGAGAACT-1_larry4,5.490638518,0.227298145,MEP
TTCTGAATGGATAGTTCT-1_larry4,-0.484919166,2.389932458,GMP
GCCGAACCAATTGGTTCC-1_larry4,-3.601520276,1.657389109,GMP
TAGATAGCCTGCTGCGTC-1_larry4,-0.43044374,-0.768080349,MPP4
GATTCCTCTCTCGACTGC-1_larry4,-1.662201619,-1.502199109,MPP3
ATCCATTAGCCGAATATG-1_larry4,-2.290569997,-0.081620063,MPP4
ATGAGTGTGGTATGATCT-1_larry4,3.184319043,-1.840848381,MEP
ACGCTCTTAAGAAGTCCT-1_larry4,3.172890926,-2.184511955,MEP
TGGTGGATCGTCCACAAC-1_larry4,-1.555737471,0.138945227,GMP
AACTGATTCATAAGACAG-1_larry4,2.999527717,-0.798203165,EryP
CTGTCACTTCCACCATGC-1_larry4,1.706702972,3.241873329,GMP
TGACTGAGAAACCGCTGA-1_larry4,1.630488777,0.138878976,MPP4
CAGATCGACCACAATAAC-1_larry4,2.901903176,2.589544838,MPP3
TTCATCCAATGTATGTAG-1_larry4,-0.915970659,-3.23835295,HSC/MPP1
GCGACAACCCACTACAGG-1_larry4,1.552657747,1.908160989,GMP
CTTGCGACCAACGCCTAC-1_larry4,-6.154452538,-2.265004809,pre/pro-B
ATATAGCGTGGTGAGCGT-1_larry4,0.410827273,1.439909761,GMP
TGGAGAACCACTATTGTC-1_larry4,-4.361658311,1.044895952,GMP
AAGACTACCCTTAGGACT-1_larry4,2.266031528,1.647773688,GMP
TGCCAATGGACCACGGAT-1_larry4,2.252373719,2.365101163,MPP4
TCTGCAACACCACTGAAG-1_larry4,-1.792768454,-0.020128752,GMP
CTATCCATCACCTAGCAC-1_larry4,4.1788409,-1.420479948,EryP
CGATTGAACCATATGTCG-1_larry4,2.983439946,-1.629417117,MEP
GAGATGTATATAGTCAGT-1_larry4,-5.987898087,-1.475954945,pre/pro-B
ATGGTTCGAGAGGACTTA-1_larry4,-0.924106216,3.024877136,GMP
AGCATATGGATAATGTGG-1_larry4,-1.028535819,-3.117199356,HSC/MPP1
TAGTACGTATCAAGGAGT-1_larry4,4.23084333,0.326594954,MEP
CGTCTGTCCCTAACACTG-1_larry4,-5.420569157,-2.070124323,pre/pro-B
AATGCCTCAACGCACACT-1_larry4,-1.457664943,2.967787092,GMP
CCAGTACTCCTAGTCGTC-1_larry4,2.938672805,-2.324874813,EryP
ATCTGGTAGCTGCGATTC-1_larry4,5.533171439,-0.670247848,EryP
AGTTGTGTACGTGCAAGG-1_larry4,0.802926415,-0.113513808,GMP
AGCTATATGACAATAGGT-1_larry4,0.96915769,2.681007927,GMP
ATAAGACAGAACAATGCA-1_larry4,-0.174384808,3.133823459,GMP
CAAGAACCGTGCGTAATC-1_larry4,4.110521817,-1.228868837,EryP
CATGCCAGTCTCAGGTAC-1_larry4,-4.162099576,1.181422775,GMP
TGAACGGTTGTCAACTGA-1_larry4,4.506179118,-1.694956357,MEP
GCGTGAGCTACAAGAATG-1_larry4,4.327575231,-3.578642542,MEP
CTGCATGTTTTCAGTGCC-1_larry4,2.080691838,3.164627855,GMP
CAGTAATGTCGTGTATTC-1_larry4,2.983709836,-2.582282479,EryP
GTCGACATTGAGCGACTC-1_larry4,0.691165326,-0.826914008,GMP
CGTGCTTGAATAAGTTCG-1_larry4,0.729427533,0.419799213,MPP4
CGTACACACGTATCGTCG-1_larry4,4.549933934,-4.643583949,MEP
GCAACCAACAGCATATGG-1_larry4,-0.545888638,1.806835716,GMP
GGTAATCTAGACCGTAGT-1_larry4,-0.395926213,2.914664571,GMP
GATTATGCGAATGCCTCA-1_larry4,4.176443839,-2.777330573,EryP
ATCTACATCCTCGACGAT-1_larry4,-0.58759067,3.074145858,GMP
GTGCGAGTAGGTTAACAG-1_larry4,-1.81831572,-1.763164694,MPP4
CAGGATCAATAAGGTGAT-1_larry4,-0.187952852,0.608945315,MPP4
TTCATTCGCGTCTTCTCG-1_larry4,-1.022127366,-3.075347359,HSC/MPP1
GGTCTTGCAACCGATCGA-1_larry4,2.170309448,-1.422928865,MEP
GTTGCATGGAGTACTCTC-1_larry4,5.133206153,1.688095276,MEP
ATCGAATCGGACGTGGTC-1_larry4,-1.624569869,2.379762237,GMP
CAACGTCTTGCCGAACCA-1_larry4,-0.02775315,3.1340676,GMP
AAGACTACCGCATGTAAG-1_larry4,-1.119552469,3.245590751,GMP
ACAAGGTACTAATCACGC-1_larry4,-1.779800391,2.553282802,GMP
ACGCGACAGGCGACAACC-1_larry4,0.091548526,2.201078718,GMP
GCTACAATGGGATGCTCG-1_larry4,0.438416371,2.33451802,GMP
CCAATGCCTAATCAGGAG-1_larry4,-5.497123933,-0.607199277,pre/pro-B
GATGCAGAACTAACTAAG-1_larry4,0.844318742,0.958466356,GMP
CGTTAATGGATATTCGCA-1_larry4,5.618809962,3.033008401,GMP
GTGTTCCAGCCTATTGGT-1_larry4,-3.598887658,0.244814639,GMP
TTCCAATTCGGAGTACAG-1_larry4,-0.307936108,0.679561918,MPP4
GAAGGATCAATGAGATCC-1_larry4,-1.115765905,-2.598582442,MPP3
AATATCGCTCTGGTACAT-1_larry4,1.574850166,3.640483205,GMP
GCGAAGACAATATTCGCA-1_larry4,0.371382052,1.843223159,GMP
AACGCTCAAATCTACATC-1_larry4,2.737330699,-3.536612208,EryP
TCAACACTCTGTCAACCT-1_larry4,0.556200476,-0.352199192,GMP
TATGGTTGGCCGGTGGTT-1_larry4,2.476268315,-0.602094169,MEP
CCATATGCCGCGACACAG-1_larry4,-0.634667969,2.639692848,GMP
CATAGGTGTTACTGATGA-1_larry4,-5.866719937,-1.401860053,pre/pro-B
GGACTCCTTCGACCTAGC-1_larry4,-0.447604632,6.149019544,MPP4
TGCACGATGCTCGTTCAC-1_larry4,-1.516104674,1.701629584,GMP
CAACACCTATGTCGTGAG-1_larry4,-2.497940278,-3.14752167,MkP 1
GTCGCAGGTTTGGTAACT-1_larry4,-0.164195812,-0.674181278,MPP3
TAAGGTCCGGAACCAGTT-1_larry4,-6.30900023,-2.546491082,pre/pro-B
TTGACCTGAAGACTTCGT-1_larry4,3.646789575,-2.291524703,EryP
GACCGCTTCTGTGGTCCT-1_larry4,0.031574035,4.11014015,GMP
TATCACCTGAGCGTAGAA-1_larry4,1.943578267,3.779978101,GMP
GAATAAGAGGACGGTGCT-1_larry4,5.198931956,3.658556764,GMP
TAGCACTATCCTGTTAGC-1_larry4,2.207771921,3.675637071,GMP
CGACAGACCTGACGGTTG-1_larry4,-2.238244748,2.402496164,GMP
GGTCGGTCTACTTCAGTA-1_larry4,-5.956529355,-1.857369955,pre/pro-B
CATCGCTGGTAACGTGTC-1_larry4,0.184412235,1.815146034,GMP
AAGGATCGTCTCCTATCT-1_larry4,2.250773812,-0.634151692,MEP
GTTGACCATACCACGGAT-1_larry4,2.818637872,2.611474817,MPP3
GGACTCCTTAGGTATTCC-1_larry4,0.518394777,-1.044636662,GMP
ACGTAGTATGTGGTTACC-1_larry4,0.009878421,5.55690891,MEP
GCCAACAATATGATAGCT-1_larry4,4.029350782,-3.527477677,EryP
GTGCGTTCCAAGTAGGAC-1_larry4,-5.786535477,-1.547137196,pre/pro-B
ATAGAGCAGAACAATGCA-1_larry4,-2.124554372,0.549289708,GMP
ACTCTAGGAACCGGTTAC-1_larry4,3.51312902,-0.240585784,EryP
CAGCTCTTCGAACCTTCA-1_larry4,3.960175061,-0.767818446,EryP
TCCTGTGGAGACGCTTGC-1_larry4,0.312582517,2.202974145,GMP
CAGCTTACCAGATGAGAT-1_larry4,-0.816342807,-0.507013659,MPP4
CTCAGCTGGAGTCGCGAC-1_larry4,2.287967348,-5.626577074,MEP
GCTTCACTCTTCCTGCTA-1_larry4,-0.562667942,4.853207891,GMP
CCTAAGAAGAGGTCACGT-1_larry4,2.787860179,-2.421644623,EryP
CCGGTTGAGGATCGCACT-1_larry4,-1.054632759,-0.092428635,GMP
TGCGTGCCAAAGAGAACT-1_larry4,-1.340399003,-0.475334774,MEP
ATGTCCTCCCCGCTATCC-1_larry4,-4.612539506,0.366636996,MPP4
GCACATGTTTCCAGCAGC-1_larry4,-0.61446104,1.595186298,GMP
CCGATGTTCTAGTGATCC-1_larry4,0.695276515,0.851808851,GMP
GACGGACTATAGGATGCC-1_larry4,0.957240486,2.182000701,GMP
GTGCACGAGAAGACTGGT-1_larry4,-4.308025575,0.526233559,MPP3
TATAATCGCTAGACCATG-1_larry4,-5.637895799,-1.786514695,pre/pro-B
GTCTACCAAACCTAGTTA-1_larry4,-0.962918258,2.904899423,GMP
CCATACGATCTTATTGAG-1_larry4,0.356859976,0.954923813,GMP
ATGGATATCCGAAGAGGT-1_larry4,4.371618295,-3.44369858,EryP
CGAACAATCGCCGTGAAC-1_larry4,2.750277782,-2.157625968,EryP
GATCGCACTTCTCAGGAT-1_larry4,4.585131908,-2.525018866,EryP
ATAGTCTCCGCGTCGTCT-1_larry4,1.67130127,-0.369697074,MPP3
ATCCACAGTAATCGTGTT-1_larry4,-0.727895951,6.39080364,MPP4
ATGAGTGTGGCTTACTAG-1_larry4,2.081882858,-2.098128254,MEP
GCCTGCATCGGATCAATG-1_larry4,-0.402922964,3.101672952,GMP
ACCGTCCTAACACATCTG-1_larry4,2.948689008,-1.62657779,MEP
ATGGTTCGACAATGTGCT-1_larry4,2.110182905,-1.663552339,MEP
TCTCGATGCTTCAACTAC-1_larry4,2.660376096,0.379025047,MEP
CCGGATTGCAACGAGGTG-1_larry4,2.033637667,-1.153762932,MEP
AGCCACTTCTAGTCGCAT-1_larry4,-6.013237214,-1.898143108,pre/pro-B
GTACCTAACTGCGACGTT-1_larry4,5.292384887,-2.117889221,EryP
GAGGTCACGACTTCGCAG-1_larry4,3.149312759,2.434883897,MPP3
CTGGTAATCGATTCCTCT-1_larry4,0.54264904,1.972274606,GMP
CCACAAGGTATATAGCGT-1_larry4,3.818969751,-3.253521855,EryP
ATGCGCCGTGCGAAGCTC-1_larry4,1.326233173,3.140592401,GMP
AGGTCAGCAAGCACACCT-1_larry4,-3.524555421,0.560222809,GMP
GGTGAGTTCCCATATGCC-1_larry4,-0.357759929,-0.4801114,MPP3
GCTGATGTCGGTTCGCAA-1_larry4,-2.005401349,-0.732220138,MPP4
AGTAAGCCAGTGCGAGTA-1_larry4,4.490578437,3.040236299,GMP
TTCCAGGAGTGCCATCTC-1_larry4,3.162880683,-1.985359723,MEP
CCTGCAGATACCGACGGT-1_larry4,-2.096233105,-0.694772566,GMP
CAGTAATGTGGTTCGCAA-1_larry4,3.836932683,-1.017044897,EryP
AATGCTGATGCTAGCTCC-1_larry4,3.16843226,2.593398874,MPP3
CCTCCAATCGAGTGTGCC-1_larry4,-2.037483668,2.563147848,GMP
ACGCAAGATCACGTCATA-1_larry4,-5.636988854,-1.233937318,MPP4
TAGGTTAGTCGATCCAGA-1_larry4,4.363761687,-1.339222009,EryP
AATCAGGAGGTGTCTGGA-1_larry4,2.055063033,-0.277989401,MPP3
GCGGAGATTGGACTATTC-1_larry4,0.497241074,1.633263056,GMP
GATGTAAGGGGATTACGC-1_larry4,-0.362803197,5.178473299,GMP
ACGATGACCAATGCACTT-1_larry4,2.326117182,3.602377718,GMP
AGACGGAGGTCTGGAGGA-1_larry4,3.611717248,-2.844037945,EryP
CTGACAGCAATGATAGCT-1_larry4,3.251251006,2.371046846,MPP3
TAAGGTGATCCAGTTACG-1_larry4,6.293627048,-2.063036497,MEP
CTGGACTAAACCATCTAA-1_larry4,0.203304911,0.924202745,MEP
TCTCGTATCGGTTCGCAA-1_larry4,2.387912774,3.093561952,MPP3
CACAACGCTCAGTACATC-1_larry4,2.169283772,-1.406770165,MEP
CTTCTATGAGTAACTCAT-1_larry4,-1.719254708,2.247824972,GMP
TAACACATCACGACAGTC-1_larry4,0.757242137,-1.817343647,MPP3
ATATAGCGTCCTCCAATC-1_larry4,-5.812340951,-1.471174772,pre/pro-B
CACTCACTAAACGAGAAT-1_larry4,-7.443215585,-2.871837313,pre/pro-B
ACTACTCATAGGTACCAA-1_larry4,2.560675764,2.755958383,MPP4
CTCCGCATTTGAACGTCA-1_larry4,0.291151428,0.55541045,MPP4
CAGTAATGTGTGGACTGG-1_larry4,-3.246634936,-4.195663626,MkP 2
GTCGCAGGTCCAATGCCT-1_larry4,-2.63958404,0.106398975,MPP3
AGTTATCGCTCGGTATCA-1_larry4,-0.314758038,-0.902974482,MPP3
GCCGAACCAGCCGTTGTT-1_larry4,2.772366548,-1.97325402,MEP
ACTATTGTCTGCCGAACT-1_larry4,-0.628043866,3.042430227,GMP
CGACAGGAACACGCGTAA-1_larry4,-5.480271554,-1.885981495,pre/pro-B
CATCTCGATGGTAATCTA-1_larry4,-1.79915688,0.693605547,GMP
ACACCGCCAACCGATCGA-1_larry4,-2.471049285,-3.144878323,MkP 1
TGATGTGTGCACTGCTTA-1_larry4,-2.079514241,1.528216307,GMP
ACACACGTCTGATCTCGG-1_larry4,0.253762597,2.939217632,GMP
GGTGATAGGACTTCTTGG-1_larry4,-1.985343671,2.861584013,GMP
CACGGAAGTGGTGTTCAT-1_larry4,3.147300983,-0.852550502,EryP
CATACGCAGCCGCTATCC-1_larry4,2.894911313,-3.332697089,EryP
GACTAGCATACACTAACG-1_larry4,5.114447856,-0.788015629,EryP
TTGTATCACAGCAGACAA-1_larry4,2.483770633,3.116277759,GMP
CTCCTATCTCAACCTGGT-1_larry4,3.084758067,-1.570295627,MEP
AGCTTGGTGAGCAACATT-1_larry4,0.327005351,1.59912843,GMP
GAGACTCGAAGACATATC-1_larry4,3.395342612,-0.446996684,EryP
CTTGATCTAAGCCAGGAC-1_larry4,-0.357891774,5.60326082,GMP
CACACCTGTAGACCACGC-1_larry4,-1.363093352,-0.977087851,MEP
CGAGCTTACCCACTTCGC-1_larry4,-1.871093249,-1.296690638,MPP3
GAGCATACACTATAGCTC-1_larry4,-0.536179638,-2.70978802,MEP
CTCTGCGGTCCTCCTTGT-1_larry4,-0.778397775,-0.619705076,MPP3
GCCTGGAATTCTAGTGAC-1_larry4,3.025728727,-1.839582856,EryP
GTCCGTAAGTGTCAACCT-1_larry4,-0.243796563,2.07231981,GMP
CTAGTATAGATTCCTACG-1_larry4,0.212190145,2.481978481,GMP
CCTGTCGACTAATCACGC-1_larry4,-3.04800961,-1.298121865,MPP3
TACCATGTATGATGACAG-1_larry4,1.000212842,2.631420438,GMP
ATGGATATCAGAGGTGAA-1_larry4,-2.961622453,3.359806602,GMP
GTTAGATTGGTTAGAGAC-1_larry4,-0.707061982,1.229119008,GMP
AGGATCTCATCCTCTAGT-1_larry4,-0.043773269,2.234141891,GMP
AGGTGTACAAGGAGGTGA-1_larry4,-2.484920716,-3.117009337,MkP 1
AACTGATTCGCAGCAGTG-1_larry4,-5.649093842,-1.337465579,pre/pro-B
AAGCAGCATCAGTAATGT-1_larry4,-5.690560555,4.740112608,GMP
AGTCCAGTGATCATTACG-1_larry4,-3.04839108,-4.179364378,MkP 2
CCGTTCCAAGTGCTCTTG-1_larry4,-0.683649516,2.574912851,GMP
ACTGTAATCTCACCGAGG-1_larry4,5.505717063,3.075499122,GMP
AGTTATCGCTGCATCGGA-1_larry4,-0.20243988,3.21119005,GMP
ATGAGTGTGCTGCTTAGG-1_larry4,-0.032576775,0.122583513,MPP4
CTCGCAAGAAATGCGTGC-1_larry4,1.489861751,0.41049773,MPP4
GTCCGCTCATGCAGCCTT-1_larry4,4.921924377,-3.05700701,EryP
GATCTAGAGACGCGTGAC-1_larry4,2.70742538,-1.721298511,MEP
CACGATAGAAATAACTCC-1_larry4,-0.457301354,-0.267476461,GMP
CTTGTAACGCAAGAGGAG-1_larry4,3.335966134,1.036977952,MEP
CCAAGCGAGCTGAGTCCA-1_larry4,-4.535285687,0.336227362,MPP3
ACGGTGCCTGCCGAACCA-1_larry4,4.026469255,-2.370569642,EryP
GACGTCAATCAGCCGCAA-1_larry4,-0.188636398,3.246461456,GMP
AGAATCAGATTGATGCTG-1_larry4,-1.901524758,2.816291635,GMP
GTGAATGCCATCCTCCGA-1_larry4,2.826428914,2.921770399,MPP4
TATGTATGCGGTAAGTGA-1_larry4,3.087645078,-0.095372568,MEP
ACGCTAGTGTAGTCGCAT-1_larry4,-3.292114234,-0.884430225,GMP
ACTCGTCTAACTGGTGCT-1_larry4,-0.842813587,-3.14413255,HSC/MPP1
TATACGGATGACCGTAGT-1_larry4,2.434369588,3.28248555,GMP
CACGCGTAATATTACTCG-1_larry4,-3.325306392,-1.080170567,MPP4
TCCTCGTCGTGCTCACAC-1_larry4,-0.768435693,3.038604562,GMP
GACTAGCATTAGCTGTTG-1_larry4,3.878515983,-0.597623194,EryP
CATCAATAGGAGTCGTAC-1_larry4,-0.130896485,1.980180566,GMP
AATTGGTGACGTTCCATT-1_larry4,-4.556780076,0.474769955,MPP4
TGTAGCAAGTTGGAGAAC-1_larry4,-5.41034863,-1.316420968,pre/pro-B
TGTGTCTACGCAACTCGC-1_larry4,0.687743636,-0.885528262,MPP4
TTCTCCACACGTTCGTAC-1_larry4,-0.164549327,2.439445083,GMP
CTCGCAAGAGTAATATCG-1_larry4,-1.49698112,-2.204184229,MPP3
CATGACGTTTCTGGAGGA-1_larry4,-5.214189744,-1.861455018,pre/pro-B
CAGTATGATATAGCCTAA-1_larry4,-4.017538762,1.480862563,GMP
AATTAGAGGCAGTACATC-1_larry4,-1.050447202,-0.428218419,MPP4
CTAGTATAGGTTAATTCG-1_larry4,1.78243258,-0.007220561,MPP3
GAATCACATGTCCTAGTT-1_larry4,-5.511497235,-2.09892791,pre/pro-B
CAATCTCCGACCGTCCTA-1_larry4,-4.085975385,1.290707891,GMP
CAATCAAGTTTGAGACGG-1_larry4,2.374964976,1.423890774,MEP
TATTACAGCGCATTGATC-1_larry4,-0.336456215,3.022514646,GMP
TCCATCATTCCTTCGAGC-1_larry4,-0.097779071,2.264936035,GMP
TCCTTCGTAGGTGTTCAT-1_larry4,-4.392898297,0.100146358,MPP3
AACAGCAGTTGATTCACC-1_larry4,4.897426391,-1.881246741,EryP
CTGGTGACAATAGCACGG-1_larry4,-1.07819078,5.212098901,GMP
TATCGAGCCAGTGTTCTG-1_larry4,0.854465091,-0.184269632,GMP
GGATACAATTGCAGTCGG-1_larry4,2.319232607,-3.15534919,MEP
GCTTAGAACACTGACTAC-1_larry4,-0.707997656,2.779193227,GMP
ATTCGCTTAGCAACTCGC-1_larry4,1.529079938,-1.121495898,MPP4
CCGTTCCAAAGCCAGGAC-1_larry4,2.896310115,-2.23122793,MEP
CCAATATACCTATCTTGA-1_larry4,3.324109817,-3.378696854,EryP
CGCTTGTAGCATAAGATC-1_larry4,3.870678449,1.068037932,EryP
CGGACAAGTCGATACTCT-1_larry4,0.361187124,-0.775399263,GMP
CACTGGTCCTAACACGAG-1_larry4,-1.246541715,-1.669720228,MPP3
TCGGATGTTACTGGACCA-1_larry4,-0.105952477,-2.003289874,MEP
ATCTTACAGGCGTAACAA-1_larry4,2.890811706,-0.833123202,EryP
TCCAATCATCGCATCTAC-1_larry4,0.750378715,1.349829977,GMP
ACAGGAACTACGATGGAA-1_larry4,2.507497692,3.389839714,MPP4
GGTACGAGCGACTAGCAT-1_larry4,-3.202371096,2.487090175,GMP
TTGACCTGACTCTCAGTC-1_larry4,-5.988926625,-1.281300182,pre/pro-B
GGTAGACATTGCTGCGTC-1_larry4,4.854514861,-2.876141245,MEP
CACTGCTTAACCTGCAGA-1_larry4,0.798644582,-0.378756466,GMP
ACCGACGGTGTAATCAGC-1_larry4,0.538298869,1.252507632,MPP4
TTCTGGTGCGTAACCATA-1_larry4,-5.621955132,-1.598005826,pre/pro-B
TCGACGTTGCAGTCCTAA-1_larry4,-0.498240208,-1.709303553,MPP3
ATTCCTACGAATCCGCTG-1_larry4,0.966116661,0.011956816,GMP
GTTGCATGGCAAGAGAGT-1_larry4,-0.699790811,1.411684816,GMP
TGCTATGAAGATCTACTT-1_larry4,-1.40156672,2.142624204,GMP
GAGGTCCTTATGAGGTAT-1_larry4,5.603847289,-0.516773428,EryP
GGATCAGGTTATTACTCG-1_larry4,4.186372781,0.644834225,EryP
CACGGATAGATCGTAGTG-1_larry4,-0.866199827,-0.089230175,MPP4
TTGACCTGAATGAGATCC-1_larry4,-1.836115813,3.371425216,GMP
GGTTACGCATTGCCAGAT-1_larry4,-0.469766831,2.417535131,GMP
GAGGTCACGAGCCTCTAG-1_larry4,-6.613863206,-1.733909423,pre/pro-B
ACCGGAAGGCATGGTCGA-1_larry4,-2.217041468,0.08633319,GMP
CAATGCATTTGGACGAGA-1_larry4,1.264481747,2.135265415,GMP
GGAAGAAGCGAAGAGCAC-1_larry4,-1.443704581,2.32215101,GMP
CCGGTTGAGTCTTGGTAG-1_larry4,4.885627532,-3.203441794,EryP
GGTCGGATACTAGTGCTG-1_larry4,-7.518547273,-2.846219952,pre/pro-B
TTCGCTGAGATGAGTGTG-1_larry4,-0.192312515,0.516313737,MPP4
CATGGTTACTTCTCCACA-1_larry4,2.000009203,-1.609728153,MEP
ACAATAGGTCCTGTATCT-1_larry4,2.770906711,-2.889311488,EryP
TTGGTAACTCGACCACTT-1_larry4,4.903540397,-3.05101722,EryP
TAGTGCACTTGCGACGTT-1_larry4,-1.128816581,-2.806580002,HSC/MPP1
CCGATACCGCACATGTGC-1_larry4,0.901333058,3.051507061,GMP
CTTGGTCATGCGATGGTG-1_larry4,-0.030249333,2.91521055,GMP
ACCGGTTACCCATATGCC-1_larry4,2.034420395,0.90663976,MPP3
AATCAGGAGGCCGAACCA-1_larry4,4.033502364,-0.60970148,EryP
GATTAGACACACCTCGGA-1_larry4,-0.820729112,0.120342856,MPP4
CCATATGCCCGTTCGTAC-1_larry4,-0.186190045,2.269491737,GMP
AGATCGAGTTTCACTCCT-1_larry4,-5.785534119,-1.225546772,pre/pro-B
CAATGCATTCTGGTCGGT-1_larry4,-0.584532595,-1.900038297,MPP3
AGCCTCTAGGCCACGAGT-1_larry4,3.850816512,-3.208260949,EryP
GAACCTTCATAACGTGTC-1_larry4,-3.327551102,2.509358232,GMP
TGCGACGTTGTCAGCGTC-1_larry4,-0.293206191,2.65375859,GMP
ACTGGACCACGTCAGCAC-1_larry4,4.56349113,-2.781832631,EryP
CGATTCGAGTGAACGGTT-1_larry4,0.012926424,1.408572738,GMP
ATTGATTGGCGAAGAGGT-1_larry4,2.633253718,-1.285951133,MEP
ACCATACTTTGTCTACAC-1_larry4,-2.075819468,-3.049090559,HSC/MPP1
CACCTAGCGGGATACCTA-1_larry4,4.377359653,-2.424394066,EryP
GCTGATGTCCGTGCCTAT-1_larry4,-4.572390771,-1.495938475,pre/pro-B
TATCGAGCCGTGGTTACC-1_larry4,-0.908014631,3.167667692,GMP
TCACAGGTATCAGTGCAA-1_larry4,2.96736815,-0.177253212,MEP
GCCTTATCTGGATACCTA-1_larry4,-1.556907153,-0.256257283,MPP4
TTCGCTGAGCTGAGTAGC-1_larry4,4.211200261,-4.135162289,EryP
CAGCCGCAAATCATTACG-1_larry4,-3.070476508,-4.080169375,MkP 2
TCTATTAGGCCTAGAGTA-1_larry4,-0.630508399,-2.154811437,MPP3
GAGGTGAGCATCCTCCGA-1_larry4,2.789934898,-2.656642849,EryP
GAGGTGAGCCATAGTATG-1_larry4,-2.252063727,-1.965171392,MPP4
GTGCTAAGCCAACTCCAG-1_larry4,-0.640701508,-2.429970677,MPP3
GTATCGTCGGACATAACG-1_larry4,1.290638828,2.090196436,GMP
CGGTTGCGATTGGTAACT-1_larry4,-1.08436749,-0.46182626,MPP4
ATGAGGTATATGGACGTT-1_larry4,2.479517842,2.44511873,MPP4
CTCCGCATTCGGACAAGT-1_larry4,-4.502955174,0.221332555,MPP3
CGCTTGTAGGCTCCTAGC-1_larry4,1.255262101,1.896673029,GMP
ACGTGAATCAGTCGCCGA-1_larry4,2.580109263,-1.909393604,MEP
ATTAAGACCCCTGTTAGC-1_larry4,-3.438293671,-1.007255967,GMP
CCACGAAGGATCCACAGT-1_larry4,-1.21735785,3.129599636,GMP
ACCTAGCACGTGATGTGC-1_larry4,-0.160134172,6.380545442,MPP3
CGTTCGTACCTGAGATAG-1_larry4,-5.2994735,-1.484025891,pre/pro-B
CAGCTCTTCGCGTTCAGA-1_larry4,-1.994452691,-2.230524714,MPP2
ATGAGGTATACCATCTAA-1_larry4,5.407014156,-0.59270593,EryP
ACTCACGAAGGACGAGCA-1_larry4,-1.926819777,2.955870454,GMP
GATCTAGAGCCTCGCGTT-1_larry4,0.7531437,1.192030971,MPP4
AGCTGCACTATCATGTTC-1_larry4,1.847811842,3.927172487,GMP
TCCAATCATATTGATTGG-1_larry4,2.01679411,-0.473957519,MEP
TGTCGTACAGGATCAATG-1_larry4,-3.23639462,-4.229592736,MkP 2
GTCTGACGTACATGGATT-1_larry4,-0.31921289,0.992853587,MPP4
TCGCTTAACGTCCACAAC-1_larry4,0.935457999,-0.970377619,GMP
AAGCCACACTAGTAGTCT-1_larry4,0.714442873,2.031990116,GMP
GGATCGTTCCCTCGCGTT-1_larry4,-0.863695717,-3.202785189,HSC/MPP1
GCCTGCATCTTGCGAACA-1_larry4,5.572385574,-2.37651294,EryP
CTTCTGAGTTTCTCCACA-1_larry4,-0.267727351,1.503933852,GMP
CGGTGAGTCCGCTTGTAG-1_larry4,2.194627547,3.437833612,GMP
CACAGCGAATCTAGGATG-1_larry4,1.467251265,3.356072252,GMP
CTGCATGTTGAGCACATT-1_larry4,-0.69543395,0.4837215,GMP
AACTGATTCGGTGAGCGT-1_larry4,-1.917298293,-0.211801025,MPP4
TAGGATTAGAACTCCATG-1_larry4,4.441132331,-3.224255974,EryP
ACGATGACCTGAGACAGC-1_larry4,1.578542435,-1.128689761,MPP3
ACTTCTTGGCCATAATCG-1_larry4,4.219442392,-2.610792096,EryP
CAGCTCTTCAGTAATCAG-1_larry4,4.491548562,-4.148761208,EryP
CTGCAAGCCATACTTGCT-1_larry4,0.9241597,2.205573862,GMP
CCGATGTTCTAACACATC-1_larry4,0.130842471,4.042832677,GMP
GGTGATAGGACTTCAGTA-1_larry4,-3.448802686,-1.117970462,MPP4
TATCTAGGTAGAAGAGTC-1_larry4,-0.790415501,-0.3061419,GMP
AGAAGCTGCCATCCAGGA-1_larry4,4.402940297,-3.389505799,MEP
ACGTGTAGTATGCGCCGT-1_larry4,0.245811933,4.209397619,GMP
CGACAGACCTAAGCACTA-1_larry4,5.427733684,-0.644352789,EryP
GAACTCGTAAGCAACATT-1_larry4,0.817585701,0.026832734,GMP
ATCCACAGTATTAGCGGT-1_larry4,-0.704655862,-2.467939074,MPP3
CATAGAGATCGTATCGAA-1_larry4,4.606481815,-4.207212384,EryP
TCTCATCGGCCTAGTCTC-1_larry4,2.507591391,2.881709402,MPP4
ACATTGACATGAGTTAAG-1_larry4,2.353870773,-2.483521874,MEP
CTCCACGTCCGGTCGACA-1_larry4,0.97866773,2.955904787,GMP
CCTCATAACAGCCAGGAC-1_larry4,-4.572964406,-1.485107,pre/pro-B
GCGGTAAGTTCCAGAACG-1_larry4,2.311921263,3.773324316,GMP
CCAGTTACGAGGAATTGG-1_larry4,-0.276448703,0.902060096,GMP
ATCGCCTCTAGGTGTACA-1_larry4,-1.276644802,3.100110357,GMP
TCCGATCTGCAACTCCAG-1_larry4,3.613421226,-2.913649971,EryP
CTGAGTAGCCATAAGATC-1_larry4,-0.64257226,-0.117588172,MPP4
CAGTGCCATCATTGTTCA-1_larry4,2.215474868,3.378194635,GMP
AACAGATCGGTCGACATT-1_larry4,-1.398068404,-0.52490903,MPP4
ATACTTGCTGTAACCATA-1_larry4,4.171936059,-2.116427596,EryP
CTAACTAAGTGGTCGCTA-1_larry4,6.226298595,-2.725181992,EryP
AAGCATTGCTACCTATCC-1_larry4,0.050978923,-0.462839166,MPP4
GCACAGTAATGAGCAGAT-1_larry4,-2.395412898,-2.877716954,MkP 1
AAGGATACGCAGGATCAA-1_larry4,-0.078197276,1.742433851,GMP
CCGACGTCAAGCCAGGAC-1_larry4,-2.937881923,2.358228033,GMP
AACCATGGTGAACTATGG-1_larry4,-0.594725466,0.163030868,GMP
GAAGAGCACCGTACATCT-1_larry4,-0.98129735,1.5322066,GMP
CTGGTGACAGGTCGGATA-1_larry4,0.926662439,-0.740257437,GMP
GCGACACAGCACACTGCC-1_larry4,-0.313895678,0.691331153,MPP4
TGCCGCTACAATACCTTG-1_larry4,-5.853872514,-1.657761152,pre/pro-B
TCCACCGGTGAACCTTCA-1_larry4,4.695423389,-4.314341242,EryP
ATAATGTGGCATGGTCGA-1_larry4,-3.45690844,-1.060085113,MPP4
CAACGTCTTCGGTAGCTT-1_larry4,-0.046611404,3.09693176,GMP
CTCTCAGTCCATCGCTGG-1_larry4,5.031965041,-3.116455252,EryP
CCTAGTCTCGACGCTTGC-1_larry4,-1.031508422,-3.372453864,HSC/MPP1
TTCAGTGCCATGAGGTAT-1_larry4,-0.013171947,2.939058845,GMP
ATGAGGTATAGTCAGTTG-1_larry4,-3.461842275,0.147266691,GMP
CTCCGCATTGAACAACCA-1_larry4,-4.579490876,0.675077145,GMP
CGCCATTACCCGGATTGC-1_larry4,2.9692271,-1.245002384,MEP
CAATCTCCGTGGAATCGT-1_larry4,0.388706738,0.374607031,MPP4
CACAACGCTGGAGAATGA-1_larry4,0.439836288,4.227633302,MPP4
GCGGAGATTTGTCGTGAG-1_larry4,2.988894725,0.109287595,MEP
TGATGACAGCTAGACATG-1_larry4,4.232656503,-3.240372593,EryP
TCCAATCATCTAACTAAG-1_larry4,0.125260019,2.349841182,GMP
ACACTGTGATTCTGAATG-1_larry4,-0.540703273,2.997830455,GMP
CAACACTCCGCGCTAGAA-1_larry4,-5.739053464,-1.761224563,pre/pro-B
TTGCGAACATCGTACCTT-1_larry4,-0.939783549,4.920734232,GMP
AACACACTCTTCCAGATT-1_larry4,-0.032297766,2.562810485,GMP
CCAGTCTCAACGTCGCTC-1_larry4,-3.211745953,-4.227472241,MkP 2
GTCAATACACATCCGACA-1_larry4,-1.10803709,5.032549207,GMP
AACAATGCATTAGCGTCT-1_larry4,5.61470058,2.933578556,GMP
TTCCTTGACTCCGGAGCT-1_larry4,1.260948205,3.816264932,GMP
GAGATACACCCATATGCC-1_larry4,-2.146993136,-0.136275957,GMP
GTTAGATTGCACCTCAAC-1_larry4,0.392628366,-1.946563775,MPP2
TCCTGAGACATGCAGTTC-1_larry4,5.013291621,-3.687882597,EryP
TGAAGACCAACAACCGGA-1_larry4,-0.510865784,-1.15362155,MPP4
GGACAGATTGCTGGTAAC-1_larry4,-0.540875172,-0.580420728,MPP3
AGGTGCGAGATACTTGCT-1_larry4,-0.970244384,0.188974624,GMP